,lr,max_depth,gamma,lambda,alpha,subsample_f,colsample_f,ACC,LogLoss,ACC_SPH_9,ACC_BH_n4_M8,ACC_BH_n2_M10,ACC_BH_n4_M10,ACC_BH_n6_M10,ACC_BH_n4_M12,n_trees,Training time,Time,ACC_train,ACC_val,Loss_train,Loss_val
0,0.01,1,0.0,0.0,0.0,0.25,0.25,0.45775,1.3700723785866404,0.8682286473911599,0.558124009012768,0.30180330606111205,0.10665998998497747,0.23215027844734437,0.6783986655546289,10000.0,0:02:24.859910,14798603.461500404,0.49266666666666664,0.49266666666666664,1.2923706505423558,1.3047947443489296
1,0.01,1,0.0,0.0,0.0,0.25,0.5,0.4592361111111111,1.3645966387793909,0.8649995846141065,0.5548597194388778,0.3020245602389645,0.11051618840458462,0.23440374644589396,0.6856287425149701,10000.0,0:02:24.468658,14798748.000331871,0.4950333333333333,0.4950333333333333,1.2868378754162622,1.300481132422962
2,0.01,1,0.0,0.0,0.0,0.25,0.75,0.46145833333333336,1.3604227704558376,0.8671571463999339,0.5588407739341653,0.3030964168834438,0.11253644314868805,0.2352843503528435,0.6890055847295157,10000.0,0:02:25.117977,14798893.188080404,0.49606666666666666,0.49606666666666666,1.2845004540873857,1.298741617578625
3,0.01,1,0.0,0.0,0.0,0.25,1.0,0.46,1.3621229541775748,0.865506329113924,0.5586885792942354,0.3067602573744464,0.11305506956594184,0.232733604178758,0.6843995323200267,10000.0,0:02:20.217028,14799033.475482732,0.49611666666666665,0.49611666666666665,1.2829662678412739,1.2977503324755624
4,0.01,1,0.0,0.0,0.0,0.5,0.25,0.45229166666666665,1.3793002170242563,0.8669946631087392,0.5451485315156105,0.3026877668927405,0.10426148117501034,0.22718237535199604,0.671379855277385,10000.0,0:02:24.649379,14799178.194665506,0.48878333333333335,0.48878333333333335,1.3010874243144848,1.3132217066378022
5,0.01,1,0.0,0.0,0.0,0.5,0.5,0.45534722222222224,1.3759769489431928,0.8629353233830845,0.5518165076176126,0.30698606126366745,0.10612892451569807,0.22761596548004315,0.6752878358084432,10000.0,0:02:24.886140,14799323.151849423,0.49091666666666667,0.49091666666666667,1.2970686321909441,1.3103233496627718
6,0.01,1,0.0,0.0,0.0,0.5,0.75,0.4548333333333333,1.375082876721606,0.863291982349513,0.5518044237485448,0.3063894013080664,0.11035737921906022,0.22531223980016654,0.6741770667560097,10000.0,0:02:24.986702,14799468.207786487,0.49166666666666664,0.49166666666666664,1.2953410228712408,1.3091529451376862
7,0.01,1,0.0,0.0,0.0,0.5,1.0,0.45529166666666665,1.373238978108092,0.8651629072681705,0.5523833375073044,0.3015846677175807,0.10939446797906803,0.22794117647058823,0.6778417146192978,10000.0,0:02:20.414771,14799608.692388726,0.4919,0.4919,1.2943286362147948,1.308411733442038
8,0.01,1,0.0,0.0,0.0,0.75,0.25,0.45080555555555557,1.3825352654763627,0.8656827792057044,0.5420623021822422,0.3019134775374376,0.09964859437751004,0.22386316228619108,0.668503674014696,10000.0,0:02:24.080050,14799752.84316761,0.48591666666666666,0.48591666666666666,1.3069136688381588,1.3190270661934693
9,0.01,1,0.0,0.0,0.0,0.75,0.5,0.4512083333333333,1.3817438336617562,0.8668717778147348,0.5448530027640506,0.3015912688494543,0.10251098035965857,0.22422680412371135,0.6704364580715423,10000.0,0:02:23.991950,14799896.904307207,0.48751666666666665,0.48751666666666665,1.3041861458848367,1.317043769750537
10,0.01,1,0.0,0.0,0.0,0.75,0.75,0.45163888888888887,1.3810820754324793,0.8657472792223976,0.5442647549183061,0.2967483072807824,0.1034195856560446,0.22557077625570776,0.6748743718592964,10000.0,0:02:24.717385,14800041.691840364,0.48773333333333335,0.48773333333333335,1.3030512461540027,1.3163133586967468
11,0.01,1,0.0,0.0,0.0,0.75,1.0,0.45295833333333335,1.3810719301867793,0.8660171538013157,0.5442625688992818,0.3047976637463496,0.1021021021021021,0.22696984840912876,0.6723708257185579,10000.0,0:02:20.869592,14800182.62879382,0.48828333333333335,0.48828333333333335,1.302390277826898,1.3159008470394442
12,0.01,1,0.0,0.0,0.0,1.0,0.25,0.44675,1.3923717892512641,0.8652759308510638,0.5345864661654135,0.3008634420320228,0.09567952325773879,0.21891374864842386,0.6669174189234369,10000.0,0:02:26.037871,14800328.737267133,0.48235,0.48235,1.3157118266860672,1.326981151745603
13,0.01,1,0.0,0.0,0.0,1.0,0.5,0.4470138888888889,1.3940387212813143,0.8655160913790229,0.5393033163478406,0.30135844653721144,0.09458103361766182,0.21796040096098088,0.6637794619805114,10000.0,0:02:25.702222,14800474.50973977,0.48255,0.48255,1.3152395903226841,1.3267200900971785
14,0.01,1,0.0,0.0,0.0,1.0,0.75,0.4473888888888889,1.3911747666097762,0.8670674682698731,0.5369847074468085,0.3000416146483562,0.09353059177532598,0.21712231418777694,0.6676070361765682,10000.0,0:02:25.636431,14800620.215068342,0.48233333333333334,0.48233333333333334,1.315198976097089,1.3266859572375607
15,0.01,1,0.0,0.0,0.0,1.0,1.0,0.4476805555555556,1.391077212404461,0.867514218802275,0.5400369313412792,0.3003764115432873,0.09425516040785874,0.22056755191528088,0.668024948024948,10000.0,0:02:19.965586,14800760.250931684,0.4826,0.4826,1.3152150889155338,1.3267554335271319
16,0.01,1,0.0,0.0,0.1,0.25,0.25,0.45795833333333336,1.3698791698024426,0.8661802503938314,0.5528421403567261,0.30112021401103495,0.10612006345495534,0.23454211229946523,0.6824829649326907,10000.0,0:02:26.298258,14800906.619420595,0.49206666666666665,0.49206666666666665,1.2925309749383034,1.304857083553914
17,0.01,1,0.0,0.0,0.1,0.25,0.5,0.45902777777777776,1.366906962226116,0.8634738505030348,0.5535521395928542,0.3052105043768237,0.11100940334526088,0.2351961355875739,0.6866347847973824,10000.0,0:02:26.432992,14801053.12265934,0.4948666666666667,0.4948666666666667,1.2869763100218368,1.3004882705938847
18,0.01,1,0.0,0.0,0.1,0.25,0.75,0.46018055555555554,1.3633007233956684,0.864743162108072,0.5594411444825567,0.30365487316421896,0.11334385119986715,0.23932050961778667,0.6820866960645644,10000.0,0:02:26.842747,14801200.035957089,0.49573333333333336,0.49573333333333336,1.2846685812697662,1.2987698061395074
19,0.01,1,0.0,0.0,0.1,0.25,1.0,0.4603055555555556,1.3632008293410862,0.866295032864631,0.5602510460251046,0.3037468776019983,0.1133841311909889,0.23863068465767118,0.6827736370488234,10000.0,0:02:21.752701,14801341.859069085,0.4964,0.4964,1.283110355502714,1.2977387281132138
20,0.01,1,0.0,0.0,0.1,0.5,0.25,0.4524861111111111,1.3800079258162772,0.8638226683396069,0.5486238532110091,0.3029443656685295,0.10235108415718203,0.22743171219187208,0.6720738707262292,10000.0,0:02:26.300381,14801488.228249844,0.48865,0.48865,1.3012168298935973,1.3132941511471807
21,0.01,1,0.0,0.0,0.1,0.5,0.5,0.45566666666666666,1.375315775555392,0.8647270295125825,0.551847835154751,0.30632575128673417,0.10536028856639544,0.2285240464344942,0.6775883575883576,10000.0,0:02:26.339807,14801634.63693316,0.49083333333333334,0.49083333333333334,1.297192455044444,1.3103778185383417
22,0.01,1,0.0,0.0,0.1,0.5,0.75,0.45544444444444443,1.3757430030978812,0.8657426734574601,0.5502958579881657,0.30222369182441927,0.11012626473785433,0.229984104408935,0.6739908447773616,10000.0,0:02:27.272906,14801781.98043258,0.4915833333333333,0.4915833333333333,1.2954721253741106,1.3091757217188262
23,0.01,1,0.0,0.0,0.1,0.5,1.0,0.4553055555555556,1.372907703162832,0.8653460381143431,0.552468370131481,0.3033642207195926,0.10906821963394343,0.22818568214017834,0.675177898702386,10000.0,0:02:22.511629,14801924.562324824,0.49173333333333336,0.49173333333333336,1.294441593453937,1.3084129029024496
24,0.01,1,0.0,0.0,0.1,0.75,0.25,0.45081944444444444,1.383789189740572,0.8663775127199933,0.539731768650461,0.30169604812432116,0.10146617794068644,0.22274881516587677,0.6725436636040063,10000.0,0:02:27.542761,14802072.175739983,0.4859833333333333,0.4859833333333333,1.307006816951204,1.3190913993054483
25,0.01,1,0.0,0.0,0.1,0.75,0.5,0.4505416666666667,1.3846407150545124,0.8634007691021568,0.5434691657601874,0.30283333333333334,0.1027990669776741,0.22575057736720555,0.6698720628815118,10000.0,0:02:26.852292,14802219.097878885,0.48723333333333335,0.48723333333333335,1.3042789961851085,1.3170942815382862
26,0.01,1,0.0,0.0,0.1,0.75,0.75,0.452875,1.3815563299209201,0.8667557188178326,0.5491440501043842,0.3046901172529313,0.10292280789407944,0.22718253968253968,0.6688051991334778,10000.0,0:02:27.038242,14802366.206469595,0.48773333333333335,0.48773333333333335,1.3031474143661859,1.3163677177575106
27,0.01,1,0.0,0.0,0.1,0.75,1.0,0.4527361111111111,1.3798268010626986,0.8664668664668664,0.5472595311587554,0.29980850886687205,0.10364285121566676,0.22846347607052897,0.6698811206251559,10000.0,0:02:21.864986,14802508.141928593,0.48833333333333334,0.48833333333333334,1.3024770486020212,1.315898504342056
28,0.01,1,0.0,0.0,0.1,1.0,0.25,0.4476111111111111,1.3922242162549578,0.8675524358652962,0.5336099585062241,0.29994988306047443,0.09723490824545379,0.21827453603076408,0.6699150424787607,10000.0,0:02:26.206081,14802654.417767031,0.4822666666666667,0.4822666666666667,1.3157756892601378,1.3270005961074494
29,0.01,1,0.0,0.0,0.1,1.0,0.5,0.44808333333333333,1.39172395037311,0.8647326978864484,0.5413027202395807,0.2976557937765913,0.09620041753653445,0.2197866311051842,0.6663041659695499,10000.0,0:02:26.317789,14802800.80619746,0.48228333333333334,0.48228333333333334,1.3153108881368087,1.3267448035754368
30,0.01,1,0.0,0.0,0.1,1.0,0.75,0.4472777777777778,1.391414469053077,0.8675791418255101,0.5397510373443983,0.3011226611226611,0.09283930058284763,0.21918837675350702,0.6655860349127182,10000.0,0:02:26.087882,14802946.96322422,0.4821666666666667,0.4821666666666667,1.315267249585632,1.326707735757033
31,0.01,1,0.0,0.0,0.1,1.0,1.0,0.44783333333333336,1.3932393602715978,0.8646856375388231,0.5412828810887064,0.30063631104867367,0.09472542146553163,0.2196652719665272,0.6683329167708073,10000.0,0:02:20.749115,14803087.782835333,0.48255,0.48255,1.31528114137582,1.326770832381263
32,0.01,1,0.0,0.0,1.0,0.25,0.25,0.45729166666666665,1.369192483575463,0.8664109406270847,0.5559883961873187,0.29968243356175833,0.10460531834577635,0.23031512430365012,0.6836811039986699,10000.0,0:02:25.751696,14803233.603278846,0.49101666666666666,0.49101666666666666,1.2943879662840345,1.305877565166499
33,0.01,1,0.0,0.0,1.0,0.25,0.5,0.4590416666666667,1.3651119718535774,0.8673945657609602,0.558451290591174,0.3022561380225614,0.11066699975018736,0.2334702086650465,0.6818409204602301,10000.0,0:02:26.739216,14803380.413065689,0.4938166666666667,0.4938166666666667,1.2887514109238953,1.3013093568933352
34,0.01,1,0.0,0.0,1.0,0.25,0.75,0.45844444444444443,1.3656660120249553,0.8659948363454651,0.5550716140380266,0.30254618072890666,0.11139788527183415,0.23312677943393068,0.680708433336092,10000.0,0:02:26.354597,14803526.83854197,0.49448333333333333,0.49448333333333333,1.2864074039033644,1.2995859647414698
35,0.01,1,0.0,0.0,1.0,0.25,1.0,0.46055555555555555,1.3615547161181705,0.8636853895295777,0.5611474584801208,0.3022905868583849,0.11568660207150017,0.2348020540003313,0.6843638179246068,10000.0,0:02:22.199800,14803669.107155137,0.4952666666666667,0.4952666666666667,1.284815100416302,1.2985501899801246
36,0.01,1,0.0,0.0,1.0,0.5,0.25,0.4539166666666667,1.3788484688865632,0.8658556907182137,0.5512585430905151,0.3031768531643459,0.10468411401900317,0.226955074875208,0.6719492868462758,10000.0,0:02:27.288314,14803816.46472179,0.4882,0.4882,1.30239825424018,1.313957376853718
37,0.01,1,0.0,0.0,1.0,0.5,0.5,0.45525,1.3763926721681674,0.8633907042487736,0.5505308033102064,0.3062296722541906,0.10765250771926896,0.2289226679956807,0.6743352504792864,10000.0,0:02:27.519209,14803964.054752804,0.4904,0.4904,1.298375811394987,1.3109649660921552
38,0.01,1,0.0,0.0,1.0,0.5,0.75,0.4544166666666667,1.3763071110510865,0.8643982987240431,0.5489198431895904,0.3035521171283587,0.11099137931034483,0.22827356130108423,0.6736709920468815,10000.0,0:02:26.688035,14804110.81376914,0.4910333333333333,0.4910333333333333,1.296648012346981,1.3098016140768562
39,0.01,1,0.0,0.0,1.0,0.5,1.0,0.455875,1.3732735256444129,0.8613598673300166,0.5528204272363151,0.3041673584592396,0.10773364682173146,0.2306664439619175,0.67356780577035,10000.0,0:02:21.898371,14804252.783201708,0.4915833333333333,0.4915833333333333,1.2956324271941713,1.3090791315553554
40,0.01,1,0.0,0.0,1.0,0.75,0.25,0.44922222222222224,1.3855264226588677,0.8645989661497415,0.5402827741989459,0.3041631973355537,0.10248138957816377,0.21753301019555407,0.6691415700342037,10000.0,0:02:27.202879,14804400.057069138,0.4858166666666667,0.4858166666666667,1.307863264315551,1.3195217379234834
41,0.01,1,0.0,0.0,1.0,0.75,0.5,0.45125,1.3817055709904829,0.8649230259890747,0.5413521221271599,0.3005099055420881,0.102332143746369,0.22542966794593694,0.6714452408734789,10000.0,0:02:26.624072,14804546.751997449,0.4869,0.4869,1.305137403957475,1.3175217450392536
42,0.01,1,0.0,0.0,1.0,0.75,0.75,0.4535,1.3808297738649873,0.8684648684648685,0.5449461647608714,0.30631982657995666,0.10356664434025452,0.2241021813054657,0.6724941724941725,10000.0,0:02:27.382339,14804694.205332076,0.4876,0.4876,1.3039974586790293,1.3168213134261055
43,0.01,1,0.0,0.0,1.0,0.75,1.0,0.4515416666666667,1.3820717781628786,0.8640591263909649,0.5460081755234838,0.30118077498752704,0.10370001659200266,0.2240267894516534,0.6707684580612757,10000.0,0:02:22.532734,14804836.80904786,0.48788333333333334,0.48788333333333334,1.3033250426359213,1.316363345600613
44,0.01,1,0.0,0.0,1.0,1.0,0.25,0.44684722222222223,1.392188616258109,0.8659217877094972,0.5338208409506399,0.30046082949308756,0.09546737506226133,0.21818333056063882,0.6687552213868003,10000.0,0:02:26.638001,14804983.518335355,0.48235,0.48235,1.3163825086272893,1.3273242017096425
45,0.01,1,0.0,0.0,1.0,1.0,0.5,0.44675,1.3926635173190172,0.862849979105725,0.5381720879672214,0.3028028028028028,0.09472114029999171,0.21685346616853465,0.6697561790247161,10000.0,0:02:26.119057,14805129.708362706,0.48173333333333335,0.48173333333333335,1.3159130653540876,1.3270718797432879
46,0.01,1,0.0,0.0,1.0,1.0,0.75,0.44822222222222224,1.3907781208650165,0.8665999666499916,0.5389041781336003,0.30160980899157563,0.09485867650759038,0.21634854771784232,0.6688791172322244,10000.0,0:02:26.300504,14805276.079582943,0.48191666666666666,0.48191666666666666,1.3158679757609508,1.3270247767815988
47,0.01,1,0.0,0.0,1.0,1.0,1.0,0.4470972222222222,1.3913322595222979,0.8677754677754678,0.5361844863731656,0.2992446252178966,0.09516679144829882,0.22001508674880563,0.6628495560534395,10000.0,0:02:21.685278,14805417.83561897,0.4820333333333333,0.4820333333333333,1.3158843080703024,1.3270918522577009
48,0.01,1,0.0,0.1,0.0,0.25,0.25,0.4573888888888889,1.3703507274020277,0.8678535606820461,0.5553696888591502,0.30096121975472323,0.1077819392426134,0.23417932876941058,0.6803394625176803,10000.0,0:02:26.087386,14805563.992026014,0.49225,0.49225,1.2923996368297366,1.3047632650957288
49,0.01,1,0.0,0.1,0.0,0.25,0.5,0.4592777777777778,1.3649816960867622,0.8630228295284119,0.5567044696464309,0.303752833515238,0.11117578579743888,0.23349745472753067,0.6851729273539633,10000.0,0:02:26.535179,14805710.598063445,0.49528333333333335,0.49528333333333335,1.2868646186745487,1.300400517224955
50,0.01,1,0.0,0.1,0.0,0.25,0.75,0.4605,1.361657398812238,0.8658345044225841,0.5566700100300903,0.3070460028283837,0.1125219279926489,0.23429144385026737,0.6828616745972118,10000.0,0:02:26.435617,14805857.10488808,0.4955833333333333,0.4955833333333333,1.2845377812228107,1.2986979927078355
51,0.01,1,0.0,0.1,0.0,0.25,1.0,0.46019444444444446,1.3626287321854265,0.8647585572014395,0.5579227696404794,0.3038239477867961,0.11362502079520878,0.23551930758988016,0.6865349493607836,10000.0,0:02:21.313878,14805998.48977723,0.49623333333333336,0.49623333333333336,1.283001734467978,1.297700920515409
52,0.01,1,0.0,0.1,0.0,0.5,0.25,0.45431944444444444,1.3780621108951523,0.8649099399599733,0.5489738027698983,0.3058442098262532,0.10446272749937671,0.22695449241540255,0.6771442902524661,10000.0,0:02:26.636401,14806145.197740272,0.4886333333333333,0.4886333333333333,1.3011239013464335,1.3132435235996316
53,0.01,1,0.0,0.1,0.0,0.5,0.5,0.45566666666666666,1.3739653930810725,0.8664497831164498,0.550533689126084,0.30036046609103867,0.1079910007499375,0.229057700290577,0.6792029887920299,10000.0,0:02:26.704329,14806291.972023224,0.49091666666666667,0.49091666666666667,1.2971020344592126,1.31029338933261
54,0.01,1,0.0,0.1,0.0,0.5,0.75,0.45493055555555556,1.3744039299401647,0.8650588333472419,0.5523348091220449,0.3030931254664566,0.10464535464535464,0.22918927945228354,0.676779463243874,10000.0,0:02:26.560662,14806438.603183473,0.49166666666666664,0.49166666666666664,1.2953830064541525,1.3091443536362817
55,0.01,1,0.0,0.1,0.0,0.5,1.0,0.45640277777777777,1.3739429948111979,0.8637086647132691,0.5556295802798135,0.3024370095002065,0.11045630577538307,0.22864761269894177,0.6760341540247037,10000.0,0:02:20.977190,14806579.64987392,0.4915,0.4915,1.2943589515906593,1.3084011143068783
56,0.01,1,0.0,0.1,0.0,0.75,0.25,0.45116666666666666,1.383412536102184,0.865972511453561,0.5419618301525128,0.3013013013013013,0.10290456431535269,0.22645440906817804,0.6702341137123746,10000.0,0:02:26.269475,14806725.99040048,0.48596666666666666,0.48596666666666666,1.30694090951705,1.3190538895582367
57,0.01,1,0.0,0.1,0.0,0.75,0.5,0.45069444444444445,1.3838747742872262,0.8622444722569879,0.5434003168514967,0.3011047429188471,0.10159312703311368,0.22748028227480283,0.6708511172483053,10000.0,0:02:25.352596,14806871.412769465,0.4875,0.4875,1.3042104731030946,1.3170500466317558
58,0.01,1,0.0,0.1,0.0,0.75,0.75,0.45084722222222223,1.3823051061572134,0.8635339287204741,0.5418583256669733,0.30334640741049823,0.10113484646194927,0.22572876006976164,0.6695702671312428,10000.0,0:02:26.971062,14807018.454380512,0.48765,0.48765,1.3030815970715834,1.3163298261118017
59,0.01,1,0.0,0.1,0.0,0.75,1.0,0.45311111111111113,1.37985829862619,0.8667110963012329,0.5429095150808199,0.3015222482435597,0.10456146235116552,0.2281622116745774,0.6702470461868958,10000.0,0:02:21.047752,14807159.5723704,0.48838333333333334,0.48838333333333334,1.3024083373012816,1.3158841038684672
60,0.01,1,0.0,0.1,0.0,1.0,0.25,0.44858333333333333,1.3915824190089285,0.8665835411471322,0.5377256467847933,0.3024106400665004,0.0961169102296451,0.21956304202801868,0.6682563587684069,10000.0,0:02:25.719801,14807305.362317145,0.48218333333333335,0.48218333333333335,1.3157237105174369,1.3269892079875183
61,0.01,1,0.0,0.1,0.0,1.0,0.5,0.4486805555555556,1.3906653244897431,0.8674638764324863,0.5384103204327924,0.30326231691078565,0.09679572763684913,0.21777075887291164,0.6687374076561451,10000.0,0:02:26.001515,14807451.43469006,0.48231666666666667,0.48231666666666667,1.3152591065372727,1.326720835969628
62,0.01,1,0.0,0.1,0.0,1.0,0.75,0.45008333333333334,1.3888943661046238,0.8703749689595233,0.5401593096581481,0.30305056414542414,0.09475789649137428,0.21805265357292103,0.6708828949572793,10000.0,0:02:25.951372,14807597.457661193,0.4823,0.4823,1.3152151669517083,1.326688466722094
63,0.01,1,0.0,0.1,0.0,1.0,1.0,0.4474444444444444,1.3930414637759134,0.8655,0.535118998258562,0.2987951807228916,0.09692770078477209,0.220536756126021,0.6683989941324392,10000.0,0:02:20.043473,14807737.572231896,0.4827,0.4827,1.3152290632109584,1.3267553881066851
64,0.01,1,0.0,0.1,0.1,0.25,0.25,0.45790277777777777,1.369856371946256,0.8687155503591114,0.5547506037138813,0.3029443656685295,0.10618729096989966,0.23373493975903614,0.680628272251309,10000.0,0:02:26.356904,14807883.999683276,0.4922666666666667,0.4922666666666667,1.2925804383756185,1.3048073969123006
65,0.01,1,0.0,0.1,0.1,0.25,0.5,0.45702777777777776,1.3675984024625536,0.8638010956595027,0.5524458101486588,0.3016463969554066,0.11134278565471226,0.23214732105657862,0.6855858854860186,10000.0,0:02:26.769783,14808030.840273252,0.495,0.495,1.2870255118302947,1.3004513869797034
66,0.01,1,0.0,0.1,0.1,0.25,0.75,0.45855555555555555,1.3652523033428476,0.8637542890618461,0.5568513119533528,0.3028490738433425,0.11096334469287673,0.23809127248501,0.682653743315508,10000.0,0:02:26.752624,14808177.664357208,0.4956333333333333,0.4956333333333333,1.2847077896604877,1.2987401447932547
67,0.01,1,0.0,0.1,0.1,0.25,1.0,0.4607361111111111,1.36315544705771,0.8636664460622104,0.557260228034876,0.3063244422076833,0.1141952154705343,0.2352794618387177,0.6845475715236194,10000.0,0:02:21.082011,14808318.816567669,0.4962666666666667,0.4962666666666667,1.2831416235982775,1.2976690151390309
68,0.01,1,0.0,0.1,0.1,0.5,0.25,0.4547361111111111,1.3775032825005782,0.8651097074468085,0.5495016611295681,0.3042348008385744,0.10333221137664086,0.22660057827344074,0.6756284334942567,10000.0,0:02:25.365722,14808464.253754435,0.4887,0.4887,1.3012574833642914,1.313296709118566
69,0.01,1,0.0,0.1,0.1,0.5,0.5,0.45506944444444447,1.3761489824630009,0.8646790890269151,0.547810249192814,0.30682670667666917,0.10667779632721203,0.2287866108786611,0.6723718432754425,10000.0,0:02:25.808753,14808610.132157467,0.49068333333333336,0.49068333333333336,1.2972413314913565,1.3103681963262304
70,0.01,1,0.0,0.1,0.1,0.5,0.75,0.4544861111111111,1.3742262165107617,0.8642624593037816,0.5533494619170768,0.3015846398926805,0.10903220465270304,0.2263083451202263,0.6747439420434674,10000.0,0:02:24.617125,14808754.82087254,0.49161666666666665,0.49161666666666665,1.2955098053305478,1.3092019818973883
71,0.01,1,0.0,0.1,0.1,0.5,1.0,0.455625,1.3735014794549993,0.8652061209131199,0.5478217325988983,0.30359212050984935,0.11109247924876331,0.22789570449607222,0.6764316451506124,10000.0,0:02:20.730005,14808895.622177709,0.49175,0.49175,1.2944898446948403,1.3084392671971323
72,0.01,1,0.0,0.1,0.1,0.75,0.25,0.4493888888888889,1.3875659671442178,0.8644436997319035,0.5408408657434282,0.30203066721922917,0.10301968635301968,0.22254624229295117,0.6666108786610878,10000.0,0:02:26.116605,14809041.810271649,0.48591666666666666,0.48591666666666666,1.3070362218395903,1.31907451937834
73,0.01,1,0.0,0.1,0.1,0.75,0.5,0.4509444444444444,1.3831154205836413,0.8648131191209523,0.5436868897604941,0.30132283991962494,0.10119097193303907,0.2251287161601063,0.669303138789443,10000.0,0:02:25.868354,14809187.750124471,0.48741666666666666,0.48741666666666666,1.3043032911941186,1.3170984673446768
74,0.01,1,0.0,0.1,0.1,0.75,0.75,0.4534722222222222,1.3800455886730054,0.8656865188138549,0.5478643842446402,0.3031341412452988,0.10066047989298553,0.22677663917353993,0.6736122687114519,10000.0,0:02:25.873583,14809333.695411893,0.4875,0.4875,1.3031737995276131,1.3163621585427059
75,0.01,1,0.0,0.1,0.1,0.75,1.0,0.45252777777777775,1.380956034558393,0.8643124221022019,0.5461596197147861,0.30212161710658203,0.1035376766747512,0.22615984729023156,0.671140380126709,10000.0,0:02:21.441617,14809475.208776698,0.4882166666666667,0.4882166666666667,1.3025064103474258,1.3159198473483944
76,0.01,1,0.0,0.1,0.1,1.0,0.25,0.44819444444444445,1.3907911186663107,0.8679956445263423,0.5413890739506996,0.2989152935331622,0.09617776303789072,0.21871081013293203,0.6709051363560314,10000.0,0:02:24.726601,14809620.00486824,0.48255,0.48255,1.3157881127728421,1.327000955162363
77,0.01,1,0.0,0.1,0.1,1.0,0.5,0.448375,1.390797485084039,0.8666778749159382,0.5420031637665473,0.3029999164368681,0.09641162267921072,0.21684647302904564,0.6685453791960215,10000.0,0:02:25.149015,14809765.22530252,0.48225,0.48225,1.3153255044417513,1.3267511565490728
78,0.01,1,0.0,0.1,0.1,1.0,0.75,0.44730555555555557,1.3913786286583216,0.8662335498917209,0.5388146911519198,0.3026986381485504,0.09389083625438158,0.21531539038413466,0.6648151218703366,10000.0,0:02:25.019475,14809910.315057244,0.48228333333333334,0.48228333333333334,1.3152822519454892,1.3267134992055492
79,0.01,1,0.0,0.1,0.1,1.0,1.0,0.4478888888888889,1.3918693261703805,0.8657380213140892,0.5397935397935398,0.30213299874529487,0.09594864954984995,0.21939705151565347,0.6670263988045825,10000.0,0:02:20.424978,14810050.811705055,0.4825333333333333,0.4825333333333333,1.3152957987667546,1.3267752375910058
80,0.01,1,0.0,0.1,1.0,0.25,0.25,0.457375,1.368277547275911,0.8672618054396797,0.5542368661299693,0.3012078510317061,0.1058232090490155,0.23162101407043542,0.679672646110606,10000.0,0:02:25.640791,14810196.524765778,0.49075,0.49075,1.2944614044002325,1.3059242566990046
81,0.01,1,0.0,0.1,1.0,0.25,0.5,0.45770833333333333,1.3660423670008424,0.8646120437651382,0.5555555555555556,0.30025891589409504,0.10986173579876728,0.23218007503126303,0.6838731163100491,10000.0,0:02:25.650143,14810342.244707948,0.4940333333333333,0.4940333333333333,1.2888328885236182,1.3013750171616623
82,0.01,1,0.0,0.1,1.0,0.25,0.75,0.45875,1.365204516080253,0.8653044203502919,0.5576635047428856,0.3010259404454083,0.11255338748848505,0.23170528421403566,0.6813660477453581,10000.0,0:02:26.137412,14810488.451162335,0.4943,0.4943,1.2864650466741498,1.2996321947050489
83,0.01,1,0.0,0.1,1.0,0.25,1.0,0.46169444444444446,1.3602734070077271,0.8674327587642602,0.5601133900283475,0.30707610146862485,0.11538141585558606,0.23493573693874145,0.6848459616985845,10000.0,0:02:22.168043,14810630.689506732,0.4952166666666667,0.4952166666666667,1.2848860958734638,1.2985523245295043
84,0.01,1,0.0,0.1,1.0,0.5,0.25,0.4533055555555556,1.3808271746616074,0.8647793505412157,0.544272136068034,0.3003176195252424,0.10753225135247607,0.22781854569713142,0.6741787941787942,10000.0,0:02:25.849646,14810776.611280547,0.48833333333333334,0.48833333333333334,1.30243512046585,1.3139819650196263
85,0.01,1,0.0,0.1,1.0,0.5,0.5,0.4543055555555556,1.3759817343108152,0.8659785232664613,0.5468054739316598,0.30377327127659576,0.10548628428927681,0.22661870503597123,0.6766998341625208,10000.0,0:02:25.597763,14810922.280705163,0.4905,0.4905,1.298407508419782,1.3109829122503804
86,0.01,1,0.0,0.1,1.0,0.5,0.75,0.45493055555555556,1.3748010825614445,0.8663106066928148,0.5546534984934717,0.30127673685955897,0.1070387338608913,0.22517552657973922,0.675693636816747,10000.0,0:02:26.486436,14811068.838622969,0.4909,0.4909,1.2966872372165108,1.309820290223747
87,0.01,1,0.0,0.1,1.0,0.5,1.0,0.45595833333333335,1.3721623048270657,0.8650179032392372,0.5510442773600668,0.30624165554072097,0.10683085115234213,0.22805407209612816,0.677912581020442,10000.0,0:02:20.502546,14811209.412703244,0.49135,0.49135,1.295676888778963,1.3091083901865512
88,0.01,1,0.0,0.1,1.0,0.75,0.25,0.4506527777777778,1.3851365630070476,0.8661035376766748,0.5418645338665333,0.30182090296832126,0.10083752093802345,0.22124554274815492,0.6729648743133011,10000.0,0:02:26.120588,14811355.605015427,0.4856,0.4856,1.3078827929000951,1.3195255387827443
89,0.01,1,0.0,0.1,1.0,0.75,0.5,0.45105555555555554,1.38209102523528,0.8667503136762861,0.5446287190599216,0.2997101449275362,0.10396409872849663,0.22358845671267252,0.6706167070015856,10000.0,0:02:26.415558,14811502.092139678,0.48691666666666666,0.48691666666666666,1.305148341816462,1.317519126353268
90,0.01,1,0.0,0.1,1.0,0.75,0.75,0.45152777777777775,1.382336487443831,0.8651097074468085,0.542310889443059,0.3002752523146217,0.10129761406446212,0.2259219179222509,0.6715870236010341,10000.0,0:02:26.450870,14811648.615129612,0.48735,0.48735,1.3040162551998626,1.3168170629762528
91,0.01,1,0.0,0.1,1.0,0.75,1.0,0.45206944444444447,1.3803282651578492,0.8648020582620964,0.5462901069518716,0.3034751596582898,0.10171476369719783,0.223790827833932,0.66975,10000.0,0:02:21.814380,14811790.501588468,0.4878,0.4878,1.3033467811339496,1.316371133349422
92,0.01,1,0.0,0.1,1.0,1.0,0.25,0.44722222222222224,1.3921953687204027,0.8695833333333334,0.5357470593142571,0.30229846768820784,0.09682500207245295,0.2184866939184116,0.6629861982434128,10000.0,0:02:25.686812,14811936.260593163,0.4822,0.4822,1.316393714698272,1.3273374026441016
93,0.01,1,0.0,0.1,1.0,1.0,0.5,0.448125,1.3913305732887808,0.8666611419574045,0.5372535917139993,0.29994996664442963,0.09683893627696939,0.21807449285001662,0.6673620963030961,10000.0,0:02:24.813062,14812081.145750035,0.48185,0.48185,1.3159217427777408,1.3270586983953707
94,0.01,1,0.0,0.1,1.0,1.0,0.75,0.4472083333333333,1.3915536769861017,0.8635565588161525,0.5406646626586507,0.3011186811338212,0.0945732568769218,0.2156226603443973,0.6670792079207921,10000.0,0:02:24.352101,14812225.569937384,0.48195,0.48195,1.3158804113609746,1.3270267373880682
95,0.01,1,0.0,0.1,1.0,1.0,1.0,0.447375,1.3922776703611086,0.8660602520237003,0.5367799850386502,0.30296203587818105,0.09315478665890377,0.21907949790794978,0.6656135683405388,10000.0,0:02:21.167776,14812366.809440505,0.48205,0.48205,1.3158950182217009,1.327095194938282
96,0.01,1,0.0,1.0,0.0,0.25,0.25,0.4570694444444444,1.370559834296457,0.8674286667779075,0.5572429906542056,0.3001500750375188,0.10524548887956357,0.23183849081581995,0.6795180722891566,10000.0,0:02:26.079813,14812512.961282909,0.49191666666666667,0.49191666666666667,1.2929652766638735,1.304863800285358
97,0.01,1,0.0,1.0,0.0,0.25,0.5,0.45770833333333333,1.3669216436531928,0.865857740585774,0.5544760006643414,0.3026227865018376,0.10951749295307578,0.2357142857142857,0.6828389475448299,10000.0,0:02:24.953662,14812657.985668378,0.49485,0.49485,1.2874018507200993,1.3004494458275537
98,0.01,1,0.0,1.0,0.0,0.25,0.75,0.460375,1.3626163674104887,0.8678089562122341,0.5581570996978852,0.3025867088081178,0.11327507282563462,0.23517126148705095,0.683451438099208,10000.0,0:02:26.165872,14812804.22226925,0.49573333333333336,0.49573333333333336,1.2850774167902472,1.298702944751001
99,0.01,1,0.0,1.0,0.0,0.25,1.0,0.46016666666666667,1.3632627804263375,0.8645,0.5590749120160885,0.3021660951743748,0.11344572709907814,0.23893218371745978,0.6850741296018658,10000.0,0:02:21.448192,14812945.742185201,0.4958666666666667,0.4958666666666667,1.2835138974380311,1.2976456090751518
100,0.01,1,0.0,1.0,0.0,0.5,0.25,0.4519722222222222,1.3800561892409664,0.8672168042010503,0.5422864783553402,0.30296222333166917,0.10389826282104563,0.2267340681196652,0.6729301233118027,10000.0,0:02:25.270274,14813091.084715124,0.48838333333333334,0.48838333333333334,1.301458677320357,1.313342826846366
101,0.01,1,0.0,1.0,0.0,0.5,0.5,0.45655555555555555,1.3736334372816952,0.8656074147633234,0.5517069937023533,0.3033033033033033,0.10660408984244049,0.22784172057464505,0.6764241164241164,10000.0,0:02:25.733150,14813236.88999209,0.4908666666666667,0.4908666666666667,1.2974445404904176,1.3104036411821791
102,0.01,1,0.0,1.0,0.0,0.5,0.75,0.45495833333333335,1.3751555088552965,0.8646179401993356,0.5519404483104717,0.3036116440070064,0.10817547357926222,0.2288627320954907,0.6751993285774234,10000.0,0:02:26.205151,14813383.165871644,0.4917,0.4917,1.2957265941249363,1.3092138733981797
103,0.01,1,0.0,1.0,0.0,0.5,1.0,0.4571388888888889,1.371659375390803,0.8660378933311076,0.5506203473945409,0.30872706136344763,0.10875198528797124,0.23078854846810648,0.6767137012607498,10000.0,0:02:21.028634,14813524.266263854,0.4916833333333333,0.4916833333333333,1.2947115019641204,1.3085168757604229
104,0.01,1,0.0,1.0,0.0,0.75,0.25,0.44993055555555556,1.3851742459042435,0.8640938201779922,0.5405066466014548,0.30245048674051694,0.10175,0.22453895996012627,0.6643176919250539,10000.0,0:02:26.286851,14813670.62508069,0.4858,0.4858,1.3071551883331431,1.3191276158271874
105,0.01,1,0.0,1.0,0.0,0.75,0.5,0.4516527777777778,1.3819554021007254,0.8668387741505663,0.5432316612049407,0.3015912688494543,0.10289469306271835,0.22661780627967018,0.6689609420349946,10000.0,0:02:26.418802,14813817.11575124,0.48738333333333334,0.48738333333333334,1.304436566026077,1.3171307038639466
106,0.01,1,0.0,1.0,0.0,0.75,0.75,0.45175,1.381353069892454,0.8656080234015879,0.5472040968035021,0.2990367048663013,0.10266032857976816,0.22618551545962162,0.6723268325487559,10000.0,0:02:25.796810,14813962.985263923,0.4877666666666667,0.4877666666666667,1.3033112346964422,1.3164113875498684
107,0.01,1,0.0,1.0,0.0,0.75,1.0,0.4522777777777778,1.381226300786842,0.8647278770253427,0.5445478723404256,0.30129805292061906,0.10488577622144406,0.22473794549266246,0.6707235745248417,10000.0,0:02:20.182930,14814103.240106955,0.48806666666666665,0.48806666666666665,1.3026462041481874,1.315946215149222
108,0.01,1,0.0,1.0,0.0,1.0,0.25,0.4462083333333333,1.394603680885375,0.8664609225123029,0.5348161673167898,0.30102972928085037,0.09542048293089092,0.21668752607425948,0.6647379454926625,10000.0,0:02:25.067935,14814248.380153352,0.48236666666666667,0.48236666666666667,1.3158506417997045,1.3270285042009524
109,0.01,1,0.0,1.0,0.0,1.0,0.5,0.4474722222222222,1.3905476736068847,0.8646503467290501,0.540437203889951,0.3004938478279066,0.09611860736298518,0.2161462681582902,0.6656723837931892,10000.0,0:02:24.319146,14814392.769018652,0.48225,0.48225,1.3153811582417818,1.326775816640351
110,0.01,1,0.0,1.0,0.0,1.0,0.75,0.44733333333333336,1.3911016564186005,0.8682209409208658,0.5370122257578295,0.30165220293724965,0.09252609603340292,0.21795189685097943,0.6685780769550403,10000.0,0:02:24.916453,14814537.757909153,0.4822666666666667,0.4822666666666667,1.3153413447987745,1.32673576623874
111,0.01,1,0.0,1.0,0.0,1.0,1.0,0.44845833333333335,1.3904218946044442,0.8666115702479339,0.5359673251646245,0.3019781320424005,0.09382093316519546,0.2202558989697574,0.6661662913852056,10000.0,0:02:20.562015,14814678.39216078,0.4825333333333333,0.4825333333333333,1.315354147558799,1.326800325621437
112,0.01,1,0.0,1.0,0.1,0.25,0.25,0.4569166666666667,1.369403856271748,0.8670443185604798,0.5545522949586155,0.3021308349224774,0.10708648334302567,0.23260669840474402,0.6802908726178536,10000.0,0:02:26.468780,14814824.931749472,0.4917,0.4917,1.2931669544056756,1.3049850166439751
113,0.01,1,0.0,1.0,0.1,0.25,0.5,0.458,1.3669074951468898,0.8665383649903774,0.557844032887634,0.3040512436569337,0.10896206752813672,0.23258333333333334,0.6796197464976651,10000.0,0:02:25.837028,14814970.83930174,0.49483333333333335,0.49483333333333335,1.2876052846760222,1.3005599429969055
114,0.01,1,0.0,1.0,0.1,0.25,0.75,0.45875,1.3645602433986546,0.8666387259010897,0.5593023255813954,0.30437710437710436,0.10924160795690012,0.2360674714734579,0.6811775498290384,10000.0,0:02:25.883482,14815116.79528713,0.4955,0.4955,1.2852694925042505,1.2988110645823956
115,0.01,1,0.0,1.0,0.1,0.25,1.0,0.4612222222222222,1.3601509637709497,0.8653718459495352,0.5616186900292032,0.3009093184282973,0.11477594536065301,0.23525463545599462,0.685358772293654,10000.0,0:02:21.595055,14815258.462595247,0.4957,0.4957,1.2836908022602327,1.2977575082150288
116,0.01,1,0.0,1.0,0.1,0.5,0.25,0.4527777777777778,1.3787312795890874,0.865915727993325,0.5476309642976309,0.3028966206092892,0.10230499415400034,0.22672098436980379,0.6715510781783365,10000.0,0:02:25.735127,14815404.26920458,0.4884833333333333,0.4884833333333333,1.301585192860761,1.31339773836199
117,0.01,1,0.0,1.0,0.1,0.5,0.5,0.45595833333333335,1.3744144600551156,0.863779920212766,0.5500962584749309,0.30439138420437467,0.10875375877046442,0.23121098626716605,0.6750165892501659,10000.0,0:02:26.084259,14815550.425724352,0.49095,0.49095,1.2975748066052017,1.3104610907287182
118,0.01,1,0.0,1.0,0.1,0.5,0.75,0.45561111111111113,1.3755642221168924,0.8625928708573337,0.5510306267211883,0.3024742610428429,0.1104227710339054,0.22779858510195589,0.6788266578028918,10000.0,0:02:25.968873,14815696.466938656,0.4918166666666667,0.4918166666666667,1.295855632762738,1.3092947672026025
119,0.01,1,0.0,1.0,0.1,0.5,1.0,0.457125,1.3727830369804972,0.8657214345287739,0.5537155696097196,0.3056720926329921,0.10939958592132505,0.22966066191872644,0.6774968918358889,10000.0,0:02:21.582961,14815838.12210125,0.4914833333333333,0.4914833333333333,1.2948370172918038,1.308574480214363
120,0.01,1,0.0,1.0,0.1,0.75,0.25,0.4500972222222222,1.3853963040916528,0.864345938726104,0.5423913043478261,0.30333221701272606,0.10257478543454712,0.22548613984278032,0.6638683401213532,10000.0,0:02:26.467132,14815984.661499333,0.4858166666666667,0.4858166666666667,1.3072476886809454,1.3191600828097823
121,0.01,1,0.0,1.0,0.1,0.75,0.5,0.452625,1.381625586947022,0.8654263307191724,0.5467196819085487,0.3014310530234097,0.10041911148365465,0.22942309302520306,0.6706176961602671,10000.0,0:02:25.916251,14816130.647674628,0.48715,0.48715,1.304520949976189,1.3171614551217192
122,0.01,1,0.0,1.0,0.1,0.75,0.75,0.451875,1.3799964097456383,0.8661150186181217,0.543925702811245,0.3009854685151161,0.10166957388487416,0.22152376162936888,0.673600133122556,10000.0,0:02:26.233638,14816276.953837069,0.48783333333333334,0.48783333333333334,1.303398246907405,1.3164585181564197
123,0.01,1,0.0,1.0,0.1,0.75,1.0,0.45206944444444447,1.3807365525603805,0.8644929953302202,0.5453710660322231,0.3027324225258247,0.10394385026737968,0.22553897180762852,0.6710844377761107,10000.0,0:02:22.053163,14816419.079057368,0.48838333333333334,0.48838333333333334,1.302740577550699,1.3160170207444268
124,0.01,1,0.0,1.0,0.1,1.0,0.25,0.44704166666666667,1.3929616074990447,0.8661641541038526,0.5352965574450436,0.30193236714975846,0.09562614335606187,0.21987297342470333,0.6651120179895061,10000.0,0:02:24.734367,14816563.8862017,0.4824333333333333,0.4824333333333333,1.3159136228877255,1.3270527154833802
125,0.01,1,0.0,1.0,0.1,1.0,0.5,0.44881944444444444,1.390306205612458,0.8671992011982027,0.5383534468507192,0.3008478133131873,0.0977562765868713,0.21636546184738956,0.6681629260182876,10000.0,0:02:25.279104,14816709.238074504,0.4822666666666667,0.4822666666666667,1.3154458567209533,1.3267891820043118
126,0.01,1,0.0,1.0,0.1,1.0,0.75,0.4484444444444444,1.390075596652343,0.8686710167671595,0.5381666666666667,0.30039163403049746,0.09231026972692244,0.21846076878178938,0.6676699272636067,10000.0,0:02:24.705358,14816854.015649827,0.48213333333333336,0.48213333333333336,1.3154077558600257,1.326767163527198
127,0.01,1,0.0,1.0,0.1,1.0,1.0,0.447625,1.391890075356927,0.8665440254201856,0.5390223695111848,0.2965757399883923,0.09538177856005364,0.21755852842809364,0.6691904484566104,10000.0,0:02:20.595952,14816994.683094604,0.4826,0.4826,1.3154198701968038,1.3268294095525828
128,0.01,1,0.0,1.0,1.0,0.25,0.25,0.4558333333333333,1.3720370628993754,0.8653288000663405,0.5532965194109772,0.30226153717766835,0.10606438732218618,0.2291684078562474,0.6766222961730449,10000.0,0:02:26.217149,14817140.972790059,0.491,0.491,1.2950389560178426,1.306221047572714
129,0.01,1,0.0,1.0,1.0,0.25,0.5,0.45911111111111114,1.3663555243082446,0.864743162108072,0.5610486891385768,0.3033782659344317,0.11116666666666666,0.23173592493297587,0.6810366309494144,10000.0,0:02:25.533449,14817286.579027962,0.49378333333333335,0.49378333333333335,1.2894036778003366,1.3016634182228397
130,0.01,1,0.0,1.0,1.0,0.25,0.75,0.46029166666666665,1.3652815058241892,0.863583430377641,0.556935817805383,0.3070284623682682,0.11466621995141972,0.23524987464482702,0.6821796266845234,10000.0,0:02:26.403771,14817433.055262335,0.49415,0.49415,1.2870483634226033,1.2999750073251521
131,0.01,1,0.0,1.0,1.0,0.25,1.0,0.46143055555555557,1.3612352757570776,0.8648894776057621,0.5601397438030278,0.3047738693467337,0.1131362338316815,0.23544556099991695,0.6843989343989344,10000.0,0:02:20.175348,14817573.302798288,0.4946333333333333,0.4946333333333333,1.2854826722334143,1.2988124911307823
132,0.01,1,0.0,1.0,1.0,0.5,0.25,0.4539166666666667,1.379577997251627,0.8668337510442774,0.548587239037478,0.30297737857618096,0.10435865504358655,0.22899492047630943,0.6746777546777547,10000.0,0:02:26.169588,14817719.54231892,0.48795,0.48795,1.3027266194579328,1.3141360438284464
133,0.01,1,0.0,1.0,1.0,0.5,0.5,0.45394444444444443,1.37662678553373,0.8646094664659643,0.552149815250252,0.30102337964888926,0.10850586181092542,0.22726894601114717,0.6724952349382614,10000.0,0:02:25.054993,14817864.66935764,0.4904,0.4904,1.2987108618081857,1.3111256768744335
134,0.01,1,0.0,1.0,1.0,0.5,0.75,0.4539861111111111,1.3769119317737697,0.8643316893755747,0.5522526315789473,0.30204453273735615,0.10710427918570835,0.2286262407206606,0.6726383014016754,10000.0,0:02:25.195586,14818009.93791398,0.4908166666666667,0.4908166666666667,1.296990786089787,1.309989513787829
135,0.01,1,0.0,1.0,1.0,0.5,1.0,0.4555972222222222,1.3736679863374897,0.8669751787968027,0.5508234902678423,0.304639650977431,0.10756442227763924,0.22876359711035457,0.6773820345425998,10000.0,0:02:21.033635,14818151.044119714,0.49095,0.49095,1.2959962469109858,1.3092493535340246
136,0.01,1,0.0,1.0,1.0,0.75,0.25,0.44995833333333335,1.3859114786747107,0.8631210403467823,0.5408112168252378,0.2996573911590206,0.10433547740372567,0.2222868539139106,0.668298755186722,10000.0,0:02:25.333468,14818296.450383993,0.48546666666666666,0.48546666666666666,1.30806246671288,1.3196218399148332
137,0.01,1,0.0,1.0,1.0,0.75,0.5,0.451,1.3826165339567424,0.8643729743206183,0.5410447761194029,0.30090802085084917,0.1013689426387839,0.22518260292164674,0.6673577707745895,10000.0,0:02:25.049633,14818441.572715033,0.48723333333333335,0.48723333333333335,1.3053426476081669,1.317651795618236
138,0.01,1,0.0,1.0,1.0,0.75,0.75,0.45118055555555553,1.3824110508692247,0.8649300932090546,0.5436196830692244,0.30205816181984835,0.1024661629162169,0.226448069241012,0.6698508463214345,10000.0,0:02:25.381817,14818587.027404424,0.48745,0.48745,1.3042008743328517,1.3169351954972373
139,0.01,1,0.0,1.0,1.0,0.75,1.0,0.4520138888888889,1.3812005964485623,0.8650444315256208,0.5456135966008497,0.3019961898451089,0.10376254180602007,0.2251965869165133,0.6684768986548584,10000.0,0:02:21.130013,14818728.230286688,0.48785,0.48785,1.3035328807703035,1.3165008946530934
140,0.01,1,0.0,1.0,1.0,1.0,0.25,0.4469166666666667,1.3909105801726487,0.8667385355336263,0.5375135315180282,0.2999163879598662,0.09491070679969817,0.21856610029009532,0.6606844741235393,10000.0,0:02:24.786047,14818873.08945198,0.48205,0.48205,1.3165023460735383,1.3274202423133474
141,0.01,1,0.0,1.0,1.0,1.0,0.5,0.44758333333333333,1.3916364832096435,0.8664616918730265,0.5376551492787656,0.30248400764310046,0.09610108903483248,0.2171338004671338,0.666332999666333,10000.0,0:02:24.831502,14819017.993737888,0.4817666666666667,0.4817666666666667,1.3160335275488402,1.3271398055862325
142,0.01,1,0.0,1.0,1.0,1.0,0.75,0.44743055555555555,1.3923977604990154,0.8662335498917209,0.5350175087543771,0.30246862272462804,0.09349182262687573,0.21636212624584716,0.6666942902129775,10000.0,0:02:24.919068,14819162.985970257,0.48195,0.48195,1.3159935899023025,1.3271014837934636
143,0.01,1,0.0,1.0,1.0,1.0,1.0,0.4463888888888889,1.391389250309587,0.8666833834837847,0.5390350142402413,0.3030001657550141,0.09504373177842565,0.21367806505421183,0.6627066544820138,10000.0,0:02:20.339634,14819303.39847708,0.48195,0.48195,1.316008730673593,1.3271701782002217
144,0.01,1,0.1,0.0,0.0,0.25,0.25,0.45669444444444446,1.3697685026968327,0.8670949441014517,0.5524388213750624,0.2999247050949552,0.10700551747199465,0.23346335795501702,0.6791292788301762,10000.0,0:02:24.833667,14819448.305006577,0.49266666666666664,0.49266666666666664,1.2923706505423558,1.3047947443489296
145,0.01,1,0.1,0.0,0.0,0.25,0.5,0.46,1.364909309087996,0.8646291836226228,0.5602931379080613,0.30515532605979845,0.11125849776156524,0.23650860260176249,0.6816244672850339,10000.0,0:02:24.968445,14819593.346079072,0.4950333333333333,0.4950333333333333,1.2868378754162622,1.300481132422962
146,0.01,1,0.1,0.0,0.0,0.25,0.75,0.459875,1.3620828784251833,0.8647520454165971,0.5588064167567118,0.3034916432235645,0.11162207357859531,0.23058783897591376,0.6866871013172066,10000.0,0:02:24.794258,14819738.213332308,0.49606666666666666,0.49606666666666666,1.2845004540873857,1.298741617578625
147,0.01,1,0.1,0.0,0.0,0.25,1.0,0.46119444444444446,1.3624548808356496,0.8653989869633812,0.5575449700199867,0.3064355614529773,0.11554743919648044,0.23684875010521,0.6844437014126892,10000.0,0:02:20.100628,14819878.384292755,0.49611666666666665,0.49611666666666665,1.2829662678412739,1.2977503324755624
148,0.01,1,0.1,0.0,0.0,0.5,0.25,0.45322222222222225,1.3795103373737199,0.8652246256239601,0.5505552308591467,0.29946303180503925,0.1026370866471327,0.22570875746613947,0.671639317089342,10000.0,0:02:24.984873,14820023.440016136,0.48878333333333335,0.48878333333333335,1.3010874243144848,1.3132217066378022
149,0.01,1,0.1,0.0,0.0,0.5,0.5,0.45431944444444444,1.3767695180417392,0.8656492369276958,0.5485193240756232,0.3018962075848303,0.10771022207435749,0.22946317103620475,0.6747269240390228,10000.0,0:02:24.170366,14820167.681239104,0.49091666666666667,0.49091666666666667,1.2970686321909441,1.3103233496627718
150,0.01,1,0.1,0.0,0.0,0.5,0.75,0.45568055555555553,1.3742673094428228,0.8661147349055026,0.551968045269202,0.3034170094870288,0.10821826651139578,0.2287761392985087,0.6748283563570188,10000.0,0:02:25.196067,14820312.950276773,0.49166666666666664,0.49166666666666664,1.2953410228712408,1.3091529451376862
151,0.01,1,0.1,0.0,0.0,0.5,1.0,0.4564166666666667,1.3737981669334354,0.862241494329553,0.553919121318023,0.30314171122994654,0.10909395130929474,0.23053193263298316,0.6764389233954451,10000.0,0:02:20.481952,14820453.503692288,0.4919,0.4919,1.2943286362147948,1.308411733442038
152,0.01,1,0.1,0.0,0.0,0.75,0.25,0.4507777777777778,1.3829222019505354,0.8669599136857831,0.5417782987273945,0.3004323964743057,0.10056657223796034,0.22335827098919367,0.6721901414344297,10000.0,0:02:23.868025,14820597.442849115,0.48591666666666666,0.48591666666666666,1.3069136688381588,1.3190270661934693
153,0.01,1,0.1,0.0,0.0,0.75,0.5,0.453875,1.3800954722287333,0.8658475842603354,0.5462955246270522,0.3043732753574714,0.10305502372429867,0.22865497076023392,0.672521435111962,10000.0,0:02:25.233839,14820742.749580655,0.48751666666666665,0.48751666666666665,1.3041861458848367,1.317043769750537
154,0.01,1,0.1,0.0,0.0,0.75,0.75,0.4519722222222222,1.382363792084263,0.8663003663003663,0.54580375782881,0.3031535269709544,0.10420642163776653,0.2258930068757337,0.6673064085447263,10000.0,0:02:24.943981,14820887.766505824,0.48773333333333335,0.48773333333333335,1.3030512461540027,1.3163133586967468
155,0.01,1,0.1,0.0,0.0,0.75,1.0,0.4525138888888889,1.38071948591314,0.865257048092869,0.5453101488045478,0.3020016680567139,0.10388745525680512,0.22582253240279163,0.6730881983415696,10000.0,0:02:20.429959,14821028.268817011,0.48828333333333335,0.48828333333333335,1.302390277826898,1.3159008470394442
156,0.01,1,0.1,0.0,0.0,1.0,0.25,0.44804166666666667,1.391138052541438,0.8663836163836164,0.5365142809559497,0.30090195423417404,0.09578894806924101,0.21645527369826434,0.6714702207413578,10000.0,0:02:24.705747,14821173.045404593,0.48235,0.48235,1.3157118266860672,1.326981151745603
157,0.01,1,0.1,0.0,0.0,1.0,0.5,0.4492638888888889,1.3893080487851388,0.8686342592592593,0.5417503346720214,0.30065794952944114,0.0955392809587217,0.21663879598662208,0.669730136185145,10000.0,0:02:24.546064,14821317.66454188,0.48255,0.48255,1.3152395903226841,1.3267200900971785
158,0.01,1,0.1,0.0,0.0,1.0,0.75,0.4469444444444444,1.3911475280388488,0.8680637049455155,0.5391398386157558,0.29992539169360855,0.09247975961939738,0.22033336097520523,0.6663318265528211,10000.0,0:02:24.668468,14821462.40596209,0.48233333333333334,0.48233333333333334,1.315198976097089,1.3266859572375607
159,0.01,1,0.1,0.0,0.0,1.0,1.0,0.44693055555555555,1.3915753883912028,0.8671381031613977,0.537850935828877,0.29960862686318596,0.09253879990040667,0.21903335828965975,0.6681471549484622,10000.0,0:02:19.297963,14821601.776611384,0.4826,0.4826,1.3152150889155338,1.3267554335271319
160,0.01,1,0.1,0.0,0.1,0.25,0.25,0.45955555555555555,1.3677272224955699,0.8682157676348548,0.5570453031312458,0.3019513008672448,0.10648498612162503,0.23619555259431999,0.6814335490293678,10000.0,0:02:25.012063,14821746.861776656,0.49206666666666665,0.49206666666666665,1.2925309749383034,1.304857083553914
161,0.01,1,0.1,0.0,0.1,0.25,0.5,0.4603611111111111,1.364653757204656,0.867880407549691,0.5565434150394682,0.3044022011005503,0.11278508406858664,0.2358837287003007,0.6848722004828907,10000.0,0:02:24.967777,14821891.90231566,0.4948666666666667,0.4948666666666667,1.2869763100218368,1.3004882705938847
162,0.01,1,0.1,0.0,0.1,0.25,0.75,0.46061111111111114,1.3632064528299022,0.866377874041986,0.5579921620945552,0.3041013671223741,0.11407098121085595,0.2371056584877316,0.681908713692946,10000.0,0:02:24.433443,14822036.409315044,0.49573333333333336,0.49573333333333336,1.2846685812697662,1.2987698061395074
163,0.01,1,0.1,0.0,0.1,0.25,1.0,0.46216666666666667,1.3611482684817577,0.8670712444924765,0.5601628718630547,0.30633950255422493,0.11408946222147763,0.23835229632090357,0.6836148789215278,10000.0,0:02:20.157367,14822176.639981573,0.4964,0.4964,1.283110355502714,1.2977387281132138
164,0.01,1,0.1,0.0,0.1,0.5,0.25,0.4533055555555556,1.3793954325939533,0.8661193029490617,0.5469269102990033,0.30447043211412456,0.10365548322483725,0.22678779796632773,0.6741469925752899,10000.0,0:02:24.919270,14822321.629365295,0.48865,0.48865,1.3012168298935973,1.3132941511471807
165,0.01,1,0.1,0.0,0.1,0.5,0.5,0.4547638888888889,1.3774676616673922,0.8652440561203059,0.5478767693588676,0.3072565192035325,0.10794178794178794,0.23002502085070892,0.672798077719778,10000.0,0:02:24.634417,14822466.3370352,0.49083333333333334,0.49083333333333334,1.297192455044444,1.3103778185383417
166,0.01,1,0.1,0.0,0.1,0.5,0.75,0.4557083333333333,1.3744147829328475,0.8655685883038017,0.5528870292887029,0.30445256687157335,0.10821826651139578,0.22775,0.6767482663547497,10000.0,0:02:25.083611,14822611.494181888,0.4915833333333333,0.4915833333333333,1.2954721253741106,1.3091757217188262
167,0.01,1,0.1,0.0,0.1,0.5,1.0,0.4567361111111111,1.3709547620924005,0.8651441906984497,0.5531330614962137,0.305451518934665,0.10906362044525973,0.22793687901811807,0.6791666666666667,10000.0,0:02:21.009001,14822752.576423272,0.49173333333333336,0.49173333333333336,1.294441593453937,1.3084129029024496
168,0.01,1,0.1,0.0,0.1,0.75,0.25,0.4504444444444444,1.386169805930241,0.8633774501591557,0.5401785714285714,0.30448959117130675,0.10105543089836283,0.22283702213279677,0.6704583194951843,10000.0,0:02:24.904356,14822897.553907098,0.4859833333333333,0.4859833333333333,1.307006816951204,1.3190913993054483
169,0.01,1,0.1,0.0,0.1,0.75,0.5,0.45118055555555553,1.3834909369062611,0.8660550458715597,0.5471084035717266,0.3001672240802676,0.1014781597741239,0.22467986030267753,0.6693057754812901,10000.0,0:02:25.232820,14823042.85812076,0.48723333333333335,0.48723333333333335,1.3042789961851085,1.3170942815382862
170,0.01,1,0.1,0.0,0.1,0.75,0.75,0.45179166666666665,1.3824569561817883,0.865885091876611,0.5456211982334805,0.3018867924528302,0.09987442444537463,0.22993276334357102,0.6671688007364633,10000.0,0:02:25.696774,14823188.62827744,0.48773333333333335,0.48773333333333335,1.3031474143661859,1.3163677177575106
171,0.01,1,0.1,0.0,0.1,0.75,1.0,0.4514166666666667,1.3818834516763823,0.8654843567006859,0.5448563098708872,0.30102717031146453,0.10488457678153229,0.22237983978638184,0.6702136503449996,10000.0,0:02:20.669293,14823329.368448433,0.48833333333333334,0.48833333333333334,1.3024770486020212,1.315898504342056
172,0.01,1,0.1,0.0,0.1,1.0,0.25,0.44655555555555554,1.3927989697410699,0.8670928108915823,0.5323038397328882,0.29836284664216506,0.0966508767555888,0.21898723617252022,0.6651644132865966,10000.0,0:02:24.313153,14823473.75501134,0.4822666666666667,0.4822666666666667,1.3157756892601378,1.3270005961074494
173,0.01,1,0.1,0.0,0.1,1.0,0.5,0.4471111111111111,1.3929167243657807,0.8674708818635607,0.5351176128335134,0.3020833333333333,0.09588470509830056,0.21447609528569048,0.6680626518133848,10000.0,0:02:23.249019,14823617.07749806,0.48228333333333334,0.48228333333333334,1.3153108881368087,1.3267448035754368
174,0.01,1,0.1,0.0,0.1,1.0,0.75,0.4489861111111111,1.3903505063460528,0.8665169660678643,0.5391188915622667,0.3036597428288823,0.0945573112616002,0.2176213673777927,0.6712512579671251,10000.0,0:02:24.099247,14823761.25009086,0.4821666666666667,0.4821666666666667,1.315267249585632,1.326707735757033
175,0.01,1,0.1,0.0,0.1,1.0,1.0,0.44755555555555554,1.3905722438804098,0.8659092793763994,0.5387963505482548,0.2993778515138947,0.09470358360355866,0.2197316890259145,0.6682898161363445,10000.0,0:02:18.860825,14823900.184202423,0.48255,0.48255,1.31528114137582,1.326770832381263
176,0.01,1,0.1,0.0,1.0,0.25,0.25,0.45534722222222224,1.3707714153603892,0.8673871156907096,0.5527898429669228,0.3005510101853398,0.10478793903247184,0.23182121414276183,0.6778985807950867,10000.0,0:02:25.148762,14824045.406582868,0.49101666666666666,0.49101666666666666,1.2943879662840345,1.305877565166499
177,0.01,1,0.1,0.0,1.0,0.25,0.5,0.4598333333333333,1.3662890817441975,0.866499791405924,0.5595496246872393,0.3046672789513234,0.11064718162839249,0.23485918418210516,0.6823695579926886,10000.0,0:02:25.028164,14824190.50814295,0.4938166666666667,0.4938166666666667,1.2887514109238953,1.3013093568933352
178,0.01,1,0.1,0.0,1.0,0.25,0.75,0.4599722222222222,1.3621346401419934,0.8668060200668897,0.5564469440079398,0.3015302282799565,0.1133177570093458,0.23420479302832245,0.6845593108018555,10000.0,0:02:25.354370,14824335.932546385,0.49448333333333333,0.49448333333333333,1.2864074039033644,1.2995859647414698
179,0.01,1,0.1,0.0,1.0,0.25,1.0,0.4586527777777778,1.3644133968082597,0.8624634655532359,0.5570095015835973,0.30126498002663116,0.11461724684865181,0.2340390340721138,0.6858458961474037,10000.0,0:02:20.758529,14824476.764590848,0.4952666666666667,0.4952666666666667,1.284815100416302,1.2985501899801246
180,0.01,1,0.1,0.0,1.0,0.5,0.25,0.4533333333333333,1.3778325629176926,0.8653173413293354,0.5486394274777399,0.30092093254791336,0.10425709515859766,0.22785552669068967,0.6713013071351261,10000.0,0:02:24.556940,14824621.395103838,0.4882,0.4882,1.30239825424018,1.313957376853718
181,0.01,1,0.1,0.0,1.0,0.5,0.5,0.45472222222222225,1.3756563098757268,0.8631938087709079,0.5453637423006492,0.30523573409530214,0.10574521232306411,0.22823274062943485,0.6770134922605745,10000.0,0:02:25.510942,14824766.979575887,0.4904,0.4904,1.298375811394987,1.3109649660921552
182,0.01,1,0.1,0.0,1.0,0.5,0.75,0.4553888888888889,1.3737700486008235,0.8658984635938544,0.5521441681962289,0.3034205904491093,0.10746070032437828,0.2297364495275982,0.6761174116077385,10000.0,0:02:24.834869,14824911.88810242,0.4910333333333333,0.4910333333333333,1.296648012346981,1.3098016140768562
183,0.01,1,0.1,0.0,1.0,0.5,1.0,0.4566527777777778,1.374077334602243,0.8650050184008029,0.5541947846371741,0.3068568112096841,0.10796593186372745,0.23041704819778575,0.6774247352180802,10000.0,0:02:20.744231,14825052.705755468,0.4915833333333333,0.4915833333333333,1.2956324271941713,1.3090791315553554
184,0.01,1,0.1,0.0,1.0,0.75,0.25,0.45056944444444447,1.3849098681005778,0.863077434363576,0.5395174708818635,0.3032608695652174,0.10193891986352667,0.2230461589735044,0.6718763058921855,10000.0,0:02:25.250311,14825198.029881705,0.4858166666666667,0.4858166666666667,1.307863264315551,1.3195217379234834
185,0.01,1,0.1,0.0,1.0,0.75,0.5,0.45143055555555556,1.3833022230048397,0.8658080598255089,0.5410668220021636,0.3031135531135531,0.10226893560226893,0.2229442639340165,0.6729175387191293,10000.0,0:02:24.901697,14825343.002082601,0.4869,0.4869,1.305137403957475,1.3175217450392536
186,0.01,1,0.1,0.0,1.0,0.75,0.75,0.4510972222222222,1.3819369159331647,0.8648265510340227,0.5447444952222684,0.30385128376125375,0.10111138965488427,0.22320386731121852,0.6675824175824175,10000.0,0:02:24.982503,14825488.058457445,0.4876,0.4876,1.3039974586790293,1.3168213134261055
187,0.01,1,0.1,0.0,1.0,0.75,1.0,0.45245833333333335,1.3807694201008547,0.8657302901095226,0.5462184873949579,0.3012327293786713,0.10541239262780419,0.22535564853556486,0.6720313542361575,10000.0,0:02:21.227500,14825629.359530235,0.48788333333333334,0.48788333333333334,1.3033250426359213,1.316363345600613
188,0.01,1,0.1,0.0,1.0,1.0,0.25,0.4469861111111111,1.3925738875043125,0.8680961121308193,0.5341265906461742,0.29879779595925865,0.09583125726623484,0.2184168555359691,0.6660823107104099,10000.0,0:02:23.381104,14825772.814321952,0.48235,0.48235,1.3163825086272893,1.3273242017096425
189,0.01,1,0.1,0.0,1.0,1.0,0.5,0.447125,1.3909675325464257,0.8670865097779251,0.5369734528096475,0.30062735257214557,0.09468783772549672,0.2167360532889259,0.6652496457447695,10000.0,0:02:24.565872,14825917.453650704,0.48173333333333335,0.48173333333333335,1.3159130653540876,1.3270718797432879
190,0.01,1,0.1,0.0,1.0,1.0,0.75,0.4467361111111111,1.3913841827600646,0.8649212040356875,0.5381102623713052,0.3001668056713928,0.0939642200300953,0.2177379172894868,0.6655526777508564,10000.0,0:02:24.497790,14826062.025289817,0.48191666666666666,0.48191666666666666,1.3158679757609508,1.3270247767815988
191,0.01,1,0.1,0.0,1.0,1.0,1.0,0.44780555555555557,1.3920502254088993,0.867427714357137,0.5379900931911679,0.30161384731164814,0.09226537756292716,0.21942326814716606,0.668324629030921,10000.0,0:02:18.808559,14826200.907056112,0.4820333333333333,0.4820333333333333,1.3158843080703024,1.3270918522577009
192,0.01,1,0.1,0.1,0.0,0.25,0.25,0.4564722222222222,1.3708739110854948,0.8668947675874155,0.5562567466578096,0.3002161622879947,0.106457533789421,0.23139593482277843,0.6750456280073005,10000.0,0:02:24.697370,14826345.67834119,0.49225,0.49225,1.2923996368297366,1.3047632650957288
193,0.01,1,0.1,0.1,0.0,0.25,0.5,0.45593055555555556,1.3680223738311101,0.8649665551839465,0.5570054370556252,0.3011065812463599,0.10920255580449756,0.22757475083056478,0.6804175365344468,10000.0,0:02:24.951556,14826490.703758651,0.49528333333333335,0.49528333333333335,1.2868646186745487,1.300400517224955
194,0.01,1,0.1,0.1,0.0,0.25,0.75,0.45984722222222224,1.3635072457908235,0.8654581739564278,0.5595109373700408,0.3055255504777732,0.11178827851060277,0.23360451602191598,0.6848301379078372,10000.0,0:02:24.032556,14826634.81010777,0.4955833333333333,0.4955833333333333,1.2845377812228107,1.2986979927078355
195,0.01,1,0.1,0.1,0.0,0.25,1.0,0.4595,1.3639371041604202,0.8667338879085791,0.5551412710249399,0.3058932014418644,0.11267840747850763,0.2361329906309593,0.6818144124720126,10000.0,0:02:20.427709,14826775.311036872,0.49623333333333336,0.49623333333333336,1.283001734467978,1.297700920515409
196,0.01,1,0.1,0.1,0.0,0.5,0.25,0.4538055555555556,1.3778263257339867,0.867294235254915,0.5475672964387226,0.3058696375124709,0.10416145442415145,0.22469382654336417,0.6733266733266733,10000.0,0:02:25.135297,14826920.517464736,0.4886333333333333,0.4886333333333333,1.3011239013464335,1.3132435235996316
197,0.01,1,0.1,0.1,0.0,0.5,0.5,0.45463888888888887,1.3749739172384483,0.8673009514271407,0.5489770354906054,0.30250836120401337,0.10627454256830145,0.22844613602515307,0.6748420352510808,10000.0,0:02:24.717728,14827065.305783845,0.49091666666666667,0.49091666666666667,1.2971020344592126,1.31029338933261
198,0.01,1,0.1,0.1,0.0,0.5,0.75,0.45608333333333334,1.3740617191977942,0.8651356993736952,0.5499666332999666,0.30670423468964947,0.10873395419078782,0.2298095317308492,0.6755071499833721,10000.0,0:02:24.583994,14827209.96372084,0.49166666666666664,0.49166666666666664,1.2953830064541525,1.3091443536362817
199,0.01,1,0.1,0.1,0.0,0.5,1.0,0.4560138888888889,1.3732981022057593,0.8658424525937682,0.5514767228433172,0.30714996682149964,0.11102763168878871,0.2263696067836063,0.6763502796560648,10000.0,0:02:20.942475,14827350.97906664,0.4915,0.4915,1.2943589515906593,1.3084011143068783
200,0.01,1,0.1,0.1,0.0,0.75,0.25,0.45016666666666666,1.3848397249705173,0.8647612698941755,0.5419847328244275,0.30038180610889775,0.09933554817275747,0.22721943048576215,0.6690158570349861,10000.0,0:02:24.869593,14827495.922136525,0.48596666666666666,0.48596666666666666,1.30694090951705,1.3190538895582367
201,0.01,1,0.1,0.1,0.0,0.75,0.5,0.4518611111111111,1.3815758475571664,0.8648671027573073,0.5453022944230447,0.2994086782710086,0.10197423456583571,0.22446091083173758,0.671746190357232,10000.0,0:02:26.029794,14827642.025468303,0.4875,0.4875,1.3042104731030946,1.3170500466317558
202,0.01,1,0.1,0.1,0.0,0.75,0.75,0.4536527777777778,1.379706920500497,0.8650865998176845,0.5494041708043694,0.3040133779264214,0.10331611398100317,0.22467849037572496,0.6702251876563803,10000.0,0:02:25.753629,14827787.853214892,0.48765,0.48765,1.3030815970715834,1.3163298261118017
203,0.01,1,0.1,0.1,0.0,0.75,1.0,0.4533611111111111,1.3796244116865675,0.8679260985352862,0.5473675455377194,0.3017593596264488,0.10357768326244683,0.2252109264054799,0.6725803764784275,10000.0,0:02:20.406847,14827928.333747888,0.48838333333333334,0.48838333333333334,1.3024083373012816,1.3158841038684672
204,0.01,1,0.1,0.1,0.0,1.0,0.25,0.4472777777777778,1.3927651734206543,0.8684984455087807,0.5353577371048253,0.30122184357077547,0.09565796040592248,0.2177278401997503,0.6696361668470568,10000.0,0:02:24.481627,14828072.888836928,0.48218333333333335,0.48218333333333335,1.3157237105174369,1.3269892079875183
205,0.01,1,0.1,0.1,0.0,1.0,0.5,0.44645833333333335,1.3911755997966244,0.866270803713306,0.5399800099950025,0.2999335879130002,0.09387483355525965,0.21748118746382206,0.6676485440161589,10000.0,0:02:24.918299,14828217.880450916,0.48231666666666667,0.48231666666666667,1.3152591065372727,1.326720835969628
206,0.01,1,0.1,0.1,0.0,1.0,0.75,0.44772222222222224,1.391806251392328,0.8658688606332585,0.535829942705306,0.2970512070837858,0.09408916346635499,0.21978940330937657,0.6704138562744608,10000.0,0:02:24.295780,14828362.249856304,0.4823,0.4823,1.3152151669517083,1.326688466722094
207,0.01,1,0.1,0.1,0.0,1.0,1.0,0.4468611111111111,1.3913049105178061,0.8656554712892741,0.5351911096144132,0.29875311720698255,0.09398029311915211,0.21938178780284043,0.6703470031545742,10000.0,0:02:20.009693,14828502.33370296,0.4827,0.4827,1.3152290632109584,1.3267553881066851
208,0.01,1,0.1,0.1,0.1,0.25,0.25,0.4574861111111111,1.3704206904492753,0.8651004482815873,0.5560441383887829,0.3030555324286071,0.10741174502258659,0.2342776439312121,0.6783763341457265,10000.0,0:02:24.351942,14828646.75888001,0.4922666666666667,0.4922666666666667,1.2925804383756185,1.3048073969123006
209,0.01,1,0.1,0.1,0.1,0.25,0.5,0.4592222222222222,1.3648491089037933,0.8638064355200799,0.5574482297929192,0.30490440565253535,0.11054350556904782,0.2318840579710145,0.6844425956738769,10000.0,0:02:25.249687,14828792.082385007,0.495,0.495,1.2870255118302947,1.3004513869797034
210,0.01,1,0.1,0.1,0.1,0.25,0.75,0.46095833333333336,1.362876105766454,0.864543489106935,0.5560755473842554,0.30618539513171056,0.11316975463194792,0.235052754982415,0.6867968232958306,10000.0,0:02:25.268079,14828937.4221832,0.4956333333333333,0.4956333333333333,1.2847077896604877,1.2987401447932547
211,0.01,1,0.1,0.1,0.1,0.25,1.0,0.46069444444444446,1.362292971775958,0.8635488998577763,0.5585765361270475,0.3038216032496062,0.11489254954427627,0.23732065398732066,0.6865945045795171,10000.0,0:02:20.393500,14829077.889373858,0.4962666666666667,0.4962666666666667,1.2831416235982775,1.2976690151390309
212,0.01,1,0.1,0.1,0.1,0.5,0.25,0.4513611111111111,1.3800977587062948,0.8655221745350501,0.5441701986204605,0.30417014178482066,0.10409075852931435,0.22438133200465038,0.6729291917167669,10000.0,0:02:25.985828,14829223.946441753,0.4887,0.4887,1.3012574833642914,1.313296709118566
213,0.01,1,0.1,0.1,0.1,0.5,0.5,0.4556527777777778,1.3752282924106196,0.8650301677824613,0.5492436974789916,0.30270857716100985,0.10791666666666666,0.22842131598699025,0.6764608233731739,10000.0,0:02:25.649793,14829369.67002491,0.49068333333333336,0.49068333333333336,1.2972413314913565,1.3103681963262304
214,0.01,1,0.1,0.1,0.1,0.5,0.75,0.456375,1.3728959369920108,0.8651741293532338,0.5497681351440874,0.30499583680266446,0.10714285714285714,0.22815371762740183,0.6799966465459423,10000.0,0:02:25.011871,14829514.755997548,0.49161666666666665,0.49161666666666665,1.2955098053305478,1.3092019818973883
215,0.01,1,0.1,0.1,0.1,0.5,1.0,0.45563888888888887,1.374293735378335,0.8647186147186147,0.553244800801804,0.30585882156846406,0.10774858663119388,0.2296160572999084,0.6737334112344545,10000.0,0:02:20.650323,14829655.479333084,0.49175,0.49175,1.2944898446948403,1.3084392671971323
216,0.01,1,0.1,0.1,0.1,0.75,0.25,0.4502777777777778,1.3853379944636501,0.8647029455816275,0.54165630440189,0.3018757327080891,0.10023348899266177,0.22344048509012376,0.6694290976058932,10000.0,0:02:25.713717,14829801.267399983,0.48591666666666666,0.48591666666666666,1.3070362218395903,1.31907451937834
217,0.01,1,0.1,0.1,0.1,0.75,0.5,0.45261111111111113,1.3822183366748046,0.866677776851929,0.54438511596863,0.3045795170691091,0.10144443516740419,0.22436057652253602,0.6733760292772186,10000.0,0:02:24.645118,14829945.985779876,0.48741666666666666,0.48741666666666666,1.3043032911941186,1.3170984673446768
218,0.01,1,0.1,0.1,0.1,0.75,0.75,0.4533055555555556,1.3803364570083767,0.866710875331565,0.5466087537587705,0.3034205904491093,0.10197780188600518,0.22562348819751438,0.6716244287494807,10000.0,0:02:25.442494,14830091.497808114,0.4875,0.4875,1.3031737995276131,1.3163621585427059
219,0.01,1,0.1,0.1,0.1,0.75,1.0,0.4519166666666667,1.3811991318639099,0.8630559959943253,0.5455154509672556,0.30151338766006985,0.10115076717811874,0.2275827649309599,0.673562645397142,10000.0,0:02:21.651407,14830233.223277884,0.4882166666666667,0.4882166666666667,1.3025064103474258,1.3159198473483944
220,0.01,1,0.1,0.1,0.1,1.0,0.25,0.44734722222222223,1.3916989813366623,0.865851630073187,0.5343161752457105,0.30280809932505626,0.09508795220710256,0.21776814734561215,0.6704144990770263,10000.0,0:02:24.052442,14830377.34901018,0.48255,0.48255,1.3157881127728421,1.327000955162363
221,0.01,1,0.1,0.1,0.1,1.0,0.5,0.4491805555555556,1.3910053728526361,0.8668503213957759,0.5413986130837998,0.30102851408980685,0.09687551661431641,0.22142499582846653,0.6704138562744608,10000.0,0:02:24.801998,14830522.227661707,0.48225,0.48225,1.3153255044417513,1.3267511565490728
222,0.01,1,0.1,0.1,0.1,1.0,0.75,0.44695833333333335,1.391513004244171,0.8678136802349979,0.5368866047745358,0.3034660460477101,0.09505544901192363,0.2130764740221833,0.6678327502915209,10000.0,0:02:24.042548,14830666.344443396,0.48228333333333334,0.48228333333333334,1.3152822519454892,1.3267134992055492
223,0.01,1,0.1,0.1,0.1,1.0,1.0,0.4477083333333333,1.3907246848733192,0.8651143451143452,0.5380765701893402,0.30289625239963275,0.09310862673118639,0.21805706635428,0.6653960888299636,10000.0,0:02:20.068995,14830806.483155495,0.4825333333333333,0.4825333333333333,1.3152957987667546,1.3267752375910058
224,0.01,1,0.1,0.1,1.0,0.25,0.25,0.45652777777777775,1.370273173467055,0.8648626213995185,0.5551003344481605,0.2996477692049648,0.10843173124896059,0.23145843703334992,0.6793727583618316,10000.0,0:02:24.882072,14830951.438885026,0.49075,0.49075,1.2944614044002325,1.3059242566990046
225,0.01,1,0.1,0.1,1.0,0.25,0.5,0.45879166666666665,1.3657311350011618,0.8649870260316398,0.5566061417454606,0.3048923025546836,0.10936198567382975,0.2346887966804979,0.6839575737487571,10000.0,0:02:25.782695,14831097.294906676,0.4940333333333333,0.4940333333333333,1.2888328885236182,1.3013750171616623
226,0.01,1,0.1,0.1,1.0,0.25,0.75,0.46034722222222224,1.363894863309417,0.8669717138103161,0.5588822355289421,0.3037585231997339,0.11491666666666667,0.23531375166889185,0.6824041520174117,10000.0,0:02:26.050540,14831243.41977601,0.4943,0.4943,1.2864650466741498,1.2996321947050489
227,0.01,1,0.1,0.1,1.0,0.25,1.0,0.46002777777777776,1.3635227625725395,0.8649215538216294,0.56183598937583,0.3046169287387086,0.1135130623487188,0.2333222701626286,0.6833277980737297,10000.0,0:02:20.526919,14831384.020219073,0.4952166666666667,0.4952166666666667,1.2848860958734638,1.2985523245295043
228,0.01,1,0.1,0.1,1.0,0.5,0.25,0.452125,1.380338447776868,0.8626005361930295,0.5504296321014432,0.3028419918800232,0.10335312317083369,0.22620723929429304,0.6710921843687375,10000.0,0:02:25.431998,14831529.526408384,0.48833333333333334,0.48833333333333334,1.30243512046585,1.3139819650196263
229,0.01,1,0.1,0.1,1.0,0.5,0.5,0.45472222222222225,1.3750343059062093,0.8665889407061959,0.5522388059701493,0.3038913423881343,0.10661795233745744,0.22550661530731872,0.6731873803379672,10000.0,0:02:25.832468,14831675.432957506,0.4905,0.4905,1.298407508419782,1.3109829122503804
230,0.01,1,0.1,0.1,1.0,0.5,0.75,0.45493055555555556,1.374415148919249,0.8654344735301497,0.5516782984380193,0.30273388512666166,0.1077293083430088,0.22721972347159752,0.6775997329327325,10000.0,0:02:25.251055,14831820.755854432,0.4909,0.4909,1.2966872372165108,1.309820290223747
231,0.01,1,0.1,0.1,1.0,0.5,1.0,0.4555416666666667,1.374842121219422,0.8621581054036024,0.5515813876469614,0.3021840613537846,0.11205531950345747,0.22883409945674885,0.6760822329934816,10000.0,0:02:22.526181,14831963.35627906,0.49135,0.49135,1.295676888778963,1.3091083901865512
232,0.01,1,0.1,0.1,1.0,0.75,0.25,0.44843055555555555,1.3853629182315164,0.8635833333333334,0.5416945187165776,0.3005,0.09938405193940403,0.21865646824077153,0.66814011676397,10000.0,0:02:27.107656,14832110.538463349,0.4856,0.4856,1.3078827929000951,1.3195255387827443
233,0.01,1,0.1,0.1,1.0,0.75,0.5,0.4510138888888889,1.3842378770036319,0.8669517102615694,0.5411686586985391,0.30244959173471087,0.10381197574952246,0.2253308761936673,0.6677738105123309,10000.0,0:02:26.744615,14832257.357470628,0.48691666666666666,0.48691666666666666,1.305148341816462,1.317519126353268
234,0.01,1,0.1,0.1,1.0,0.75,0.75,0.4517361111111111,1.38253682940208,0.8662302786169855,0.5484005331556148,0.30130822431464044,0.10507576384863791,0.22057104691935214,0.6730705256154358,10000.0,0:02:26.065209,14832403.496399868,0.48735,0.48735,1.3040162551998626,1.3168170629762528
235,0.01,1,0.1,0.1,1.0,0.75,1.0,0.4527638888888889,1.3805717986911403,0.8673614005835765,0.5430496630895932,0.30309587217043943,0.10370246272407438,0.2263367651942876,0.6725346237276822,10000.0,0:02:23.214062,14832546.78432105,0.4878,0.4878,1.3033467811339496,1.316371133349422
236,0.01,1,0.1,0.1,1.0,1.0,0.25,0.44790277777777776,1.3909455982631458,0.8680879413724184,0.537836043810156,0.30162297128589266,0.09606549160471138,0.21666666666666667,0.6666387819976577,10000.0,0:02:25.986553,14832692.844995473,0.4822,0.4822,1.316393714698272,1.3273374026441016
237,0.01,1,0.1,0.1,1.0,1.0,0.5,0.4471111111111111,1.3916326464355413,0.8656903765690377,0.5414309484193012,0.3006068667387148,0.09637348895373073,0.21404876430585504,0.6683963843321058,10000.0,0:02:25.700301,14832838.617189609,0.48185,0.48185,1.3159217427777408,1.3270586983953707
238,0.01,1,0.1,0.1,1.0,1.0,0.75,0.44855555555555554,1.3902186429450936,0.8676691729323308,0.536316095293434,0.30048196775801894,0.0962535541060378,0.21761701415054843,0.6708997343957503,10000.0,0:02:25.129444,14832983.821124708,0.48195,0.48195,1.3158804113609746,1.3270267373880682
239,0.01,1,0.1,0.1,1.0,1.0,1.0,0.4485,1.3901460401102406,0.8678977272727273,0.5391896379940219,0.30091940694110825,0.09594989561586639,0.2156731413261889,0.6713071023674558,10000.0,0:02:21.510790,14833125.406649694,0.48205,0.48205,1.3158950182217009,1.327095194938282
240,0.01,1,0.1,1.0,0.0,0.25,0.25,0.45793055555555556,1.3703539656448835,0.8651085141903172,0.5570307281229125,0.3065919357537226,0.10914063147426867,0.2297206890784412,0.6802320762536261,10000.0,0:02:26.137654,14833271.618764147,0.49191666666666667,0.49191666666666667,1.2929652766638735,1.304863800285358
241,0.01,1,0.1,1.0,0.0,0.25,0.5,0.45919444444444446,1.363465384397251,0.8660899941778258,0.5578664877557866,0.30252521043420283,0.10958676311632161,0.23518641810918775,0.6846224294396803,10000.0,0:02:26.562796,14833418.256039089,0.49485,0.49485,1.2874018507200993,1.3004494458275537
242,0.01,1,0.1,1.0,0.0,0.25,0.75,0.45925,1.3625771865581726,0.8684961396441759,0.5575213888196694,0.30307320729574416,0.11091681239070697,0.23309906291834004,0.6829510640059617,10000.0,0:02:26.318207,14833564.646562904,0.49573333333333336,0.49573333333333336,1.2850774167902472,1.298702944751001
243,0.01,1,0.1,1.0,0.0,0.25,1.0,0.46008333333333334,1.3615324922909378,0.8660885516551322,0.5608865277662488,0.30312918340026773,0.11188348229063225,0.2367097098775784,0.682113685614269,10000.0,0:02:21.473080,14833706.19427034,0.4958666666666667,0.4958666666666667,1.2835138974380311,1.2976456090751518
244,0.01,1,0.1,1.0,0.0,0.5,0.25,0.453625,1.3773603946252413,0.8668663671159926,0.5519139354515887,0.3010886728164215,0.1037006237006237,0.2264863957003695,0.6701039501039501,10000.0,0:02:26.804156,14833853.073218891,0.48838333333333334,0.48838333333333334,1.301458677320357,1.313342826846366
245,0.01,1,0.1,1.0,0.0,0.5,0.5,0.4563888888888889,1.3741788744413606,0.8656866020715002,0.5542138780911422,0.30675924376777647,0.10646799300757513,0.22722301674097753,0.6743358437474137,10000.0,0:02:26.336440,14833999.482798085,0.4908666666666667,0.4908666666666667,1.2974445404904176,1.3104036411821791
246,0.01,1,0.1,1.0,0.0,0.5,0.75,0.45590277777777777,1.3738872884588689,0.8667277879646608,0.5520267446719599,0.3039019509754877,0.10857763300760044,0.22542146553163078,0.6762905360688286,10000.0,0:02:25.498648,14834145.054085804,0.4917,0.4917,1.2957265941249363,1.3092138733981797
247,0.01,1,0.1,1.0,0.0,0.5,1.0,0.45681944444444444,1.373373771468175,0.8664232971044553,0.5523975733399817,0.3049787340505379,0.11031938972252493,0.22864509689761292,0.6748809623256202,10000.0,0:02:22.196581,14834287.32394479,0.4916833333333333,0.4916833333333333,1.2947115019641204,1.3085168757604229
248,0.01,1,0.1,1.0,0.0,0.75,0.25,0.4503333333333333,1.3844907004419014,0.8639433097123802,0.5417047057847124,0.30075440067057835,0.10114233302759944,0.22369407648087977,0.6689941812136326,10000.0,0:02:27.014515,14834434.413050964,0.4858,0.4858,1.3071551883331431,1.3191276158271874
249,0.01,1,0.1,1.0,0.0,0.75,0.5,0.45152777777777775,1.383141199784117,0.8657016149276211,0.5401934623082054,0.30005813470641973,0.10428119273696485,0.22805845511482253,0.6722060656418779,10000.0,0:02:26.001716,14834580.489326157,0.48738333333333334,0.48738333333333334,1.304436566026077,1.3171307038639466
250,0.01,1,0.1,1.0,0.0,0.75,0.75,0.4536527777777778,1.3804065570257997,0.8676912796525226,0.5480287337119947,0.3050847457627119,0.10357500835282325,0.22644022644022643,0.6714855433698903,10000.0,0:02:26.264707,14834726.828646127,0.4877666666666667,0.4877666666666667,1.3033112346964422,1.3164113875498684
251,0.01,1,0.1,1.0,0.0,0.75,1.0,0.45166666666666666,1.3803129008539816,0.8666444684924665,0.5451731637945457,0.3003083076410299,0.1034425272984913,0.221676107964012,0.67209708253678,10000.0,0:02:22.244746,14834869.146087548,0.48806666666666665,0.48806666666666665,1.3026462041481874,1.315946215149222
252,0.01,1,0.1,1.0,0.0,1.0,0.25,0.4471805555555556,1.3921792300497022,0.8665553235908142,0.5381727158948686,0.3015688553166764,0.09544738369682394,0.21730045967404932,0.6672236611245718,10000.0,0:02:25.985602,14835015.206696602,0.48236666666666667,0.48236666666666667,1.3158506417997045,1.3270285042009524
253,0.01,1,0.1,1.0,0.0,1.0,0.5,0.44675,1.3939271196445135,0.8671398747390396,0.5345675923609373,0.30223695111847554,0.09588583827088375,0.21462559479088406,0.6668888518580237,10000.0,0:02:25.428101,14835160.709836684,0.48225,0.48225,1.3153811582417818,1.326775816640351
254,0.01,1,0.1,1.0,0.0,1.0,0.75,0.44772222222222224,1.3927884701822675,0.8636173942074952,0.5391232423490488,0.30295956648603584,0.09569937369519833,0.21734412820298807,0.6668058106528636,10000.0,0:02:26.283157,14835307.066949598,0.4822666666666667,0.4822666666666667,1.3153413447987745,1.32673576623874
255,0.01,1,0.1,1.0,0.0,1.0,1.0,0.44683333333333336,1.3935933891137489,0.8644945697577276,0.5363719690025831,0.3029399585921325,0.09422771698270821,0.2165583874729302,0.6680303915838691,10000.0,0:02:20.493935,14835447.6333643,0.4825333333333333,0.4825333333333333,1.315354147558799,1.326800325621437
256,0.01,1,0.1,1.0,0.1,0.25,0.25,0.45529166666666665,1.3722184373784636,0.8673829108611717,0.5556390349778779,0.30186644545831604,0.10588821526451292,0.228186804055177,0.67888452867997,10000.0,0:02:27.021058,14835594.728928927,0.4917,0.4917,1.2931669544056756,1.3049850166439751
257,0.01,1,0.1,1.0,0.1,0.25,0.5,0.4590416666666667,1.3649720613353429,0.8653095139177399,0.5577805590321235,0.3067646815891633,0.10980097006188326,0.23083994985374007,0.6830962343096234,10000.0,0:02:26.950758,14835741.751812108,0.49483333333333335,0.49483333333333335,1.2876052846760222,1.3005599429969055
258,0.01,1,0.1,1.0,0.1,0.25,0.75,0.4582361111111111,1.3657719727046032,0.8641427255214005,0.5553154351259247,0.3052078117175764,0.11176862810468412,0.23391037853060548,0.6823912498956333,10000.0,0:02:26.684317,14835888.50906724,0.4955,0.4955,1.2852694925042505,1.2988110645823956
259,0.01,1,0.1,1.0,0.1,0.25,1.0,0.4601388888888889,1.3628084967515246,0.8669552909832653,0.5580972830126353,0.3016453382084095,0.11197329995828119,0.23950699533644237,0.684299333502067,10000.0,0:02:22.094840,14836030.67859278,0.4957,0.4957,1.2836908022602327,1.2977575082150288
260,0.01,1,0.1,1.0,0.1,0.5,0.25,0.4532361111111111,1.3778159895508335,0.8650444315256208,0.5463063666025265,0.3046496069576852,0.1039307128580946,0.22636795202798368,0.6713205351948808,10000.0,0:02:26.536904,14836177.288572663,0.4884833333333333,0.4884833333333333,1.301585192860761,1.31339773836199
261,0.01,1,0.1,1.0,0.1,0.5,0.5,0.45568055555555553,1.3745221813998532,0.8652962313027492,0.5513396571808953,0.3065978866794242,0.10804061927750958,0.22802037238039577,0.6758850478967097,10000.0,0:02:25.411293,14836322.77304282,0.49095,0.49095,1.2975748066052017,1.3104610907287182
262,0.01,1,0.1,1.0,0.1,0.5,0.75,0.45656944444444447,1.3722286219008355,0.866870002473003,0.5484407484407484,0.30654314805541644,0.10525875062803551,0.22667338540354415,0.6770165653874969,10000.0,0:02:25.645778,14836468.49322668,0.4918166666666667,0.4918166666666667,1.295855632762738,1.3092947672026025
263,0.01,1,0.1,1.0,0.1,0.5,1.0,0.4567361111111111,1.3723085563076234,0.8644462947543714,0.5525288597292584,0.3030758943497158,0.10999581764951903,0.23064099358172876,0.6766392420842683,10000.0,0:02:21.270653,14836609.838847073,0.4914833333333333,0.4914833333333333,1.2948370172918038,1.308574480214363
264,0.01,1,0.1,1.0,0.1,0.75,0.25,0.45008333333333334,1.3844443446221675,0.8630636604774535,0.5423771313941825,0.3025464324733171,0.1016398901190377,0.22202826267664172,0.6660847880299252,10000.0,0:02:25.416065,14836755.327261455,0.4858166666666667,0.4858166666666667,1.3072476886809454,1.3191600828097823
265,0.01,1,0.1,1.0,0.1,0.75,0.5,0.4528333333333333,1.3801543545523411,0.8649298929727038,0.5502790968924436,0.30335570469798656,0.09953434225844005,0.22585215434619552,0.6709725810484207,10000.0,0:02:24.995692,14836900.396657424,0.48715,0.48715,1.304520949976189,1.3171614551217192
266,0.01,1,0.1,1.0,0.1,0.75,0.75,0.4522638888888889,1.3810424045912442,0.8640325392213829,0.5440638510143,0.3028557114228457,0.10433333333333333,0.22517774989544123,0.6702517925629481,10000.0,0:02:25.436408,14837045.905636098,0.48783333333333334,0.48783333333333334,1.303398246907405,1.3164585181564197
267,0.01,1,0.1,1.0,0.1,0.75,1.0,0.452625,1.379788676342117,0.866439494680851,0.5477202633991831,0.2999001165307142,0.10425868822401867,0.22604852830817976,0.6709569577935646,10000.0,0:02:20.741577,14837186.722311893,0.48838333333333334,0.48838333333333334,1.302740577550699,1.3160170207444268
268,0.01,1,0.1,1.0,0.1,1.0,0.25,0.44863888888888886,1.3900274076027568,0.867195325542571,0.5377507699991676,0.3018538531881287,0.0960026760327814,0.21920093418967387,0.6687723381265065,10000.0,0:02:25.117396,14837331.913150238,0.4824333333333333,0.4824333333333333,1.3159136228877255,1.3270527154833802
269,0.01,1,0.1,1.0,0.1,1.0,0.5,0.4498611111111111,1.3907372741663784,0.8668165917041479,0.54211140760507,0.3019213174748399,0.09829663481512256,0.217325356029325,0.6698683447876128,10000.0,0:02:24.226425,14837476.214338614,0.4822666666666667,0.4822666666666667,1.3154458567209533,1.3267891820043118
270,0.01,1,0.1,1.0,0.1,1.0,0.75,0.44808333333333333,1.3912116960132486,0.8674568066104665,0.5382365231926453,0.30437332439678283,0.09337324353537874,0.21824077153308946,0.6671640553759429,10000.0,0:02:24.819946,14837621.108967096,0.48213333333333336,0.48213333333333336,1.3154077558600257,1.326767163527198
271,0.01,1,0.1,1.0,0.1,1.0,1.0,0.4487083333333333,1.3915344215081615,0.86926682289923,0.5406190357646669,0.3012664597836115,0.09352398370604373,0.22105263157894736,0.665866379667191,10000.0,0:02:18.525518,14837759.709830936,0.4826,0.4826,1.3154198701968038,1.3268294095525828
272,0.01,1,0.1,1.0,1.0,0.25,0.25,0.45629166666666665,1.3715842634643063,0.8666054892800534,0.5550854488136718,0.3018348623853211,0.10380421210355448,0.2334056037358239,0.6777833500501504,10000.0,0:02:25.346101,14837905.131215353,0.491,0.491,1.2950389560178426,1.306221047572714
273,0.01,1,0.1,1.0,1.0,0.25,0.5,0.4581388888888889,1.3652999980986633,0.8653237889129349,0.5546959487563431,0.30174563591022446,0.10882082950847033,0.23336950171104248,0.6843204410659093,10000.0,0:02:25.633419,14838050.839733545,0.49378333333333335,0.49378333333333335,1.2894036778003366,1.3016634182228397
274,0.01,1,0.1,1.0,1.0,0.25,0.75,0.45920833333333333,1.3647251412944779,0.8647117627457515,0.5598597428619135,0.3052605168520532,0.11232423490488007,0.23009441056061491,0.684469255124146,10000.0,0:02:26.113133,14838197.02803616,0.49415,0.49415,1.2870483634226033,1.2999750073251521
275,0.01,1,0.1,1.0,1.0,0.25,1.0,0.45981944444444445,1.3626888992191968,0.8655721310109176,0.5568087576712556,0.3054101221640489,0.11370091896407686,0.2330745471241339,0.6838057018643926,10000.0,0:02:20.413447,14838337.5160424,0.4946333333333333,0.4946333333333333,1.2854826722334143,1.2988124911307823
276,0.01,1,0.1,1.0,1.0,0.5,0.25,0.45195833333333335,1.3803021897342118,0.863360239660481,0.5503260324360475,0.30039130796769625,0.10288509368263969,0.22829796088223053,0.6696555769714237,10000.0,0:02:24.912674,14838482.503742253,0.48795,0.48795,1.3027266194579328,1.3141360438284464
277,0.01,1,0.1,1.0,1.0,0.5,0.5,0.45444444444444443,1.3764638719931077,0.8652446675031368,0.5491536729759026,0.30279348187562355,0.10633144002672903,0.2268178785857238,0.6762023217247097,10000.0,0:02:26.100774,14838628.678165656,0.4904,0.4904,1.2987108618081857,1.3111256768744335
278,0.01,1,0.1,1.0,1.0,0.5,0.75,0.4543888888888889,1.3760614716223327,0.8648059676473053,0.5542729009218503,0.30558096980786825,0.10522799398697177,0.22930991632839035,0.6707357859531773,10000.0,0:02:24.843345,14838773.59718818,0.4908166666666667,0.4908166666666667,1.296990786089787,1.309989513787829
279,0.01,1,0.1,1.0,1.0,0.5,1.0,0.455,1.374520673242838,0.8654779842625147,0.5516722408026756,0.3060884070058382,0.1086522462562396,0.22547876769358868,0.6740930925956601,10000.0,0:02:21.832126,14838915.50443312,0.49095,0.49095,1.2959962469109858,1.3092493535340246
280,0.01,1,0.1,1.0,1.0,0.75,0.25,0.4495,1.3858490761092126,0.8647674905739422,0.5448867421718854,0.2976979132162968,0.10118100343412346,0.22224991691591892,0.6681659170414792,10000.0,0:02:26.446068,14839062.02457742,0.48546666666666666,0.48546666666666666,1.30806246671288,1.3196218399148332
281,0.01,1,0.1,1.0,1.0,0.75,0.5,0.45231944444444444,1.3803996255676014,0.8668939142001996,0.5401065069063072,0.30153307782036326,0.10184489523332499,0.22714333556597455,0.6731232853936321,10000.0,0:02:26.599542,14839208.697839255,0.48723333333333335,0.48723333333333335,1.3053426476081669,1.317651795618236
282,0.01,1,0.1,1.0,1.0,0.75,0.75,0.4514166666666667,1.3833653489693567,0.8655469206985877,0.5412675939035563,0.30135045015005,0.10468000661485034,0.22553369610715782,0.6730047535651739,10000.0,0:02:26.315817,14839355.0889799,0.48745,0.48745,1.3042008743328517,1.3169351954972373
283,0.01,1,0.1,1.0,1.0,0.75,1.0,0.45084722222222223,1.3809935794452288,0.8657411256131017,0.5425273898134984,0.2983123759099934,0.1035515262413707,0.22507122507122507,0.6703149803659454,10000.0,0:02:21.881128,14839497.045622792,0.48785,0.48785,1.3035328807703035,1.3165008946530934
284,0.01,1,0.1,1.0,1.0,1.0,0.25,0.4476527777777778,1.3924829897678177,0.8658333333333333,0.5354421994037761,0.30277986476333585,0.09291219839142091,0.2184494438404282,0.666030534351145,10000.0,0:02:25.128662,14839642.249606332,0.48205,0.48205,1.3165023460735383,1.3274202423133474
285,0.01,1,0.1,1.0,1.0,1.0,0.5,0.4479722222222222,1.3916079101770953,0.864669764354464,0.5391571262651402,0.3039207525181054,0.0952977532782093,0.2153026392473566,0.6687400184920568,10000.0,0:02:25.214669,14839787.539753152,0.4817666666666667,0.4817666666666667,1.3160335275488402,1.3271398055862325
286,0.01,1,0.1,1.0,1.0,1.0,0.75,0.4482777777777778,1.3904869593315645,0.86725,0.543728135932034,0.30374143978620344,0.09545983701979045,0.2160854330051727,0.6633910726182545,10000.0,0:02:25.296457,14839932.911478378,0.48195,0.48195,1.3159935899023025,1.3271014837934636
287,0.01,1,0.1,1.0,1.0,1.0,1.0,0.44706944444444446,1.3910088558597822,0.8664106203556817,0.5369894789164112,0.3006140059741122,0.09528585757271815,0.2156286721504113,0.6652803194144069,10000.0,0:02:20.913510,14840073.898284286,0.48195,0.48195,1.316008730673593,1.3271701782002217
288,0.01,1,1.0,0.0,0.0,0.25,0.25,0.4570972222222222,1.3685130856656489,0.8687323005164085,0.5546679980029955,0.30149625935162094,0.10385287509361738,0.23392886959425613,0.6809472010710401,10000.0,0:02:25.196298,14840219.170429332,0.49266666666666664,0.49266666666666664,1.2923706505423558,1.3047947443489296
289,0.01,1,1.0,0.0,0.0,0.25,0.5,0.45794444444444443,1.3680732530889907,0.8624653855836201,0.5553336661674155,0.30381221907774264,0.11062130915744822,0.23484848484848486,0.6840046604527297,10000.0,0:02:25.530392,14840364.77590342,0.4950333333333333,0.4950333333333333,1.2868378754162622,1.300481132422962
290,0.01,1,1.0,0.0,0.0,0.25,0.75,0.45855555555555555,1.366314404680914,0.8660026782725142,0.5532021347565044,0.3043949628888333,0.11238302139037433,0.2331649134432204,0.6838210841370136,10000.0,0:02:25.897665,14840510.747835854,0.49606666666666666,0.49606666666666666,1.2845004540873857,1.298741617578625
291,0.01,1,1.0,0.0,0.0,0.25,1.0,0.4600972222222222,1.3637658148954441,0.8665277198832847,0.5558784456991033,0.302308140988251,0.11367063159658235,0.23502956608644957,0.6850603412401165,10000.0,0:02:20.877270,14840651.700817132,0.49611666666666665,0.49611666666666665,1.2829662678412739,1.2977503324755624
292,0.01,1,1.0,0.0,0.0,0.5,0.25,0.45306944444444447,1.3782775890333858,0.8646622803364704,0.5474476987447698,0.30570595585172844,0.10336197547342955,0.22392663609837432,0.6720305242203053,10000.0,0:02:25.764362,14840797.540544137,0.48878333333333335,0.48878333333333335,1.3010874243144848,1.3132217066378022
293,0.01,1,1.0,0.0,0.0,0.5,0.5,0.45625,1.3753697436056431,0.8669488711819389,0.5467816854678168,0.30654811367791257,0.10775971016934872,0.2297872340425532,0.673800799467022,10000.0,0:02:25.719282,14840943.333142484,0.49091666666666667,0.49091666666666667,1.2970686321909441,1.3103233496627718
294,0.01,1,1.0,0.0,0.0,0.5,0.75,0.4551527777777778,1.3747353185041218,0.8654551517172391,0.5508807079055013,0.3029087261785356,0.10557752166232018,0.22873876103274768,0.6752966558791802,10000.0,0:02:26.814373,14841090.220732505,0.49166666666666664,0.49166666666666664,1.2953410228712408,1.3091529451376862
295,0.01,1,1.0,0.0,0.0,0.5,1.0,0.456,1.3743811663317171,0.8614833929909265,0.5531844224860915,0.30509181969949917,0.11049908195626773,0.22793994995829858,0.6762008005336891,10000.0,0:02:21.315381,14841231.609893816,0.4919,0.4919,1.2943286362147948,1.308411733442038
296,0.01,1,1.0,0.0,0.0,0.75,0.25,0.4509722222222222,1.3837614737230683,0.8632024570432473,0.5438654902613618,0.29933852465879596,0.10022438294689603,0.22279011311269376,0.6731792484203525,10000.0,0:02:27.198343,14841378.883005356,0.48591666666666666,0.48591666666666666,1.3069136688381588,1.3190270661934693
297,0.01,1,1.0,0.0,0.0,0.75,0.5,0.451625,1.3829058923942559,0.8661737830204352,0.5468017414601474,0.29881902860944776,0.10053218027606851,0.22704187827824493,0.671573137074517,10000.0,0:02:25.715215,14841524.67391802,0.48751666666666665,0.48751666666666665,1.3041861458848367,1.317043769750537
298,0.01,1,1.0,0.0,0.0,0.75,0.75,0.454,1.3805648312765433,0.8647322913202528,0.5463123913583313,0.30612244897959184,0.10229856024248547,0.2256744341434895,0.6725656364240612,10000.0,0:02:24.163053,14841668.912691437,0.48773333333333335,0.48773333333333335,1.3030512461540027,1.3163133586967468
299,0.01,1,1.0,0.0,0.0,0.75,1.0,0.45205555555555554,1.3812416186175662,0.8668171557562077,0.5451807228915663,0.3012419771609569,0.10358632193494578,0.226775956284153,0.6711861587090334,10000.0,0:02:20.540206,14841809.528363287,0.48828333333333335,0.48828333333333335,1.302390277826898,1.3159008470394442
300,0.01,1,1.0,0.0,0.0,1.0,0.25,0.4476805555555556,1.3920174601557025,0.8662601286442235,0.5375125041680561,0.2995341873232407,0.09728788255785022,0.21934513865686603,0.6689200467367719,10000.0,0:02:24.700575,14841954.302547624,0.48235,0.48235,1.3157118266860672,1.326981151745603
301,0.01,1,1.0,0.0,0.0,1.0,0.5,0.44680555555555557,1.3924587698052528,0.8677222082600319,0.5401819243928899,0.30181271405897586,0.09710013965333114,0.2150295759393485,0.6673091427134836,10000.0,0:02:24.395699,14842098.773830645,0.48255,0.48255,1.3152395903226841,1.3267200900971785
302,0.01,1,1.0,0.0,0.0,1.0,0.75,0.44779166666666664,1.3914846303650812,0.8643053130456473,0.539021329987453,0.3055555555555556,0.09351017684351018,0.21696071904127828,0.665063836842978,10000.0,0:02:23.012354,14842241.861999212,0.48233333333333334,0.48233333333333334,1.315198976097089,1.3266859572375607
303,0.01,1,1.0,0.0,0.0,1.0,1.0,0.447875,1.3914983065746123,0.8687097044293729,0.5380702193311651,0.30074309092427154,0.09442453537794816,0.22056755191528088,0.6680829792551862,10000.0,0:02:19.277653,14842381.215305392,0.4826,0.4826,1.3152150889155338,1.3267554335271319
304,0.01,1,1.0,0.0,0.1,0.25,0.25,0.459625,1.3675569748065577,0.8675419644341034,0.5603183815604013,0.3008481623149842,0.10644514944064118,0.23349354920313686,0.6836904168742733,10000.0,0:02:22.458256,14842523.748015886,0.49206666666666665,0.49206666666666665,1.2925309749383034,1.304857083553914
305,0.01,1,1.0,0.0,0.1,0.25,0.5,0.4595416666666667,1.365315416281295,0.8668833875135451,0.5592558757578274,0.30341487851715787,0.1121768140116764,0.23311203319502075,0.683549602344077,10000.0,0:02:22.833122,14842666.656811744,0.4948666666666667,0.4948666666666667,1.2869763100218368,1.3004882705938847
306,0.01,1,1.0,0.0,0.1,0.25,0.75,0.46108333333333335,1.3630254162649762,0.864554751808431,0.558681538205427,0.3087192323738006,0.1128043730329634,0.23741067675493904,0.6832153269471054,10000.0,0:02:22.640367,14842809.371721456,0.49573333333333336,0.49573333333333336,1.2846685812697662,1.2987698061395074
307,0.01,1,1.0,0.0,0.1,0.25,1.0,0.4595416666666667,1.3626360789751841,0.8642201834862385,0.5572690896965655,0.3035119840213049,0.11439940313354886,0.23631051752921536,0.6843998327059808,10000.0,0:02:19.959446,14842949.40739294,0.4964,0.4964,1.283110355502714,1.2977387281132138
308,0.01,1,1.0,0.0,0.1,0.5,0.25,0.45245833333333335,1.379724325788852,0.8649237472766884,0.5458336808741346,0.3041993001166472,0.10541192119045639,0.22586293146573286,0.6706770660471291,10000.0,0:02:24.368920,14843093.85043285,0.48865,0.48865,1.3012168298935973,1.3132941511471807
309,0.01,1,1.0,0.0,0.1,0.5,0.5,0.4548333333333333,1.375677034968402,0.8643388188121293,0.548702644449971,0.30414861712762414,0.10532012322038131,0.22736368184092046,0.6806891360709209,10000.0,0:02:24.867328,14843238.790569732,0.49083333333333334,0.49083333333333334,1.297192455044444,1.3103778185383417
310,0.01,1,1.0,0.0,0.1,0.5,0.75,0.4565416666666667,1.3739270459581914,0.865456354140761,0.5511955344497209,0.3049420785065422,0.10912880366819508,0.22920517560073936,0.6744475826549261,10000.0,0:02:24.946597,14843383.811542712,0.4915833333333333,0.4915833333333333,1.2954721253741106,1.3091757217188262
311,0.01,1,1.0,0.0,0.1,0.5,1.0,0.455125,1.3747540277145156,0.8653526280771789,0.5501083875270969,0.30506497834055313,0.10676453415630995,0.22649359294391747,0.6768022721577145,10000.0,0:02:21.421767,14843525.31379672,0.49173333333333336,0.49173333333333336,1.294441593453937,1.3084129029024496
312,0.01,1,1.0,0.0,0.1,0.75,0.25,0.45113888888888887,1.383970524969398,0.8682415571452338,0.543260058067192,0.30106001168516816,0.1025362015568762,0.22412367724867724,0.6682914530632826,10000.0,0:02:25.722128,14843671.113196556,0.4859833333333333,0.4859833333333333,1.307006816951204,1.3190913993054483
313,0.01,1,1.0,0.0,0.1,0.75,0.5,0.4505277777777778,1.3835867849858912,0.8653846153846154,0.5439920391408907,0.30114730759567876,0.10181033050988209,0.2248417194268577,0.667583791895948,10000.0,0:02:25.034983,14843816.224192584,0.48723333333333335,0.48723333333333335,1.3042789961851085,1.3170942815382862
314,0.01,1,1.0,0.0,0.1,0.75,0.75,0.45152777777777775,1.3824658188180916,0.8667944018660446,0.5463900276081318,0.30229285655161,0.10201868535201869,0.22533576521306584,0.6699966420416387,10000.0,0:02:25.898639,14843962.199373974,0.48773333333333335,0.48773333333333335,1.3031474143661859,1.3163677177575106
315,0.01,1,1.0,0.0,0.1,0.75,1.0,0.4525138888888889,1.3810644558346474,0.8640647152030689,0.5479943290801434,0.30097981743572566,0.10555555555555556,0.2246919746919747,0.6733027905039567,10000.0,0:02:20.543431,14844102.819353126,0.48833333333333334,0.48833333333333334,1.3024770486020212,1.315898504342056
316,0.01,1,1.0,0.0,0.1,1.0,0.25,0.4474861111111111,1.3923908080501666,0.8682629734690472,0.5373956594323873,0.30143261702482094,0.09431922149214006,0.21709486987611207,0.668725997662381,10000.0,0:02:24.026240,14844246.921800349,0.4822666666666667,0.4822666666666667,1.3157756892601378,1.3270005961074494
317,0.01,1,1.0,0.0,0.1,1.0,0.5,0.4484722222222222,1.3905019223444637,0.8663403302082469,0.5387160820648577,0.2974217311233886,0.09659613615455381,0.21966911764705882,0.6672505839172506,10000.0,0:02:24.480201,14844391.478233611,0.48228333333333334,0.48228333333333334,1.3153108881368087,1.3267448035754368
318,0.01,1,1.0,0.0,0.1,1.0,0.75,0.4483333333333333,1.3915552030424923,0.8675969764930642,0.537517736415992,0.2980392156862745,0.09415991310886457,0.2187369997503952,0.6718580827850421,10000.0,0:02:25.077633,14844536.631802885,0.4821666666666667,0.4821666666666667,1.315267249585632,1.326707735757033
319,0.01,1,1.0,0.0,0.1,1.0,1.0,0.4484444444444444,1.3910278194749042,0.8669271049788048,0.5391340549542049,0.3020268579531237,0.09627045435667414,0.2196843853820598,0.6692456479690522,10000.0,0:02:21.644976,14844678.35054597,0.48255,0.48255,1.31528114137582,1.326770832381263
320,0.01,1,1.0,0.0,1.0,0.25,0.25,0.45494444444444443,1.37254374178558,0.8619763244060112,0.553249771727401,0.3005732325330232,0.1054512215389729,0.23431241655540722,0.6781513306081588,10000.0,0:02:24.782340,14844823.209503148,0.49101666666666666,0.49101666666666666,1.2943879662840345,1.305877565166499
321,0.01,1,1.0,0.0,1.0,0.25,0.5,0.4578055555555556,1.3666188735925013,0.8649509598457541,0.5555278055278056,0.3061816373881339,0.11082580965791436,0.23247820254862508,0.6809841534612177,10000.0,0:02:24.113511,14844967.399073344,0.4938166666666667,0.4938166666666667,1.2887514109238953,1.3013093568933352
322,0.01,1,1.0,0.0,1.0,0.25,0.75,0.45955555555555555,1.3648017976374673,0.8651647893199833,0.5587309476474487,0.30618000829531317,0.11336942940441483,0.23224568138195778,0.6839495798319327,10000.0,0:02:22.960326,14845110.434570137,0.49448333333333333,0.49448333333333333,1.2864074039033644,1.2995859647414698
323,0.01,1,1.0,0.0,1.0,0.25,1.0,0.459,1.3645772524057282,0.8640485897329229,0.5582858101308286,0.3070307281229125,0.11151645800514054,0.23373933217333664,0.6830390762279307,10000.0,0:02:19.377503,14845249.887915188,0.4952666666666667,0.4952666666666667,1.284815100416302,1.2985501899801246
324,0.01,1,1.0,0.0,1.0,0.5,0.25,0.45368055555555553,1.3791369949228676,0.8645461340420231,0.5475672964387226,0.30390605480136584,0.10439926678886852,0.22939698492462313,0.6693227091633466,10000.0,0:02:24.394719,14845394.358988684,0.4882,0.4882,1.30239825424018,1.313957376853718
325,0.01,1,1.0,0.0,1.0,0.5,0.5,0.45563888888888887,1.375193477274037,0.8666722046851636,0.549630981010034,0.3015608046072949,0.10900553412711722,0.22597597597597596,0.6764656895403065,10000.0,0:02:24.764981,14845539.19755192,0.4904,0.4904,1.298375811394987,1.3109649660921552
326,0.01,1,1.0,0.0,1.0,0.5,0.75,0.45366666666666666,1.376828738860393,0.8654712260216847,0.5499003653271338,0.30105912767909265,0.10728321766033949,0.22667778240933723,0.6698278013476416,10000.0,0:02:24.277648,14845683.551722871,0.4910333333333333,0.4910333333333333,1.296648012346981,1.3098016140768562
327,0.01,1,1.0,0.0,1.0,0.5,1.0,0.4561527777777778,1.3726775429165297,0.8668383452400731,0.5532286212914486,0.30223258913695433,0.10954564401834098,0.229627158228376,0.6746503642910979,10000.0,0:02:20.176546,14845823.803384932,0.4915833333333333,0.4915833333333333,1.2956324271941713,1.3090791315553554
328,0.01,1,1.0,0.0,1.0,0.75,0.25,0.4505972222222222,1.3850675104341377,0.8647527381347494,0.5422918937044178,0.3007625911338306,0.10295337647254024,0.22191666666666668,0.6697972074468085,10000.0,0:02:23.680202,14845967.560254723,0.4858166666666667,0.4858166666666667,1.307863264315551,1.3195217379234834
329,0.01,1,1.0,0.0,1.0,0.75,0.5,0.45275,1.3811056015062593,0.8656852960745176,0.5495517928286853,0.3028045207199665,0.10217825074825407,0.2254575707154742,0.6713028906577294,10000.0,0:02:25.195762,14846112.832233876,0.4869,0.4869,1.305137403957475,1.3175217450392536
330,0.01,1,1.0,0.0,1.0,0.75,0.75,0.4509722222222222,1.3818250350699686,0.8671660424469413,0.5431708534353685,0.2981536926147705,0.10266633441315724,0.22596033140848606,0.6694000502050038,10000.0,0:02:25.080516,14846257.986935003,0.4876,0.4876,1.3039974586790293,1.3168213134261055
331,0.01,1,1.0,0.0,1.0,0.75,1.0,0.45122222222222225,1.3812116253975588,0.867225774308727,0.5451734224822399,0.3033922202869702,0.10019990004997502,0.2240646612782268,0.6682595573440644,10000.0,0:02:20.628383,14846398.689572226,0.48788333333333334,0.48788333333333334,1.3033250426359213,1.316363345600613
332,0.01,1,1.0,0.0,1.0,1.0,0.25,0.4484861111111111,1.3892322477464736,0.8675689139820657,0.5393802722792951,0.30075814379738397,0.096040016673614,0.22028937024337208,0.6641170601928833,10000.0,0:02:24.014324,14846542.780420756,0.48235,0.48235,1.3163825086272893,1.3273242017096425
333,0.01,1,1.0,0.0,1.0,1.0,0.5,0.4472638888888889,1.392387711775951,0.8662669664418353,0.5394090719933416,0.2997579904865226,0.09613941465855082,0.21501536417241093,0.6676979680575299,10000.0,0:02:23.245325,14846686.099850085,0.48173333333333335,0.48173333333333335,1.3159130653540876,1.3270718797432879
334,0.01,1,1.0,0.0,1.0,1.0,0.75,0.44706944444444446,1.3922467101392044,0.8659492826159493,0.5393398899816636,0.29964924002004345,0.09404910528506034,0.21791888297872342,0.6668056366213625,10000.0,0:02:22.997220,14846829.173450455,0.48191666666666666,0.48191666666666666,1.3158679757609508,1.3270247767815988
335,0.01,1,1.0,0.0,1.0,1.0,1.0,0.44633333333333336,1.3920385038675507,0.8664497831164498,0.5354429322868832,0.2997161462681583,0.09416335978835978,0.21825132978723405,0.6690418308324252,10000.0,0:02:20.292028,14846969.541941231,0.4820333333333333,0.4820333333333333,1.3158843080703024,1.3270918522577009
336,0.01,1,1.0,0.1,0.0,0.25,0.25,0.45719444444444446,1.3676743739632033,0.865825307206908,0.5584858569051581,0.301460823373174,0.1085531843387666,0.22861418239255132,0.6776783474115581,10000.0,0:02:24.462171,14847114.080270702,0.49225,0.49225,1.2923996368297366,1.3047632650957288
337,0.01,1,1.0,0.1,0.0,0.25,0.5,0.45831944444444445,1.365350259988169,0.8650409219976616,0.556932545953589,0.302559798573227,0.10918486414402401,0.23220973782771537,0.6824016563146998,10000.0,0:02:24.378673,14847258.535441758,0.49528333333333335,0.49528333333333335,1.2868646186745487,1.300400517224955
338,0.01,1,1.0,0.1,0.0,0.25,0.75,0.46031944444444445,1.3629513779087903,0.8663391072618255,0.5568276090924175,0.3035178392797599,0.11366101977801886,0.23290079531184596,0.6861161977692691,10000.0,0:02:24.327275,14847402.939022927,0.4955833333333333,0.4955833333333333,1.2845377812228107,1.2986979927078355
339,0.01,1,1.0,0.1,0.0,0.25,1.0,0.46079166666666665,1.362053177946173,0.8662054018006002,0.5594871367912747,0.3061190416562317,0.1155599767885269,0.23845131272848122,0.682752832563995,10000.0,0:02:20.426651,14847543.442310045,0.49623333333333336,0.49623333333333336,1.283001734467978,1.297700920515409
340,0.01,1,1.0,0.1,0.0,0.5,0.25,0.4528333333333333,1.3779365072499514,0.8670004171881519,0.5460933578718421,0.304080445441702,0.10112359550561797,0.2263631815907954,0.673600133122556,10000.0,0:02:24.781256,14847688.300041702,0.4886333333333333,0.4886333333333333,1.3011239013464335,1.3132435235996316
341,0.01,1,1.0,0.1,0.0,0.5,0.5,0.0,0.0,0.0,0.0,0.0,0.0,0.0,0.0,0.0,time,0.0,0.0,0.0,0.0,0.0
342,0.01,1,1.0,0.1,0.0,0.5,0.75,0.0,0.0,0.0,0.0,0.0,0.0,0.0,0.0,0.0,time,0.0,0.0,0.0,0.0,0.0
343,0.01,1,1.0,0.1,0.0,0.5,1.0,0.0,0.0,0.0,0.0,0.0,0.0,0.0,0.0,0.0,time,0.0,0.0,0.0,0.0,0.0
344,0.01,1,1.0,0.1,0.0,0.75,0.25,0.0,0.0,0.0,0.0,0.0,0.0,0.0,0.0,0.0,time,0.0,0.0,0.0,0.0,0.0
345,0.01,1,1.0,0.1,0.0,0.75,0.5,0.0,0.0,0.0,0.0,0.0,0.0,0.0,0.0,0.0,time,0.0,0.0,0.0,0.0,0.0
346,0.01,1,1.0,0.1,0.0,0.75,0.75,0.0,0.0,0.0,0.0,0.0,0.0,0.0,0.0,0.0,time,0.0,0.0,0.0,0.0,0.0
347,0.01,1,1.0,0.1,0.0,0.75,1.0,0.0,0.0,0.0,0.0,0.0,0.0,0.0,0.0,0.0,time,0.0,0.0,0.0,0.0,0.0
348,0.01,1,1.0,0.1,0.0,1.0,0.25,0.0,0.0,0.0,0.0,0.0,0.0,0.0,0.0,0.0,time,0.0,0.0,0.0,0.0,0.0
349,0.01,1,1.0,0.1,0.0,1.0,0.5,0.0,0.0,0.0,0.0,0.0,0.0,0.0,0.0,0.0,time,0.0,0.0,0.0,0.0,0.0
350,0.01,1,1.0,0.1,0.0,1.0,0.75,0.0,0.0,0.0,0.0,0.0,0.0,0.0,0.0,0.0,time,0.0,0.0,0.0,0.0,0.0
351,0.01,1,1.0,0.1,0.0,1.0,1.0,0.0,0.0,0.0,0.0,0.0,0.0,0.0,0.0,0.0,time,0.0,0.0,0.0,0.0,0.0
352,0.01,1,1.0,0.1,0.1,0.25,0.25,0.0,0.0,0.0,0.0,0.0,0.0,0.0,0.0,0.0,time,0.0,0.0,0.0,0.0,0.0
353,0.01,1,1.0,0.1,0.1,0.25,0.5,0.0,0.0,0.0,0.0,0.0,0.0,0.0,0.0,0.0,time,0.0,0.0,0.0,0.0,0.0
354,0.01,1,1.0,0.1,0.1,0.25,0.75,0.0,0.0,0.0,0.0,0.0,0.0,0.0,0.0,0.0,time,0.0,0.0,0.0,0.0,0.0
355,0.01,1,1.0,0.1,0.1,0.25,1.0,0.0,0.0,0.0,0.0,0.0,0.0,0.0,0.0,0.0,time,0.0,0.0,0.0,0.0,0.0
356,0.01,1,1.0,0.1,0.1,0.5,0.25,0.0,0.0,0.0,0.0,0.0,0.0,0.0,0.0,0.0,time,0.0,0.0,0.0,0.0,0.0
357,0.01,1,1.0,0.1,0.1,0.5,0.5,0.0,0.0,0.0,0.0,0.0,0.0,0.0,0.0,0.0,time,0.0,0.0,0.0,0.0,0.0
358,0.01,1,1.0,0.1,0.1,0.5,0.75,0.0,0.0,0.0,0.0,0.0,0.0,0.0,0.0,0.0,time,0.0,0.0,0.0,0.0,0.0
359,0.01,1,1.0,0.1,0.1,0.5,1.0,0.0,0.0,0.0,0.0,0.0,0.0,0.0,0.0,0.0,time,0.0,0.0,0.0,0.0,0.0
360,0.01,1,1.0,0.1,0.1,0.75,0.25,0.0,0.0,0.0,0.0,0.0,0.0,0.0,0.0,0.0,time,0.0,0.0,0.0,0.0,0.0
361,0.01,1,1.0,0.1,0.1,0.75,0.5,0.0,0.0,0.0,0.0,0.0,0.0,0.0,0.0,0.0,time,0.0,0.0,0.0,0.0,0.0
362,0.01,1,1.0,0.1,0.1,0.75,0.75,0.0,0.0,0.0,0.0,0.0,0.0,0.0,0.0,0.0,time,0.0,0.0,0.0,0.0,0.0
363,0.01,1,1.0,0.1,0.1,0.75,1.0,0.0,0.0,0.0,0.0,0.0,0.0,0.0,0.0,0.0,time,0.0,0.0,0.0,0.0,0.0
364,0.01,1,1.0,0.1,0.1,1.0,0.25,0.0,0.0,0.0,0.0,0.0,0.0,0.0,0.0,0.0,time,0.0,0.0,0.0,0.0,0.0
365,0.01,1,1.0,0.1,0.1,1.0,0.5,0.0,0.0,0.0,0.0,0.0,0.0,0.0,0.0,0.0,time,0.0,0.0,0.0,0.0,0.0
366,0.01,1,1.0,0.1,0.1,1.0,0.75,0.0,0.0,0.0,0.0,0.0,0.0,0.0,0.0,0.0,time,0.0,0.0,0.0,0.0,0.0
367,0.01,1,1.0,0.1,0.1,1.0,1.0,0.0,0.0,0.0,0.0,0.0,0.0,0.0,0.0,0.0,time,0.0,0.0,0.0,0.0,0.0
368,0.01,1,1.0,0.1,1.0,0.25,0.25,0.0,0.0,0.0,0.0,0.0,0.0,0.0,0.0,0.0,time,0.0,0.0,0.0,0.0,0.0
369,0.01,1,1.0,0.1,1.0,0.25,0.5,0.0,0.0,0.0,0.0,0.0,0.0,0.0,0.0,0.0,time,0.0,0.0,0.0,0.0,0.0
370,0.01,1,1.0,0.1,1.0,0.25,0.75,0.0,0.0,0.0,0.0,0.0,0.0,0.0,0.0,0.0,time,0.0,0.0,0.0,0.0,0.0
371,0.01,1,1.0,0.1,1.0,0.25,1.0,0.0,0.0,0.0,0.0,0.0,0.0,0.0,0.0,0.0,time,0.0,0.0,0.0,0.0,0.0
372,0.01,1,1.0,0.1,1.0,0.5,0.25,0.0,0.0,0.0,0.0,0.0,0.0,0.0,0.0,0.0,time,0.0,0.0,0.0,0.0,0.0
373,0.01,1,1.0,0.1,1.0,0.5,0.5,0.0,0.0,0.0,0.0,0.0,0.0,0.0,0.0,0.0,time,0.0,0.0,0.0,0.0,0.0
374,0.01,1,1.0,0.1,1.0,0.5,0.75,0.0,0.0,0.0,0.0,0.0,0.0,0.0,0.0,0.0,time,0.0,0.0,0.0,0.0,0.0
375,0.01,1,1.0,0.1,1.0,0.5,1.0,0.0,0.0,0.0,0.0,0.0,0.0,0.0,0.0,0.0,time,0.0,0.0,0.0,0.0,0.0
376,0.01,1,1.0,0.1,1.0,0.75,0.25,0.0,0.0,0.0,0.0,0.0,0.0,0.0,0.0,0.0,time,0.0,0.0,0.0,0.0,0.0
377,0.01,1,1.0,0.1,1.0,0.75,0.5,0.0,0.0,0.0,0.0,0.0,0.0,0.0,0.0,0.0,time,0.0,0.0,0.0,0.0,0.0
378,0.01,1,1.0,0.1,1.0,0.75,0.75,0.0,0.0,0.0,0.0,0.0,0.0,0.0,0.0,0.0,time,0.0,0.0,0.0,0.0,0.0
379,0.01,1,1.0,0.1,1.0,0.75,1.0,0.0,0.0,0.0,0.0,0.0,0.0,0.0,0.0,0.0,time,0.0,0.0,0.0,0.0,0.0
380,0.01,1,1.0,0.1,1.0,1.0,0.25,0.0,0.0,0.0,0.0,0.0,0.0,0.0,0.0,0.0,time,0.0,0.0,0.0,0.0,0.0
381,0.01,1,1.0,0.1,1.0,1.0,0.5,0.0,0.0,0.0,0.0,0.0,0.0,0.0,0.0,0.0,time,0.0,0.0,0.0,0.0,0.0
382,0.01,1,1.0,0.1,1.0,1.0,0.75,0.0,0.0,0.0,0.0,0.0,0.0,0.0,0.0,0.0,time,0.0,0.0,0.0,0.0,0.0
383,0.01,1,1.0,0.1,1.0,1.0,1.0,0.0,0.0,0.0,0.0,0.0,0.0,0.0,0.0,0.0,time,0.0,0.0,0.0,0.0,0.0
384,0.01,1,1.0,1.0,0.0,0.25,0.25,0.0,0.0,0.0,0.0,0.0,0.0,0.0,0.0,0.0,time,0.0,0.0,0.0,0.0,0.0
385,0.01,1,1.0,1.0,0.0,0.25,0.5,0.0,0.0,0.0,0.0,0.0,0.0,0.0,0.0,0.0,time,0.0,0.0,0.0,0.0,0.0
386,0.01,1,1.0,1.0,0.0,0.25,0.75,0.0,0.0,0.0,0.0,0.0,0.0,0.0,0.0,0.0,time,0.0,0.0,0.0,0.0,0.0
387,0.01,1,1.0,1.0,0.0,0.25,1.0,0.0,0.0,0.0,0.0,0.0,0.0,0.0,0.0,0.0,time,0.0,0.0,0.0,0.0,0.0
388,0.01,1,1.0,1.0,0.0,0.5,0.25,0.0,0.0,0.0,0.0,0.0,0.0,0.0,0.0,0.0,time,0.0,0.0,0.0,0.0,0.0
389,0.01,1,1.0,1.0,0.0,0.5,0.5,0.0,0.0,0.0,0.0,0.0,0.0,0.0,0.0,0.0,time,0.0,0.0,0.0,0.0,0.0
390,0.01,1,1.0,1.0,0.0,0.5,0.75,0.0,0.0,0.0,0.0,0.0,0.0,0.0,0.0,0.0,time,0.0,0.0,0.0,0.0,0.0
391,0.01,1,1.0,1.0,0.0,0.5,1.0,0.0,0.0,0.0,0.0,0.0,0.0,0.0,0.0,0.0,time,0.0,0.0,0.0,0.0,0.0
392,0.01,1,1.0,1.0,0.0,0.75,0.25,0.0,0.0,0.0,0.0,0.0,0.0,0.0,0.0,0.0,time,0.0,0.0,0.0,0.0,0.0
393,0.01,1,1.0,1.0,0.0,0.75,0.5,0.0,0.0,0.0,0.0,0.0,0.0,0.0,0.0,0.0,time,0.0,0.0,0.0,0.0,0.0
394,0.01,1,1.0,1.0,0.0,0.75,0.75,0.0,0.0,0.0,0.0,0.0,0.0,0.0,0.0,0.0,time,0.0,0.0,0.0,0.0,0.0
395,0.01,1,1.0,1.0,0.0,0.75,1.0,0.0,0.0,0.0,0.0,0.0,0.0,0.0,0.0,0.0,time,0.0,0.0,0.0,0.0,0.0
396,0.01,1,1.0,1.0,0.0,1.0,0.25,0.0,0.0,0.0,0.0,0.0,0.0,0.0,0.0,0.0,time,0.0,0.0,0.0,0.0,0.0
397,0.01,1,1.0,1.0,0.0,1.0,0.5,0.0,0.0,0.0,0.0,0.0,0.0,0.0,0.0,0.0,time,0.0,0.0,0.0,0.0,0.0
398,0.01,1,1.0,1.0,0.0,1.0,0.75,0.0,0.0,0.0,0.0,0.0,0.0,0.0,0.0,0.0,time,0.0,0.0,0.0,0.0,0.0
399,0.01,1,1.0,1.0,0.0,1.0,1.0,0.0,0.0,0.0,0.0,0.0,0.0,0.0,0.0,0.0,time,0.0,0.0,0.0,0.0,0.0
400,0.01,1,1.0,1.0,0.1,0.25,0.25,0.0,0.0,0.0,0.0,0.0,0.0,0.0,0.0,0.0,time,0.0,0.0,0.0,0.0,0.0
401,0.01,1,1.0,1.0,0.1,0.25,0.5,0.0,0.0,0.0,0.0,0.0,0.0,0.0,0.0,0.0,time,0.0,0.0,0.0,0.0,0.0
402,0.01,1,1.0,1.0,0.1,0.25,0.75,0.0,0.0,0.0,0.0,0.0,0.0,0.0,0.0,0.0,time,0.0,0.0,0.0,0.0,0.0
403,0.01,1,1.0,1.0,0.1,0.25,1.0,0.0,0.0,0.0,0.0,0.0,0.0,0.0,0.0,0.0,time,0.0,0.0,0.0,0.0,0.0
404,0.01,1,1.0,1.0,0.1,0.5,0.25,0.0,0.0,0.0,0.0,0.0,0.0,0.0,0.0,0.0,time,0.0,0.0,0.0,0.0,0.0
405,0.01,1,1.0,1.0,0.1,0.5,0.5,0.0,0.0,0.0,0.0,0.0,0.0,0.0,0.0,0.0,time,0.0,0.0,0.0,0.0,0.0
406,0.01,1,1.0,1.0,0.1,0.5,0.75,0.0,0.0,0.0,0.0,0.0,0.0,0.0,0.0,0.0,time,0.0,0.0,0.0,0.0,0.0
407,0.01,1,1.0,1.0,0.1,0.5,1.0,0.0,0.0,0.0,0.0,0.0,0.0,0.0,0.0,0.0,time,0.0,0.0,0.0,0.0,0.0
408,0.01,1,1.0,1.0,0.1,0.75,0.25,0.0,0.0,0.0,0.0,0.0,0.0,0.0,0.0,0.0,time,0.0,0.0,0.0,0.0,0.0
409,0.01,1,1.0,1.0,0.1,0.75,0.5,0.0,0.0,0.0,0.0,0.0,0.0,0.0,0.0,0.0,time,0.0,0.0,0.0,0.0,0.0
410,0.01,1,1.0,1.0,0.1,0.75,0.75,0.0,0.0,0.0,0.0,0.0,0.0,0.0,0.0,0.0,time,0.0,0.0,0.0,0.0,0.0
411,0.01,1,1.0,1.0,0.1,0.75,1.0,0.0,0.0,0.0,0.0,0.0,0.0,0.0,0.0,0.0,time,0.0,0.0,0.0,0.0,0.0
412,0.01,1,1.0,1.0,0.1,1.0,0.25,0.0,0.0,0.0,0.0,0.0,0.0,0.0,0.0,0.0,time,0.0,0.0,0.0,0.0,0.0
413,0.01,1,1.0,1.0,0.1,1.0,0.5,0.0,0.0,0.0,0.0,0.0,0.0,0.0,0.0,0.0,time,0.0,0.0,0.0,0.0,0.0
414,0.01,1,1.0,1.0,0.1,1.0,0.75,0.0,0.0,0.0,0.0,0.0,0.0,0.0,0.0,0.0,time,0.0,0.0,0.0,0.0,0.0
415,0.01,1,1.0,1.0,0.1,1.0,1.0,0.0,0.0,0.0,0.0,0.0,0.0,0.0,0.0,0.0,time,0.0,0.0,0.0,0.0,0.0
416,0.01,1,1.0,1.0,1.0,0.25,0.25,0.0,0.0,0.0,0.0,0.0,0.0,0.0,0.0,0.0,time,0.0,0.0,0.0,0.0,0.0
417,0.01,1,1.0,1.0,1.0,0.25,0.5,0.0,0.0,0.0,0.0,0.0,0.0,0.0,0.0,0.0,time,0.0,0.0,0.0,0.0,0.0
418,0.01,1,1.0,1.0,1.0,0.25,0.75,0.0,0.0,0.0,0.0,0.0,0.0,0.0,0.0,0.0,time,0.0,0.0,0.0,0.0,0.0
419,0.01,1,1.0,1.0,1.0,0.25,1.0,0.0,0.0,0.0,0.0,0.0,0.0,0.0,0.0,0.0,time,0.0,0.0,0.0,0.0,0.0
420,0.01,1,1.0,1.0,1.0,0.5,0.25,0.0,0.0,0.0,0.0,0.0,0.0,0.0,0.0,0.0,time,0.0,0.0,0.0,0.0,0.0
421,0.01,1,1.0,1.0,1.0,0.5,0.5,0.0,0.0,0.0,0.0,0.0,0.0,0.0,0.0,0.0,time,0.0,0.0,0.0,0.0,0.0
422,0.01,1,1.0,1.0,1.0,0.5,0.75,0.0,0.0,0.0,0.0,0.0,0.0,0.0,0.0,0.0,time,0.0,0.0,0.0,0.0,0.0
423,0.01,1,1.0,1.0,1.0,0.5,1.0,0.0,0.0,0.0,0.0,0.0,0.0,0.0,0.0,0.0,time,0.0,0.0,0.0,0.0,0.0
424,0.01,1,1.0,1.0,1.0,0.75,0.25,0.0,0.0,0.0,0.0,0.0,0.0,0.0,0.0,0.0,time,0.0,0.0,0.0,0.0,0.0
425,0.01,1,1.0,1.0,1.0,0.75,0.5,0.0,0.0,0.0,0.0,0.0,0.0,0.0,0.0,0.0,time,0.0,0.0,0.0,0.0,0.0
426,0.01,1,1.0,1.0,1.0,0.75,0.75,0.0,0.0,0.0,0.0,0.0,0.0,0.0,0.0,0.0,time,0.0,0.0,0.0,0.0,0.0
427,0.01,1,1.0,1.0,1.0,0.75,1.0,0.0,0.0,0.0,0.0,0.0,0.0,0.0,0.0,0.0,time,0.0,0.0,0.0,0.0,0.0
428,0.01,1,1.0,1.0,1.0,1.0,0.25,0.0,0.0,0.0,0.0,0.0,0.0,0.0,0.0,0.0,time,0.0,0.0,0.0,0.0,0.0
429,0.01,1,1.0,1.0,1.0,1.0,0.5,0.0,0.0,0.0,0.0,0.0,0.0,0.0,0.0,0.0,time,0.0,0.0,0.0,0.0,0.0
430,0.01,1,1.0,1.0,1.0,1.0,0.75,0.0,0.0,0.0,0.0,0.0,0.0,0.0,0.0,0.0,time,0.0,0.0,0.0,0.0,0.0
431,0.01,1,1.0,1.0,1.0,1.0,1.0,0.0,0.0,0.0,0.0,0.0,0.0,0.0,0.0,0.0,time,0.0,0.0,0.0,0.0,0.0
432,0.01,2,0.0,0.0,0.0,0.25,0.25,0.0,0.0,0.0,0.0,0.0,0.0,0.0,0.0,0.0,time,0.0,0.0,0.0,0.0,0.0
433,0.01,2,0.0,0.0,0.0,0.25,0.5,0.0,0.0,0.0,0.0,0.0,0.0,0.0,0.0,0.0,time,0.0,0.0,0.0,0.0,0.0
434,0.01,2,0.0,0.0,0.0,0.25,0.75,0.0,0.0,0.0,0.0,0.0,0.0,0.0,0.0,0.0,time,0.0,0.0,0.0,0.0,0.0
435,0.01,2,0.0,0.0,0.0,0.25,1.0,0.0,0.0,0.0,0.0,0.0,0.0,0.0,0.0,0.0,time,0.0,0.0,0.0,0.0,0.0
436,0.01,2,0.0,0.0,0.0,0.5,0.25,0.0,0.0,0.0,0.0,0.0,0.0,0.0,0.0,0.0,time,0.0,0.0,0.0,0.0,0.0
437,0.01,2,0.0,0.0,0.0,0.5,0.5,0.0,0.0,0.0,0.0,0.0,0.0,0.0,0.0,0.0,time,0.0,0.0,0.0,0.0,0.0
438,0.01,2,0.0,0.0,0.0,0.5,0.75,0.0,0.0,0.0,0.0,0.0,0.0,0.0,0.0,0.0,time,0.0,0.0,0.0,0.0,0.0
439,0.01,2,0.0,0.0,0.0,0.5,1.0,0.0,0.0,0.0,0.0,0.0,0.0,0.0,0.0,0.0,time,0.0,0.0,0.0,0.0,0.0
440,0.01,2,0.0,0.0,0.0,0.75,0.25,0.0,0.0,0.0,0.0,0.0,0.0,0.0,0.0,0.0,time,0.0,0.0,0.0,0.0,0.0
441,0.01,2,0.0,0.0,0.0,0.75,0.5,0.0,0.0,0.0,0.0,0.0,0.0,0.0,0.0,0.0,time,0.0,0.0,0.0,0.0,0.0
442,0.01,2,0.0,0.0,0.0,0.75,0.75,0.0,0.0,0.0,0.0,0.0,0.0,0.0,0.0,0.0,time,0.0,0.0,0.0,0.0,0.0
443,0.01,2,0.0,0.0,0.0,0.75,1.0,0.0,0.0,0.0,0.0,0.0,0.0,0.0,0.0,0.0,time,0.0,0.0,0.0,0.0,0.0
444,0.01,2,0.0,0.0,0.0,1.0,0.25,0.0,0.0,0.0,0.0,0.0,0.0,0.0,0.0,0.0,time,0.0,0.0,0.0,0.0,0.0
445,0.01,2,0.0,0.0,0.0,1.0,0.5,0.0,0.0,0.0,0.0,0.0,0.0,0.0,0.0,0.0,time,0.0,0.0,0.0,0.0,0.0
446,0.01,2,0.0,0.0,0.0,1.0,0.75,0.0,0.0,0.0,0.0,0.0,0.0,0.0,0.0,0.0,time,0.0,0.0,0.0,0.0,0.0
447,0.01,2,0.0,0.0,0.0,1.0,1.0,0.0,0.0,0.0,0.0,0.0,0.0,0.0,0.0,0.0,time,0.0,0.0,0.0,0.0,0.0
448,0.01,2,0.0,0.0,0.1,0.25,0.25,0.0,0.0,0.0,0.0,0.0,0.0,0.0,0.0,0.0,time,0.0,0.0,0.0,0.0,0.0
449,0.01,2,0.0,0.0,0.1,0.25,0.5,0.0,0.0,0.0,0.0,0.0,0.0,0.0,0.0,0.0,time,0.0,0.0,0.0,0.0,0.0
450,0.01,2,0.0,0.0,0.1,0.25,0.75,0.0,0.0,0.0,0.0,0.0,0.0,0.0,0.0,0.0,time,0.0,0.0,0.0,0.0,0.0
451,0.01,2,0.0,0.0,0.1,0.25,1.0,0.0,0.0,0.0,0.0,0.0,0.0,0.0,0.0,0.0,time,0.0,0.0,0.0,0.0,0.0
452,0.01,2,0.0,0.0,0.1,0.5,0.25,0.0,0.0,0.0,0.0,0.0,0.0,0.0,0.0,0.0,time,0.0,0.0,0.0,0.0,0.0
453,0.01,2,0.0,0.0,0.1,0.5,0.5,0.0,0.0,0.0,0.0,0.0,0.0,0.0,0.0,0.0,time,0.0,0.0,0.0,0.0,0.0
454,0.01,2,0.0,0.0,0.1,0.5,0.75,0.0,0.0,0.0,0.0,0.0,0.0,0.0,0.0,0.0,time,0.0,0.0,0.0,0.0,0.0
455,0.01,2,0.0,0.0,0.1,0.5,1.0,0.0,0.0,0.0,0.0,0.0,0.0,0.0,0.0,0.0,time,0.0,0.0,0.0,0.0,0.0
456,0.01,2,0.0,0.0,0.1,0.75,0.25,0.0,0.0,0.0,0.0,0.0,0.0,0.0,0.0,0.0,time,0.0,0.0,0.0,0.0,0.0
457,0.01,2,0.0,0.0,0.1,0.75,0.5,0.0,0.0,0.0,0.0,0.0,0.0,0.0,0.0,0.0,time,0.0,0.0,0.0,0.0,0.0
458,0.01,2,0.0,0.0,0.1,0.75,0.75,0.0,0.0,0.0,0.0,0.0,0.0,0.0,0.0,0.0,time,0.0,0.0,0.0,0.0,0.0
459,0.01,2,0.0,0.0,0.1,0.75,1.0,0.0,0.0,0.0,0.0,0.0,0.0,0.0,0.0,0.0,time,0.0,0.0,0.0,0.0,0.0
460,0.01,2,0.0,0.0,0.1,1.0,0.25,0.0,0.0,0.0,0.0,0.0,0.0,0.0,0.0,0.0,time,0.0,0.0,0.0,0.0,0.0
461,0.01,2,0.0,0.0,0.1,1.0,0.5,0.0,0.0,0.0,0.0,0.0,0.0,0.0,0.0,0.0,time,0.0,0.0,0.0,0.0,0.0
462,0.01,2,0.0,0.0,0.1,1.0,0.75,0.0,0.0,0.0,0.0,0.0,0.0,0.0,0.0,0.0,time,0.0,0.0,0.0,0.0,0.0
463,0.01,2,0.0,0.0,0.1,1.0,1.0,0.0,0.0,0.0,0.0,0.0,0.0,0.0,0.0,0.0,time,0.0,0.0,0.0,0.0,0.0
464,0.01,2,0.0,0.0,1.0,0.25,0.25,0.0,0.0,0.0,0.0,0.0,0.0,0.0,0.0,0.0,time,0.0,0.0,0.0,0.0,0.0
465,0.01,2,0.0,0.0,1.0,0.25,0.5,0.0,0.0,0.0,0.0,0.0,0.0,0.0,0.0,0.0,time,0.0,0.0,0.0,0.0,0.0
466,0.01,2,0.0,0.0,1.0,0.25,0.75,0.0,0.0,0.0,0.0,0.0,0.0,0.0,0.0,0.0,time,0.0,0.0,0.0,0.0,0.0
467,0.01,2,0.0,0.0,1.0,0.25,1.0,0.0,0.0,0.0,0.0,0.0,0.0,0.0,0.0,0.0,time,0.0,0.0,0.0,0.0,0.0
468,0.01,2,0.0,0.0,1.0,0.5,0.25,0.0,0.0,0.0,0.0,0.0,0.0,0.0,0.0,0.0,time,0.0,0.0,0.0,0.0,0.0
469,0.01,2,0.0,0.0,1.0,0.5,0.5,0.0,0.0,0.0,0.0,0.0,0.0,0.0,0.0,0.0,time,0.0,0.0,0.0,0.0,0.0
470,0.01,2,0.0,0.0,1.0,0.5,0.75,0.0,0.0,0.0,0.0,0.0,0.0,0.0,0.0,0.0,time,0.0,0.0,0.0,0.0,0.0
471,0.01,2,0.0,0.0,1.0,0.5,1.0,0.0,0.0,0.0,0.0,0.0,0.0,0.0,0.0,0.0,time,0.0,0.0,0.0,0.0,0.0
472,0.01,2,0.0,0.0,1.0,0.75,0.25,0.0,0.0,0.0,0.0,0.0,0.0,0.0,0.0,0.0,time,0.0,0.0,0.0,0.0,0.0
473,0.01,2,0.0,0.0,1.0,0.75,0.5,0.0,0.0,0.0,0.0,0.0,0.0,0.0,0.0,0.0,time,0.0,0.0,0.0,0.0,0.0
474,0.01,2,0.0,0.0,1.0,0.75,0.75,0.0,0.0,0.0,0.0,0.0,0.0,0.0,0.0,0.0,time,0.0,0.0,0.0,0.0,0.0
475,0.01,2,0.0,0.0,1.0,0.75,1.0,0.0,0.0,0.0,0.0,0.0,0.0,0.0,0.0,0.0,time,0.0,0.0,0.0,0.0,0.0
476,0.01,2,0.0,0.0,1.0,1.0,0.25,0.0,0.0,0.0,0.0,0.0,0.0,0.0,0.0,0.0,time,0.0,0.0,0.0,0.0,0.0
477,0.01,2,0.0,0.0,1.0,1.0,0.5,0.0,0.0,0.0,0.0,0.0,0.0,0.0,0.0,0.0,time,0.0,0.0,0.0,0.0,0.0
478,0.01,2,0.0,0.0,1.0,1.0,0.75,0.0,0.0,0.0,0.0,0.0,0.0,0.0,0.0,0.0,time,0.0,0.0,0.0,0.0,0.0
479,0.01,2,0.0,0.0,1.0,1.0,1.0,0.0,0.0,0.0,0.0,0.0,0.0,0.0,0.0,0.0,time,0.0,0.0,0.0,0.0,0.0
480,0.01,2,0.0,0.1,0.0,0.25,0.25,0.0,0.0,0.0,0.0,0.0,0.0,0.0,0.0,0.0,time,0.0,0.0,0.0,0.0,0.0
481,0.01,2,0.0,0.1,0.0,0.25,0.5,0.0,0.0,0.0,0.0,0.0,0.0,0.0,0.0,0.0,time,0.0,0.0,0.0,0.0,0.0
482,0.01,2,0.0,0.1,0.0,0.25,0.75,0.0,0.0,0.0,0.0,0.0,0.0,0.0,0.0,0.0,time,0.0,0.0,0.0,0.0,0.0
483,0.01,2,0.0,0.1,0.0,0.25,1.0,0.0,0.0,0.0,0.0,0.0,0.0,0.0,0.0,0.0,time,0.0,0.0,0.0,0.0,0.0
484,0.01,2,0.0,0.1,0.0,0.5,0.25,0.0,0.0,0.0,0.0,0.0,0.0,0.0,0.0,0.0,time,0.0,0.0,0.0,0.0,0.0
485,0.01,2,0.0,0.1,0.0,0.5,0.5,0.0,0.0,0.0,0.0,0.0,0.0,0.0,0.0,0.0,time,0.0,0.0,0.0,0.0,0.0
486,0.01,2,0.0,0.1,0.0,0.5,0.75,0.0,0.0,0.0,0.0,0.0,0.0,0.0,0.0,0.0,time,0.0,0.0,0.0,0.0,0.0
487,0.01,2,0.0,0.1,0.0,0.5,1.0,0.0,0.0,0.0,0.0,0.0,0.0,0.0,0.0,0.0,time,0.0,0.0,0.0,0.0,0.0
488,0.01,2,0.0,0.1,0.0,0.75,0.25,0.0,0.0,0.0,0.0,0.0,0.0,0.0,0.0,0.0,time,0.0,0.0,0.0,0.0,0.0
489,0.01,2,0.0,0.1,0.0,0.75,0.5,0.0,0.0,0.0,0.0,0.0,0.0,0.0,0.0,0.0,time,0.0,0.0,0.0,0.0,0.0
490,0.01,2,0.0,0.1,0.0,0.75,0.75,0.0,0.0,0.0,0.0,0.0,0.0,0.0,0.0,0.0,time,0.0,0.0,0.0,0.0,0.0
491,0.01,2,0.0,0.1,0.0,0.75,1.0,0.0,0.0,0.0,0.0,0.0,0.0,0.0,0.0,0.0,time,0.0,0.0,0.0,0.0,0.0
492,0.01,2,0.0,0.1,0.0,1.0,0.25,0.0,0.0,0.0,0.0,0.0,0.0,0.0,0.0,0.0,time,0.0,0.0,0.0,0.0,0.0
493,0.01,2,0.0,0.1,0.0,1.0,0.5,0.0,0.0,0.0,0.0,0.0,0.0,0.0,0.0,0.0,time,0.0,0.0,0.0,0.0,0.0
494,0.01,2,0.0,0.1,0.0,1.0,0.75,0.0,0.0,0.0,0.0,0.0,0.0,0.0,0.0,0.0,time,0.0,0.0,0.0,0.0,0.0
495,0.01,2,0.0,0.1,0.0,1.0,1.0,0.0,0.0,0.0,0.0,0.0,0.0,0.0,0.0,0.0,time,0.0,0.0,0.0,0.0,0.0
496,0.01,2,0.0,0.1,0.1,0.25,0.25,0.0,0.0,0.0,0.0,0.0,0.0,0.0,0.0,0.0,time,0.0,0.0,0.0,0.0,0.0
497,0.01,2,0.0,0.1,0.1,0.25,0.5,0.0,0.0,0.0,0.0,0.0,0.0,0.0,0.0,0.0,time,0.0,0.0,0.0,0.0,0.0
498,0.01,2,0.0,0.1,0.1,0.25,0.75,0.0,0.0,0.0,0.0,0.0,0.0,0.0,0.0,0.0,time,0.0,0.0,0.0,0.0,0.0
499,0.01,2,0.0,0.1,0.1,0.25,1.0,0.0,0.0,0.0,0.0,0.0,0.0,0.0,0.0,0.0,time,0.0,0.0,0.0,0.0,0.0
500,0.01,2,0.0,0.1,0.1,0.5,0.25,0.0,0.0,0.0,0.0,0.0,0.0,0.0,0.0,0.0,time,0.0,0.0,0.0,0.0,0.0
501,0.01,2,0.0,0.1,0.1,0.5,0.5,0.0,0.0,0.0,0.0,0.0,0.0,0.0,0.0,0.0,time,0.0,0.0,0.0,0.0,0.0
502,0.01,2,0.0,0.1,0.1,0.5,0.75,0.0,0.0,0.0,0.0,0.0,0.0,0.0,0.0,0.0,time,0.0,0.0,0.0,0.0,0.0
503,0.01,2,0.0,0.1,0.1,0.5,1.0,0.0,0.0,0.0,0.0,0.0,0.0,0.0,0.0,0.0,time,0.0,0.0,0.0,0.0,0.0
504,0.01,2,0.0,0.1,0.1,0.75,0.25,0.0,0.0,0.0,0.0,0.0,0.0,0.0,0.0,0.0,time,0.0,0.0,0.0,0.0,0.0
505,0.01,2,0.0,0.1,0.1,0.75,0.5,0.0,0.0,0.0,0.0,0.0,0.0,0.0,0.0,0.0,time,0.0,0.0,0.0,0.0,0.0
506,0.01,2,0.0,0.1,0.1,0.75,0.75,0.0,0.0,0.0,0.0,0.0,0.0,0.0,0.0,0.0,time,0.0,0.0,0.0,0.0,0.0
507,0.01,2,0.0,0.1,0.1,0.75,1.0,0.0,0.0,0.0,0.0,0.0,0.0,0.0,0.0,0.0,time,0.0,0.0,0.0,0.0,0.0
508,0.01,2,0.0,0.1,0.1,1.0,0.25,0.0,0.0,0.0,0.0,0.0,0.0,0.0,0.0,0.0,time,0.0,0.0,0.0,0.0,0.0
509,0.01,2,0.0,0.1,0.1,1.0,0.5,0.0,0.0,0.0,0.0,0.0,0.0,0.0,0.0,0.0,time,0.0,0.0,0.0,0.0,0.0
510,0.01,2,0.0,0.1,0.1,1.0,0.75,0.0,0.0,0.0,0.0,0.0,0.0,0.0,0.0,0.0,time,0.0,0.0,0.0,0.0,0.0
511,0.01,2,0.0,0.1,0.1,1.0,1.0,0.0,0.0,0.0,0.0,0.0,0.0,0.0,0.0,0.0,time,0.0,0.0,0.0,0.0,0.0
512,0.01,2,0.0,0.1,1.0,0.25,0.25,0.0,0.0,0.0,0.0,0.0,0.0,0.0,0.0,0.0,time,0.0,0.0,0.0,0.0,0.0
513,0.01,2,0.0,0.1,1.0,0.25,0.5,0.0,0.0,0.0,0.0,0.0,0.0,0.0,0.0,0.0,time,0.0,0.0,0.0,0.0,0.0
514,0.01,2,0.0,0.1,1.0,0.25,0.75,0.0,0.0,0.0,0.0,0.0,0.0,0.0,0.0,0.0,time,0.0,0.0,0.0,0.0,0.0
515,0.01,2,0.0,0.1,1.0,0.25,1.0,0.0,0.0,0.0,0.0,0.0,0.0,0.0,0.0,0.0,time,0.0,0.0,0.0,0.0,0.0
516,0.01,2,0.0,0.1,1.0,0.5,0.25,0.0,0.0,0.0,0.0,0.0,0.0,0.0,0.0,0.0,time,0.0,0.0,0.0,0.0,0.0
517,0.01,2,0.0,0.1,1.0,0.5,0.5,0.0,0.0,0.0,0.0,0.0,0.0,0.0,0.0,0.0,time,0.0,0.0,0.0,0.0,0.0
518,0.01,2,0.0,0.1,1.0,0.5,0.75,0.0,0.0,0.0,0.0,0.0,0.0,0.0,0.0,0.0,time,0.0,0.0,0.0,0.0,0.0
519,0.01,2,0.0,0.1,1.0,0.5,1.0,0.0,0.0,0.0,0.0,0.0,0.0,0.0,0.0,0.0,time,0.0,0.0,0.0,0.0,0.0
520,0.01,2,0.0,0.1,1.0,0.75,0.25,0.0,0.0,0.0,0.0,0.0,0.0,0.0,0.0,0.0,time,0.0,0.0,0.0,0.0,0.0
521,0.01,2,0.0,0.1,1.0,0.75,0.5,0.0,0.0,0.0,0.0,0.0,0.0,0.0,0.0,0.0,time,0.0,0.0,0.0,0.0,0.0
522,0.01,2,0.0,0.1,1.0,0.75,0.75,0.0,0.0,0.0,0.0,0.0,0.0,0.0,0.0,0.0,time,0.0,0.0,0.0,0.0,0.0
523,0.01,2,0.0,0.1,1.0,0.75,1.0,0.0,0.0,0.0,0.0,0.0,0.0,0.0,0.0,0.0,time,0.0,0.0,0.0,0.0,0.0
524,0.01,2,0.0,0.1,1.0,1.0,0.25,0.0,0.0,0.0,0.0,0.0,0.0,0.0,0.0,0.0,time,0.0,0.0,0.0,0.0,0.0
525,0.01,2,0.0,0.1,1.0,1.0,0.5,0.0,0.0,0.0,0.0,0.0,0.0,0.0,0.0,0.0,time,0.0,0.0,0.0,0.0,0.0
526,0.01,2,0.0,0.1,1.0,1.0,0.75,0.0,0.0,0.0,0.0,0.0,0.0,0.0,0.0,0.0,time,0.0,0.0,0.0,0.0,0.0
527,0.01,2,0.0,0.1,1.0,1.0,1.0,0.0,0.0,0.0,0.0,0.0,0.0,0.0,0.0,0.0,time,0.0,0.0,0.0,0.0,0.0
528,0.01,2,0.0,1.0,0.0,0.25,0.25,0.0,0.0,0.0,0.0,0.0,0.0,0.0,0.0,0.0,time,0.0,0.0,0.0,0.0,0.0
529,0.01,2,0.0,1.0,0.0,0.25,0.5,0.0,0.0,0.0,0.0,0.0,0.0,0.0,0.0,0.0,time,0.0,0.0,0.0,0.0,0.0
530,0.01,2,0.0,1.0,0.0,0.25,0.75,0.0,0.0,0.0,0.0,0.0,0.0,0.0,0.0,0.0,time,0.0,0.0,0.0,0.0,0.0
531,0.01,2,0.0,1.0,0.0,0.25,1.0,0.0,0.0,0.0,0.0,0.0,0.0,0.0,0.0,0.0,time,0.0,0.0,0.0,0.0,0.0
532,0.01,2,0.0,1.0,0.0,0.5,0.25,0.0,0.0,0.0,0.0,0.0,0.0,0.0,0.0,0.0,time,0.0,0.0,0.0,0.0,0.0
533,0.01,2,0.0,1.0,0.0,0.5,0.5,0.0,0.0,0.0,0.0,0.0,0.0,0.0,0.0,0.0,time,0.0,0.0,0.0,0.0,0.0
534,0.01,2,0.0,1.0,0.0,0.5,0.75,0.0,0.0,0.0,0.0,0.0,0.0,0.0,0.0,0.0,time,0.0,0.0,0.0,0.0,0.0
535,0.01,2,0.0,1.0,0.0,0.5,1.0,0.0,0.0,0.0,0.0,0.0,0.0,0.0,0.0,0.0,time,0.0,0.0,0.0,0.0,0.0
536,0.01,2,0.0,1.0,0.0,0.75,0.25,0.0,0.0,0.0,0.0,0.0,0.0,0.0,0.0,0.0,time,0.0,0.0,0.0,0.0,0.0
537,0.01,2,0.0,1.0,0.0,0.75,0.5,0.0,0.0,0.0,0.0,0.0,0.0,0.0,0.0,0.0,time,0.0,0.0,0.0,0.0,0.0
538,0.01,2,0.0,1.0,0.0,0.75,0.75,0.0,0.0,0.0,0.0,0.0,0.0,0.0,0.0,0.0,time,0.0,0.0,0.0,0.0,0.0
539,0.01,2,0.0,1.0,0.0,0.75,1.0,0.0,0.0,0.0,0.0,0.0,0.0,0.0,0.0,0.0,time,0.0,0.0,0.0,0.0,0.0
540,0.01,2,0.0,1.0,0.0,1.0,0.25,0.0,0.0,0.0,0.0,0.0,0.0,0.0,0.0,0.0,time,0.0,0.0,0.0,0.0,0.0
541,0.01,2,0.0,1.0,0.0,1.0,0.5,0.0,0.0,0.0,0.0,0.0,0.0,0.0,0.0,0.0,time,0.0,0.0,0.0,0.0,0.0
542,0.01,2,0.0,1.0,0.0,1.0,0.75,0.0,0.0,0.0,0.0,0.0,0.0,0.0,0.0,0.0,time,0.0,0.0,0.0,0.0,0.0
543,0.01,2,0.0,1.0,0.0,1.0,1.0,0.0,0.0,0.0,0.0,0.0,0.0,0.0,0.0,0.0,time,0.0,0.0,0.0,0.0,0.0
544,0.01,2,0.0,1.0,0.1,0.25,0.25,0.0,0.0,0.0,0.0,0.0,0.0,0.0,0.0,0.0,time,0.0,0.0,0.0,0.0,0.0
545,0.01,2,0.0,1.0,0.1,0.25,0.5,0.0,0.0,0.0,0.0,0.0,0.0,0.0,0.0,0.0,time,0.0,0.0,0.0,0.0,0.0
546,0.01,2,0.0,1.0,0.1,0.25,0.75,0.0,0.0,0.0,0.0,0.0,0.0,0.0,0.0,0.0,time,0.0,0.0,0.0,0.0,0.0
547,0.01,2,0.0,1.0,0.1,0.25,1.0,0.0,0.0,0.0,0.0,0.0,0.0,0.0,0.0,0.0,time,0.0,0.0,0.0,0.0,0.0
548,0.01,2,0.0,1.0,0.1,0.5,0.25,0.0,0.0,0.0,0.0,0.0,0.0,0.0,0.0,0.0,time,0.0,0.0,0.0,0.0,0.0
549,0.01,2,0.0,1.0,0.1,0.5,0.5,0.0,0.0,0.0,0.0,0.0,0.0,0.0,0.0,0.0,time,0.0,0.0,0.0,0.0,0.0
550,0.01,2,0.0,1.0,0.1,0.5,0.75,0.0,0.0,0.0,0.0,0.0,0.0,0.0,0.0,0.0,time,0.0,0.0,0.0,0.0,0.0
551,0.01,2,0.0,1.0,0.1,0.5,1.0,0.0,0.0,0.0,0.0,0.0,0.0,0.0,0.0,0.0,time,0.0,0.0,0.0,0.0,0.0
552,0.01,2,0.0,1.0,0.1,0.75,0.25,0.0,0.0,0.0,0.0,0.0,0.0,0.0,0.0,0.0,time,0.0,0.0,0.0,0.0,0.0
553,0.01,2,0.0,1.0,0.1,0.75,0.5,0.0,0.0,0.0,0.0,0.0,0.0,0.0,0.0,0.0,time,0.0,0.0,0.0,0.0,0.0
554,0.01,2,0.0,1.0,0.1,0.75,0.75,0.0,0.0,0.0,0.0,0.0,0.0,0.0,0.0,0.0,time,0.0,0.0,0.0,0.0,0.0
555,0.01,2,0.0,1.0,0.1,0.75,1.0,0.0,0.0,0.0,0.0,0.0,0.0,0.0,0.0,0.0,time,0.0,0.0,0.0,0.0,0.0
556,0.01,2,0.0,1.0,0.1,1.0,0.25,0.0,0.0,0.0,0.0,0.0,0.0,0.0,0.0,0.0,time,0.0,0.0,0.0,0.0,0.0
557,0.01,2,0.0,1.0,0.1,1.0,0.5,0.0,0.0,0.0,0.0,0.0,0.0,0.0,0.0,0.0,time,0.0,0.0,0.0,0.0,0.0
558,0.01,2,0.0,1.0,0.1,1.0,0.75,0.0,0.0,0.0,0.0,0.0,0.0,0.0,0.0,0.0,time,0.0,0.0,0.0,0.0,0.0
559,0.01,2,0.0,1.0,0.1,1.0,1.0,0.0,0.0,0.0,0.0,0.0,0.0,0.0,0.0,0.0,time,0.0,0.0,0.0,0.0,0.0
560,0.01,2,0.0,1.0,1.0,0.25,0.25,0.0,0.0,0.0,0.0,0.0,0.0,0.0,0.0,0.0,time,0.0,0.0,0.0,0.0,0.0
561,0.01,2,0.0,1.0,1.0,0.25,0.5,0.0,0.0,0.0,0.0,0.0,0.0,0.0,0.0,0.0,time,0.0,0.0,0.0,0.0,0.0
562,0.01,2,0.0,1.0,1.0,0.25,0.75,0.0,0.0,0.0,0.0,0.0,0.0,0.0,0.0,0.0,time,0.0,0.0,0.0,0.0,0.0
563,0.01,2,0.0,1.0,1.0,0.25,1.0,0.0,0.0,0.0,0.0,0.0,0.0,0.0,0.0,0.0,time,0.0,0.0,0.0,0.0,0.0
564,0.01,2,0.0,1.0,1.0,0.5,0.25,0.0,0.0,0.0,0.0,0.0,0.0,0.0,0.0,0.0,time,0.0,0.0,0.0,0.0,0.0
565,0.01,2,0.0,1.0,1.0,0.5,0.5,0.0,0.0,0.0,0.0,0.0,0.0,0.0,0.0,0.0,time,0.0,0.0,0.0,0.0,0.0
566,0.01,2,0.0,1.0,1.0,0.5,0.75,0.0,0.0,0.0,0.0,0.0,0.0,0.0,0.0,0.0,time,0.0,0.0,0.0,0.0,0.0
567,0.01,2,0.0,1.0,1.0,0.5,1.0,0.0,0.0,0.0,0.0,0.0,0.0,0.0,0.0,0.0,time,0.0,0.0,0.0,0.0,0.0
568,0.01,2,0.0,1.0,1.0,0.75,0.25,0.0,0.0,0.0,0.0,0.0,0.0,0.0,0.0,0.0,time,0.0,0.0,0.0,0.0,0.0
569,0.01,2,0.0,1.0,1.0,0.75,0.5,0.0,0.0,0.0,0.0,0.0,0.0,0.0,0.0,0.0,time,0.0,0.0,0.0,0.0,0.0
570,0.01,2,0.0,1.0,1.0,0.75,0.75,0.0,0.0,0.0,0.0,0.0,0.0,0.0,0.0,0.0,time,0.0,0.0,0.0,0.0,0.0
571,0.01,2,0.0,1.0,1.0,0.75,1.0,0.0,0.0,0.0,0.0,0.0,0.0,0.0,0.0,0.0,time,0.0,0.0,0.0,0.0,0.0
572,0.01,2,0.0,1.0,1.0,1.0,0.25,0.0,0.0,0.0,0.0,0.0,0.0,0.0,0.0,0.0,time,0.0,0.0,0.0,0.0,0.0
573,0.01,2,0.0,1.0,1.0,1.0,0.5,0.0,0.0,0.0,0.0,0.0,0.0,0.0,0.0,0.0,time,0.0,0.0,0.0,0.0,0.0
574,0.01,2,0.0,1.0,1.0,1.0,0.75,0.0,0.0,0.0,0.0,0.0,0.0,0.0,0.0,0.0,time,0.0,0.0,0.0,0.0,0.0
575,0.01,2,0.0,1.0,1.0,1.0,1.0,0.0,0.0,0.0,0.0,0.0,0.0,0.0,0.0,0.0,time,0.0,0.0,0.0,0.0,0.0
576,0.01,2,0.1,0.0,0.0,0.25,0.25,0.0,0.0,0.0,0.0,0.0,0.0,0.0,0.0,0.0,time,0.0,0.0,0.0,0.0,0.0
577,0.01,2,0.1,0.0,0.0,0.25,0.5,0.0,0.0,0.0,0.0,0.0,0.0,0.0,0.0,0.0,time,0.0,0.0,0.0,0.0,0.0
578,0.01,2,0.1,0.0,0.0,0.25,0.75,0.0,0.0,0.0,0.0,0.0,0.0,0.0,0.0,0.0,time,0.0,0.0,0.0,0.0,0.0
579,0.01,2,0.1,0.0,0.0,0.25,1.0,0.0,0.0,0.0,0.0,0.0,0.0,0.0,0.0,0.0,time,0.0,0.0,0.0,0.0,0.0
580,0.01,2,0.1,0.0,0.0,0.5,0.25,0.0,0.0,0.0,0.0,0.0,0.0,0.0,0.0,0.0,time,0.0,0.0,0.0,0.0,0.0
581,0.01,2,0.1,0.0,0.0,0.5,0.5,0.0,0.0,0.0,0.0,0.0,0.0,0.0,0.0,0.0,time,0.0,0.0,0.0,0.0,0.0
582,0.01,2,0.1,0.0,0.0,0.5,0.75,0.0,0.0,0.0,0.0,0.0,0.0,0.0,0.0,0.0,time,0.0,0.0,0.0,0.0,0.0
583,0.01,2,0.1,0.0,0.0,0.5,1.0,0.0,0.0,0.0,0.0,0.0,0.0,0.0,0.0,0.0,time,0.0,0.0,0.0,0.0,0.0
584,0.01,2,0.1,0.0,0.0,0.75,0.25,0.0,0.0,0.0,0.0,0.0,0.0,0.0,0.0,0.0,time,0.0,0.0,0.0,0.0,0.0
585,0.01,2,0.1,0.0,0.0,0.75,0.5,0.0,0.0,0.0,0.0,0.0,0.0,0.0,0.0,0.0,time,0.0,0.0,0.0,0.0,0.0
586,0.01,2,0.1,0.0,0.0,0.75,0.75,0.0,0.0,0.0,0.0,0.0,0.0,0.0,0.0,0.0,time,0.0,0.0,0.0,0.0,0.0
587,0.01,2,0.1,0.0,0.0,0.75,1.0,0.0,0.0,0.0,0.0,0.0,0.0,0.0,0.0,0.0,time,0.0,0.0,0.0,0.0,0.0
588,0.01,2,0.1,0.0,0.0,1.0,0.25,0.0,0.0,0.0,0.0,0.0,0.0,0.0,0.0,0.0,time,0.0,0.0,0.0,0.0,0.0
589,0.01,2,0.1,0.0,0.0,1.0,0.5,0.0,0.0,0.0,0.0,0.0,0.0,0.0,0.0,0.0,time,0.0,0.0,0.0,0.0,0.0
590,0.01,2,0.1,0.0,0.0,1.0,0.75,0.0,0.0,0.0,0.0,0.0,0.0,0.0,0.0,0.0,time,0.0,0.0,0.0,0.0,0.0
591,0.01,2,0.1,0.0,0.0,1.0,1.0,0.0,0.0,0.0,0.0,0.0,0.0,0.0,0.0,0.0,time,0.0,0.0,0.0,0.0,0.0
592,0.01,2,0.1,0.0,0.1,0.25,0.25,0.0,0.0,0.0,0.0,0.0,0.0,0.0,0.0,0.0,time,0.0,0.0,0.0,0.0,0.0
593,0.01,2,0.1,0.0,0.1,0.25,0.5,0.0,0.0,0.0,0.0,0.0,0.0,0.0,0.0,0.0,time,0.0,0.0,0.0,0.0,0.0
594,0.01,2,0.1,0.0,0.1,0.25,0.75,0.0,0.0,0.0,0.0,0.0,0.0,0.0,0.0,0.0,time,0.0,0.0,0.0,0.0,0.0
595,0.01,2,0.1,0.0,0.1,0.25,1.0,0.0,0.0,0.0,0.0,0.0,0.0,0.0,0.0,0.0,time,0.0,0.0,0.0,0.0,0.0
596,0.01,2,0.1,0.0,0.1,0.5,0.25,0.0,0.0,0.0,0.0,0.0,0.0,0.0,0.0,0.0,time,0.0,0.0,0.0,0.0,0.0
597,0.01,2,0.1,0.0,0.1,0.5,0.5,0.0,0.0,0.0,0.0,0.0,0.0,0.0,0.0,0.0,time,0.0,0.0,0.0,0.0,0.0
598,0.01,2,0.1,0.0,0.1,0.5,0.75,0.0,0.0,0.0,0.0,0.0,0.0,0.0,0.0,0.0,time,0.0,0.0,0.0,0.0,0.0
599,0.01,2,0.1,0.0,0.1,0.5,1.0,0.0,0.0,0.0,0.0,0.0,0.0,0.0,0.0,0.0,time,0.0,0.0,0.0,0.0,0.0
600,0.01,2,0.1,0.0,0.1,0.75,0.25,0.0,0.0,0.0,0.0,0.0,0.0,0.0,0.0,0.0,time,0.0,0.0,0.0,0.0,0.0
601,0.01,2,0.1,0.0,0.1,0.75,0.5,0.0,0.0,0.0,0.0,0.0,0.0,0.0,0.0,0.0,time,0.0,0.0,0.0,0.0,0.0
602,0.01,2,0.1,0.0,0.1,0.75,0.75,0.0,0.0,0.0,0.0,0.0,0.0,0.0,0.0,0.0,time,0.0,0.0,0.0,0.0,0.0
603,0.01,2,0.1,0.0,0.1,0.75,1.0,0.0,0.0,0.0,0.0,0.0,0.0,0.0,0.0,0.0,time,0.0,0.0,0.0,0.0,0.0
604,0.01,2,0.1,0.0,0.1,1.0,0.25,0.0,0.0,0.0,0.0,0.0,0.0,0.0,0.0,0.0,time,0.0,0.0,0.0,0.0,0.0
605,0.01,2,0.1,0.0,0.1,1.0,0.5,0.0,0.0,0.0,0.0,0.0,0.0,0.0,0.0,0.0,time,0.0,0.0,0.0,0.0,0.0
606,0.01,2,0.1,0.0,0.1,1.0,0.75,0.0,0.0,0.0,0.0,0.0,0.0,0.0,0.0,0.0,time,0.0,0.0,0.0,0.0,0.0
607,0.01,2,0.1,0.0,0.1,1.0,1.0,0.0,0.0,0.0,0.0,0.0,0.0,0.0,0.0,0.0,time,0.0,0.0,0.0,0.0,0.0
608,0.01,2,0.1,0.0,1.0,0.25,0.25,0.0,0.0,0.0,0.0,0.0,0.0,0.0,0.0,0.0,time,0.0,0.0,0.0,0.0,0.0
609,0.01,2,0.1,0.0,1.0,0.25,0.5,0.0,0.0,0.0,0.0,0.0,0.0,0.0,0.0,0.0,time,0.0,0.0,0.0,0.0,0.0
610,0.01,2,0.1,0.0,1.0,0.25,0.75,0.0,0.0,0.0,0.0,0.0,0.0,0.0,0.0,0.0,time,0.0,0.0,0.0,0.0,0.0
611,0.01,2,0.1,0.0,1.0,0.25,1.0,0.0,0.0,0.0,0.0,0.0,0.0,0.0,0.0,0.0,time,0.0,0.0,0.0,0.0,0.0
612,0.01,2,0.1,0.0,1.0,0.5,0.25,0.0,0.0,0.0,0.0,0.0,0.0,0.0,0.0,0.0,time,0.0,0.0,0.0,0.0,0.0
613,0.01,2,0.1,0.0,1.0,0.5,0.5,0.0,0.0,0.0,0.0,0.0,0.0,0.0,0.0,0.0,time,0.0,0.0,0.0,0.0,0.0
614,0.01,2,0.1,0.0,1.0,0.5,0.75,0.0,0.0,0.0,0.0,0.0,0.0,0.0,0.0,0.0,time,0.0,0.0,0.0,0.0,0.0
615,0.01,2,0.1,0.0,1.0,0.5,1.0,0.0,0.0,0.0,0.0,0.0,0.0,0.0,0.0,0.0,time,0.0,0.0,0.0,0.0,0.0
616,0.01,2,0.1,0.0,1.0,0.75,0.25,0.0,0.0,0.0,0.0,0.0,0.0,0.0,0.0,0.0,time,0.0,0.0,0.0,0.0,0.0
617,0.01,2,0.1,0.0,1.0,0.75,0.5,0.0,0.0,0.0,0.0,0.0,0.0,0.0,0.0,0.0,time,0.0,0.0,0.0,0.0,0.0
618,0.01,2,0.1,0.0,1.0,0.75,0.75,0.0,0.0,0.0,0.0,0.0,0.0,0.0,0.0,0.0,time,0.0,0.0,0.0,0.0,0.0
619,0.01,2,0.1,0.0,1.0,0.75,1.0,0.0,0.0,0.0,0.0,0.0,0.0,0.0,0.0,0.0,time,0.0,0.0,0.0,0.0,0.0
620,0.01,2,0.1,0.0,1.0,1.0,0.25,0.0,0.0,0.0,0.0,0.0,0.0,0.0,0.0,0.0,time,0.0,0.0,0.0,0.0,0.0
621,0.01,2,0.1,0.0,1.0,1.0,0.5,0.0,0.0,0.0,0.0,0.0,0.0,0.0,0.0,0.0,time,0.0,0.0,0.0,0.0,0.0
622,0.01,2,0.1,0.0,1.0,1.0,0.75,0.0,0.0,0.0,0.0,0.0,0.0,0.0,0.0,0.0,time,0.0,0.0,0.0,0.0,0.0
623,0.01,2,0.1,0.0,1.0,1.0,1.0,0.0,0.0,0.0,0.0,0.0,0.0,0.0,0.0,0.0,time,0.0,0.0,0.0,0.0,0.0
624,0.01,2,0.1,0.1,0.0,0.25,0.25,0.0,0.0,0.0,0.0,0.0,0.0,0.0,0.0,0.0,time,0.0,0.0,0.0,0.0,0.0
625,0.01,2,0.1,0.1,0.0,0.25,0.5,0.0,0.0,0.0,0.0,0.0,0.0,0.0,0.0,0.0,time,0.0,0.0,0.0,0.0,0.0
626,0.01,2,0.1,0.1,0.0,0.25,0.75,0.0,0.0,0.0,0.0,0.0,0.0,0.0,0.0,0.0,time,0.0,0.0,0.0,0.0,0.0
627,0.01,2,0.1,0.1,0.0,0.25,1.0,0.0,0.0,0.0,0.0,0.0,0.0,0.0,0.0,0.0,time,0.0,0.0,0.0,0.0,0.0
628,0.01,2,0.1,0.1,0.0,0.5,0.25,0.0,0.0,0.0,0.0,0.0,0.0,0.0,0.0,0.0,time,0.0,0.0,0.0,0.0,0.0
629,0.01,2,0.1,0.1,0.0,0.5,0.5,0.0,0.0,0.0,0.0,0.0,0.0,0.0,0.0,0.0,time,0.0,0.0,0.0,0.0,0.0
630,0.01,2,0.1,0.1,0.0,0.5,0.75,0.0,0.0,0.0,0.0,0.0,0.0,0.0,0.0,0.0,time,0.0,0.0,0.0,0.0,0.0
631,0.01,2,0.1,0.1,0.0,0.5,1.0,0.0,0.0,0.0,0.0,0.0,0.0,0.0,0.0,0.0,time,0.0,0.0,0.0,0.0,0.0
632,0.01,2,0.1,0.1,0.0,0.75,0.25,0.0,0.0,0.0,0.0,0.0,0.0,0.0,0.0,0.0,time,0.0,0.0,0.0,0.0,0.0
633,0.01,2,0.1,0.1,0.0,0.75,0.5,0.0,0.0,0.0,0.0,0.0,0.0,0.0,0.0,0.0,time,0.0,0.0,0.0,0.0,0.0
634,0.01,2,0.1,0.1,0.0,0.75,0.75,0.0,0.0,0.0,0.0,0.0,0.0,0.0,0.0,0.0,time,0.0,0.0,0.0,0.0,0.0
635,0.01,2,0.1,0.1,0.0,0.75,1.0,0.0,0.0,0.0,0.0,0.0,0.0,0.0,0.0,0.0,time,0.0,0.0,0.0,0.0,0.0
636,0.01,2,0.1,0.1,0.0,1.0,0.25,0.0,0.0,0.0,0.0,0.0,0.0,0.0,0.0,0.0,time,0.0,0.0,0.0,0.0,0.0
637,0.01,2,0.1,0.1,0.0,1.0,0.5,0.0,0.0,0.0,0.0,0.0,0.0,0.0,0.0,0.0,time,0.0,0.0,0.0,0.0,0.0
638,0.01,2,0.1,0.1,0.0,1.0,0.75,0.0,0.0,0.0,0.0,0.0,0.0,0.0,0.0,0.0,time,0.0,0.0,0.0,0.0,0.0
639,0.01,2,0.1,0.1,0.0,1.0,1.0,0.0,0.0,0.0,0.0,0.0,0.0,0.0,0.0,0.0,time,0.0,0.0,0.0,0.0,0.0
640,0.01,2,0.1,0.1,0.1,0.25,0.25,0.0,0.0,0.0,0.0,0.0,0.0,0.0,0.0,0.0,time,0.0,0.0,0.0,0.0,0.0
641,0.01,2,0.1,0.1,0.1,0.25,0.5,0.0,0.0,0.0,0.0,0.0,0.0,0.0,0.0,0.0,time,0.0,0.0,0.0,0.0,0.0
642,0.01,2,0.1,0.1,0.1,0.25,0.75,0.0,0.0,0.0,0.0,0.0,0.0,0.0,0.0,0.0,time,0.0,0.0,0.0,0.0,0.0
643,0.01,2,0.1,0.1,0.1,0.25,1.0,0.0,0.0,0.0,0.0,0.0,0.0,0.0,0.0,0.0,time,0.0,0.0,0.0,0.0,0.0
644,0.01,2,0.1,0.1,0.1,0.5,0.25,0.0,0.0,0.0,0.0,0.0,0.0,0.0,0.0,0.0,time,0.0,0.0,0.0,0.0,0.0
645,0.01,2,0.1,0.1,0.1,0.5,0.5,0.0,0.0,0.0,0.0,0.0,0.0,0.0,0.0,0.0,time,0.0,0.0,0.0,0.0,0.0
646,0.01,2,0.1,0.1,0.1,0.5,0.75,0.0,0.0,0.0,0.0,0.0,0.0,0.0,0.0,0.0,time,0.0,0.0,0.0,0.0,0.0
647,0.01,2,0.1,0.1,0.1,0.5,1.0,0.0,0.0,0.0,0.0,0.0,0.0,0.0,0.0,0.0,time,0.0,0.0,0.0,0.0,0.0
648,0.01,2,0.1,0.1,0.1,0.75,0.25,0.0,0.0,0.0,0.0,0.0,0.0,0.0,0.0,0.0,time,0.0,0.0,0.0,0.0,0.0
649,0.01,2,0.1,0.1,0.1,0.75,0.5,0.0,0.0,0.0,0.0,0.0,0.0,0.0,0.0,0.0,time,0.0,0.0,0.0,0.0,0.0
650,0.01,2,0.1,0.1,0.1,0.75,0.75,0.0,0.0,0.0,0.0,0.0,0.0,0.0,0.0,0.0,time,0.0,0.0,0.0,0.0,0.0
651,0.01,2,0.1,0.1,0.1,0.75,1.0,0.0,0.0,0.0,0.0,0.0,0.0,0.0,0.0,0.0,time,0.0,0.0,0.0,0.0,0.0
652,0.01,2,0.1,0.1,0.1,1.0,0.25,0.0,0.0,0.0,0.0,0.0,0.0,0.0,0.0,0.0,time,0.0,0.0,0.0,0.0,0.0
653,0.01,2,0.1,0.1,0.1,1.0,0.5,0.0,0.0,0.0,0.0,0.0,0.0,0.0,0.0,0.0,time,0.0,0.0,0.0,0.0,0.0
654,0.01,2,0.1,0.1,0.1,1.0,0.75,0.0,0.0,0.0,0.0,0.0,0.0,0.0,0.0,0.0,time,0.0,0.0,0.0,0.0,0.0
655,0.01,2,0.1,0.1,0.1,1.0,1.0,0.0,0.0,0.0,0.0,0.0,0.0,0.0,0.0,0.0,time,0.0,0.0,0.0,0.0,0.0
656,0.01,2,0.1,0.1,1.0,0.25,0.25,0.0,0.0,0.0,0.0,0.0,0.0,0.0,0.0,0.0,time,0.0,0.0,0.0,0.0,0.0
657,0.01,2,0.1,0.1,1.0,0.25,0.5,0.0,0.0,0.0,0.0,0.0,0.0,0.0,0.0,0.0,time,0.0,0.0,0.0,0.0,0.0
658,0.01,2,0.1,0.1,1.0,0.25,0.75,0.0,0.0,0.0,0.0,0.0,0.0,0.0,0.0,0.0,time,0.0,0.0,0.0,0.0,0.0
659,0.01,2,0.1,0.1,1.0,0.25,1.0,0.0,0.0,0.0,0.0,0.0,0.0,0.0,0.0,0.0,time,0.0,0.0,0.0,0.0,0.0
660,0.01,2,0.1,0.1,1.0,0.5,0.25,0.0,0.0,0.0,0.0,0.0,0.0,0.0,0.0,0.0,time,0.0,0.0,0.0,0.0,0.0
661,0.01,2,0.1,0.1,1.0,0.5,0.5,0.0,0.0,0.0,0.0,0.0,0.0,0.0,0.0,0.0,time,0.0,0.0,0.0,0.0,0.0
662,0.01,2,0.1,0.1,1.0,0.5,0.75,0.0,0.0,0.0,0.0,0.0,0.0,0.0,0.0,0.0,time,0.0,0.0,0.0,0.0,0.0
663,0.01,2,0.1,0.1,1.0,0.5,1.0,0.0,0.0,0.0,0.0,0.0,0.0,0.0,0.0,0.0,time,0.0,0.0,0.0,0.0,0.0
664,0.01,2,0.1,0.1,1.0,0.75,0.25,0.0,0.0,0.0,0.0,0.0,0.0,0.0,0.0,0.0,time,0.0,0.0,0.0,0.0,0.0
665,0.01,2,0.1,0.1,1.0,0.75,0.5,0.0,0.0,0.0,0.0,0.0,0.0,0.0,0.0,0.0,time,0.0,0.0,0.0,0.0,0.0
666,0.01,2,0.1,0.1,1.0,0.75,0.75,0.0,0.0,0.0,0.0,0.0,0.0,0.0,0.0,0.0,time,0.0,0.0,0.0,0.0,0.0
667,0.01,2,0.1,0.1,1.0,0.75,1.0,0.0,0.0,0.0,0.0,0.0,0.0,0.0,0.0,0.0,time,0.0,0.0,0.0,0.0,0.0
668,0.01,2,0.1,0.1,1.0,1.0,0.25,0.0,0.0,0.0,0.0,0.0,0.0,0.0,0.0,0.0,time,0.0,0.0,0.0,0.0,0.0
669,0.01,2,0.1,0.1,1.0,1.0,0.5,0.0,0.0,0.0,0.0,0.0,0.0,0.0,0.0,0.0,time,0.0,0.0,0.0,0.0,0.0
670,0.01,2,0.1,0.1,1.0,1.0,0.75,0.0,0.0,0.0,0.0,0.0,0.0,0.0,0.0,0.0,time,0.0,0.0,0.0,0.0,0.0
671,0.01,2,0.1,0.1,1.0,1.0,1.0,0.0,0.0,0.0,0.0,0.0,0.0,0.0,0.0,0.0,time,0.0,0.0,0.0,0.0,0.0
672,0.01,2,0.1,1.0,0.0,0.25,0.25,0.0,0.0,0.0,0.0,0.0,0.0,0.0,0.0,0.0,time,0.0,0.0,0.0,0.0,0.0
673,0.01,2,0.1,1.0,0.0,0.25,0.5,0.0,0.0,0.0,0.0,0.0,0.0,0.0,0.0,0.0,time,0.0,0.0,0.0,0.0,0.0
674,0.01,2,0.1,1.0,0.0,0.25,0.75,0.0,0.0,0.0,0.0,0.0,0.0,0.0,0.0,0.0,time,0.0,0.0,0.0,0.0,0.0
675,0.01,2,0.1,1.0,0.0,0.25,1.0,0.0,0.0,0.0,0.0,0.0,0.0,0.0,0.0,0.0,time,0.0,0.0,0.0,0.0,0.0
676,0.01,2,0.1,1.0,0.0,0.5,0.25,0.0,0.0,0.0,0.0,0.0,0.0,0.0,0.0,0.0,time,0.0,0.0,0.0,0.0,0.0
677,0.01,2,0.1,1.0,0.0,0.5,0.5,0.0,0.0,0.0,0.0,0.0,0.0,0.0,0.0,0.0,time,0.0,0.0,0.0,0.0,0.0
678,0.01,2,0.1,1.0,0.0,0.5,0.75,0.0,0.0,0.0,0.0,0.0,0.0,0.0,0.0,0.0,time,0.0,0.0,0.0,0.0,0.0
679,0.01,2,0.1,1.0,0.0,0.5,1.0,0.0,0.0,0.0,0.0,0.0,0.0,0.0,0.0,0.0,time,0.0,0.0,0.0,0.0,0.0
680,0.01,2,0.1,1.0,0.0,0.75,0.25,0.0,0.0,0.0,0.0,0.0,0.0,0.0,0.0,0.0,time,0.0,0.0,0.0,0.0,0.0
681,0.01,2,0.1,1.0,0.0,0.75,0.5,0.0,0.0,0.0,0.0,0.0,0.0,0.0,0.0,0.0,time,0.0,0.0,0.0,0.0,0.0
682,0.01,2,0.1,1.0,0.0,0.75,0.75,0.0,0.0,0.0,0.0,0.0,0.0,0.0,0.0,0.0,time,0.0,0.0,0.0,0.0,0.0
683,0.01,2,0.1,1.0,0.0,0.75,1.0,0.0,0.0,0.0,0.0,0.0,0.0,0.0,0.0,0.0,time,0.0,0.0,0.0,0.0,0.0
684,0.01,2,0.1,1.0,0.0,1.0,0.25,0.0,0.0,0.0,0.0,0.0,0.0,0.0,0.0,0.0,time,0.0,0.0,0.0,0.0,0.0
685,0.01,2,0.1,1.0,0.0,1.0,0.5,0.0,0.0,0.0,0.0,0.0,0.0,0.0,0.0,0.0,time,0.0,0.0,0.0,0.0,0.0
686,0.01,2,0.1,1.0,0.0,1.0,0.75,0.0,0.0,0.0,0.0,0.0,0.0,0.0,0.0,0.0,time,0.0,0.0,0.0,0.0,0.0
687,0.01,2,0.1,1.0,0.0,1.0,1.0,0.0,0.0,0.0,0.0,0.0,0.0,0.0,0.0,0.0,time,0.0,0.0,0.0,0.0,0.0
688,0.01,2,0.1,1.0,0.1,0.25,0.25,0.0,0.0,0.0,0.0,0.0,0.0,0.0,0.0,0.0,time,0.0,0.0,0.0,0.0,0.0
689,0.01,2,0.1,1.0,0.1,0.25,0.5,0.0,0.0,0.0,0.0,0.0,0.0,0.0,0.0,0.0,time,0.0,0.0,0.0,0.0,0.0
690,0.01,2,0.1,1.0,0.1,0.25,0.75,0.0,0.0,0.0,0.0,0.0,0.0,0.0,0.0,0.0,time,0.0,0.0,0.0,0.0,0.0
691,0.01,2,0.1,1.0,0.1,0.25,1.0,0.0,0.0,0.0,0.0,0.0,0.0,0.0,0.0,0.0,time,0.0,0.0,0.0,0.0,0.0
692,0.01,2,0.1,1.0,0.1,0.5,0.25,0.0,0.0,0.0,0.0,0.0,0.0,0.0,0.0,0.0,time,0.0,0.0,0.0,0.0,0.0
693,0.01,2,0.1,1.0,0.1,0.5,0.5,0.0,0.0,0.0,0.0,0.0,0.0,0.0,0.0,0.0,time,0.0,0.0,0.0,0.0,0.0
694,0.01,2,0.1,1.0,0.1,0.5,0.75,0.0,0.0,0.0,0.0,0.0,0.0,0.0,0.0,0.0,time,0.0,0.0,0.0,0.0,0.0
695,0.01,2,0.1,1.0,0.1,0.5,1.0,0.0,0.0,0.0,0.0,0.0,0.0,0.0,0.0,0.0,time,0.0,0.0,0.0,0.0,0.0
696,0.01,2,0.1,1.0,0.1,0.75,0.25,0.0,0.0,0.0,0.0,0.0,0.0,0.0,0.0,0.0,time,0.0,0.0,0.0,0.0,0.0
697,0.01,2,0.1,1.0,0.1,0.75,0.5,0.0,0.0,0.0,0.0,0.0,0.0,0.0,0.0,0.0,time,0.0,0.0,0.0,0.0,0.0
698,0.01,2,0.1,1.0,0.1,0.75,0.75,0.0,0.0,0.0,0.0,0.0,0.0,0.0,0.0,0.0,time,0.0,0.0,0.0,0.0,0.0
699,0.01,2,0.1,1.0,0.1,0.75,1.0,0.0,0.0,0.0,0.0,0.0,0.0,0.0,0.0,0.0,time,0.0,0.0,0.0,0.0,0.0
700,0.01,2,0.1,1.0,0.1,1.0,0.25,0.0,0.0,0.0,0.0,0.0,0.0,0.0,0.0,0.0,time,0.0,0.0,0.0,0.0,0.0
701,0.01,2,0.1,1.0,0.1,1.0,0.5,0.0,0.0,0.0,0.0,0.0,0.0,0.0,0.0,0.0,time,0.0,0.0,0.0,0.0,0.0
702,0.01,2,0.1,1.0,0.1,1.0,0.75,0.0,0.0,0.0,0.0,0.0,0.0,0.0,0.0,0.0,time,0.0,0.0,0.0,0.0,0.0
703,0.01,2,0.1,1.0,0.1,1.0,1.0,0.0,0.0,0.0,0.0,0.0,0.0,0.0,0.0,0.0,time,0.0,0.0,0.0,0.0,0.0
704,0.01,2,0.1,1.0,1.0,0.25,0.25,0.0,0.0,0.0,0.0,0.0,0.0,0.0,0.0,0.0,time,0.0,0.0,0.0,0.0,0.0
705,0.01,2,0.1,1.0,1.0,0.25,0.5,0.0,0.0,0.0,0.0,0.0,0.0,0.0,0.0,0.0,time,0.0,0.0,0.0,0.0,0.0
706,0.01,2,0.1,1.0,1.0,0.25,0.75,0.0,0.0,0.0,0.0,0.0,0.0,0.0,0.0,0.0,time,0.0,0.0,0.0,0.0,0.0
707,0.01,2,0.1,1.0,1.0,0.25,1.0,0.0,0.0,0.0,0.0,0.0,0.0,0.0,0.0,0.0,time,0.0,0.0,0.0,0.0,0.0
708,0.01,2,0.1,1.0,1.0,0.5,0.25,0.0,0.0,0.0,0.0,0.0,0.0,0.0,0.0,0.0,time,0.0,0.0,0.0,0.0,0.0
709,0.01,2,0.1,1.0,1.0,0.5,0.5,0.0,0.0,0.0,0.0,0.0,0.0,0.0,0.0,0.0,time,0.0,0.0,0.0,0.0,0.0
710,0.01,2,0.1,1.0,1.0,0.5,0.75,0.0,0.0,0.0,0.0,0.0,0.0,0.0,0.0,0.0,time,0.0,0.0,0.0,0.0,0.0
711,0.01,2,0.1,1.0,1.0,0.5,1.0,0.0,0.0,0.0,0.0,0.0,0.0,0.0,0.0,0.0,time,0.0,0.0,0.0,0.0,0.0
712,0.01,2,0.1,1.0,1.0,0.75,0.25,0.0,0.0,0.0,0.0,0.0,0.0,0.0,0.0,0.0,time,0.0,0.0,0.0,0.0,0.0
713,0.01,2,0.1,1.0,1.0,0.75,0.5,0.0,0.0,0.0,0.0,0.0,0.0,0.0,0.0,0.0,time,0.0,0.0,0.0,0.0,0.0
714,0.01,2,0.1,1.0,1.0,0.75,0.75,0.0,0.0,0.0,0.0,0.0,0.0,0.0,0.0,0.0,time,0.0,0.0,0.0,0.0,0.0
715,0.01,2,0.1,1.0,1.0,0.75,1.0,0.0,0.0,0.0,0.0,0.0,0.0,0.0,0.0,0.0,time,0.0,0.0,0.0,0.0,0.0
716,0.01,2,0.1,1.0,1.0,1.0,0.25,0.0,0.0,0.0,0.0,0.0,0.0,0.0,0.0,0.0,time,0.0,0.0,0.0,0.0,0.0
717,0.01,2,0.1,1.0,1.0,1.0,0.5,0.0,0.0,0.0,0.0,0.0,0.0,0.0,0.0,0.0,time,0.0,0.0,0.0,0.0,0.0
718,0.01,2,0.1,1.0,1.0,1.0,0.75,0.0,0.0,0.0,0.0,0.0,0.0,0.0,0.0,0.0,time,0.0,0.0,0.0,0.0,0.0
719,0.01,2,0.1,1.0,1.0,1.0,1.0,0.0,0.0,0.0,0.0,0.0,0.0,0.0,0.0,0.0,time,0.0,0.0,0.0,0.0,0.0
720,0.01,2,1.0,0.0,0.0,0.25,0.25,0.0,0.0,0.0,0.0,0.0,0.0,0.0,0.0,0.0,time,0.0,0.0,0.0,0.0,0.0
721,0.01,2,1.0,0.0,0.0,0.25,0.5,0.0,0.0,0.0,0.0,0.0,0.0,0.0,0.0,0.0,time,0.0,0.0,0.0,0.0,0.0
722,0.01,2,1.0,0.0,0.0,0.25,0.75,0.0,0.0,0.0,0.0,0.0,0.0,0.0,0.0,0.0,time,0.0,0.0,0.0,0.0,0.0
723,0.01,2,1.0,0.0,0.0,0.25,1.0,0.0,0.0,0.0,0.0,0.0,0.0,0.0,0.0,0.0,time,0.0,0.0,0.0,0.0,0.0
724,0.01,2,1.0,0.0,0.0,0.5,0.25,0.0,0.0,0.0,0.0,0.0,0.0,0.0,0.0,0.0,time,0.0,0.0,0.0,0.0,0.0
725,0.01,2,1.0,0.0,0.0,0.5,0.5,0.0,0.0,0.0,0.0,0.0,0.0,0.0,0.0,0.0,time,0.0,0.0,0.0,0.0,0.0
726,0.01,2,1.0,0.0,0.0,0.5,0.75,0.0,0.0,0.0,0.0,0.0,0.0,0.0,0.0,0.0,time,0.0,0.0,0.0,0.0,0.0
727,0.01,2,1.0,0.0,0.0,0.5,1.0,0.0,0.0,0.0,0.0,0.0,0.0,0.0,0.0,0.0,time,0.0,0.0,0.0,0.0,0.0
728,0.01,2,1.0,0.0,0.0,0.75,0.25,0.0,0.0,0.0,0.0,0.0,0.0,0.0,0.0,0.0,time,0.0,0.0,0.0,0.0,0.0
729,0.01,2,1.0,0.0,0.0,0.75,0.5,0.0,0.0,0.0,0.0,0.0,0.0,0.0,0.0,0.0,time,0.0,0.0,0.0,0.0,0.0
730,0.01,2,1.0,0.0,0.0,0.75,0.75,0.0,0.0,0.0,0.0,0.0,0.0,0.0,0.0,0.0,time,0.0,0.0,0.0,0.0,0.0
731,0.01,2,1.0,0.0,0.0,0.75,1.0,0.0,0.0,0.0,0.0,0.0,0.0,0.0,0.0,0.0,time,0.0,0.0,0.0,0.0,0.0
732,0.01,2,1.0,0.0,0.0,1.0,0.25,0.0,0.0,0.0,0.0,0.0,0.0,0.0,0.0,0.0,time,0.0,0.0,0.0,0.0,0.0
733,0.01,2,1.0,0.0,0.0,1.0,0.5,0.0,0.0,0.0,0.0,0.0,0.0,0.0,0.0,0.0,time,0.0,0.0,0.0,0.0,0.0
734,0.01,2,1.0,0.0,0.0,1.0,0.75,0.0,0.0,0.0,0.0,0.0,0.0,0.0,0.0,0.0,time,0.0,0.0,0.0,0.0,0.0
735,0.01,2,1.0,0.0,0.0,1.0,1.0,0.0,0.0,0.0,0.0,0.0,0.0,0.0,0.0,0.0,time,0.0,0.0,0.0,0.0,0.0
736,0.01,2,1.0,0.0,0.1,0.25,0.25,0.0,0.0,0.0,0.0,0.0,0.0,0.0,0.0,0.0,time,0.0,0.0,0.0,0.0,0.0
737,0.01,2,1.0,0.0,0.1,0.25,0.5,0.0,0.0,0.0,0.0,0.0,0.0,0.0,0.0,0.0,time,0.0,0.0,0.0,0.0,0.0
738,0.01,2,1.0,0.0,0.1,0.25,0.75,0.0,0.0,0.0,0.0,0.0,0.0,0.0,0.0,0.0,time,0.0,0.0,0.0,0.0,0.0
739,0.01,2,1.0,0.0,0.1,0.25,1.0,0.0,0.0,0.0,0.0,0.0,0.0,0.0,0.0,0.0,time,0.0,0.0,0.0,0.0,0.0
740,0.01,2,1.0,0.0,0.1,0.5,0.25,0.0,0.0,0.0,0.0,0.0,0.0,0.0,0.0,0.0,time,0.0,0.0,0.0,0.0,0.0
741,0.01,2,1.0,0.0,0.1,0.5,0.5,0.0,0.0,0.0,0.0,0.0,0.0,0.0,0.0,0.0,time,0.0,0.0,0.0,0.0,0.0
742,0.01,2,1.0,0.0,0.1,0.5,0.75,0.0,0.0,0.0,0.0,0.0,0.0,0.0,0.0,0.0,time,0.0,0.0,0.0,0.0,0.0
743,0.01,2,1.0,0.0,0.1,0.5,1.0,0.0,0.0,0.0,0.0,0.0,0.0,0.0,0.0,0.0,time,0.0,0.0,0.0,0.0,0.0
744,0.01,2,1.0,0.0,0.1,0.75,0.25,0.0,0.0,0.0,0.0,0.0,0.0,0.0,0.0,0.0,time,0.0,0.0,0.0,0.0,0.0
745,0.01,2,1.0,0.0,0.1,0.75,0.5,0.0,0.0,0.0,0.0,0.0,0.0,0.0,0.0,0.0,time,0.0,0.0,0.0,0.0,0.0
746,0.01,2,1.0,0.0,0.1,0.75,0.75,0.0,0.0,0.0,0.0,0.0,0.0,0.0,0.0,0.0,time,0.0,0.0,0.0,0.0,0.0
747,0.01,2,1.0,0.0,0.1,0.75,1.0,0.0,0.0,0.0,0.0,0.0,0.0,0.0,0.0,0.0,time,0.0,0.0,0.0,0.0,0.0
748,0.01,2,1.0,0.0,0.1,1.0,0.25,0.0,0.0,0.0,0.0,0.0,0.0,0.0,0.0,0.0,time,0.0,0.0,0.0,0.0,0.0
749,0.01,2,1.0,0.0,0.1,1.0,0.5,0.0,0.0,0.0,0.0,0.0,0.0,0.0,0.0,0.0,time,0.0,0.0,0.0,0.0,0.0
750,0.01,2,1.0,0.0,0.1,1.0,0.75,0.0,0.0,0.0,0.0,0.0,0.0,0.0,0.0,0.0,time,0.0,0.0,0.0,0.0,0.0
751,0.01,2,1.0,0.0,0.1,1.0,1.0,0.0,0.0,0.0,0.0,0.0,0.0,0.0,0.0,0.0,time,0.0,0.0,0.0,0.0,0.0
752,0.01,2,1.0,0.0,1.0,0.25,0.25,0.0,0.0,0.0,0.0,0.0,0.0,0.0,0.0,0.0,time,0.0,0.0,0.0,0.0,0.0
753,0.01,2,1.0,0.0,1.0,0.25,0.5,0.0,0.0,0.0,0.0,0.0,0.0,0.0,0.0,0.0,time,0.0,0.0,0.0,0.0,0.0
754,0.01,2,1.0,0.0,1.0,0.25,0.75,0.0,0.0,0.0,0.0,0.0,0.0,0.0,0.0,0.0,time,0.0,0.0,0.0,0.0,0.0
755,0.01,2,1.0,0.0,1.0,0.25,1.0,0.0,0.0,0.0,0.0,0.0,0.0,0.0,0.0,0.0,time,0.0,0.0,0.0,0.0,0.0
756,0.01,2,1.0,0.0,1.0,0.5,0.25,0.0,0.0,0.0,0.0,0.0,0.0,0.0,0.0,0.0,time,0.0,0.0,0.0,0.0,0.0
757,0.01,2,1.0,0.0,1.0,0.5,0.5,0.0,0.0,0.0,0.0,0.0,0.0,0.0,0.0,0.0,time,0.0,0.0,0.0,0.0,0.0
758,0.01,2,1.0,0.0,1.0,0.5,0.75,0.0,0.0,0.0,0.0,0.0,0.0,0.0,0.0,0.0,time,0.0,0.0,0.0,0.0,0.0
759,0.01,2,1.0,0.0,1.0,0.5,1.0,0.0,0.0,0.0,0.0,0.0,0.0,0.0,0.0,0.0,time,0.0,0.0,0.0,0.0,0.0
760,0.01,2,1.0,0.0,1.0,0.75,0.25,0.0,0.0,0.0,0.0,0.0,0.0,0.0,0.0,0.0,time,0.0,0.0,0.0,0.0,0.0
761,0.01,2,1.0,0.0,1.0,0.75,0.5,0.0,0.0,0.0,0.0,0.0,0.0,0.0,0.0,0.0,time,0.0,0.0,0.0,0.0,0.0
762,0.01,2,1.0,0.0,1.0,0.75,0.75,0.0,0.0,0.0,0.0,0.0,0.0,0.0,0.0,0.0,time,0.0,0.0,0.0,0.0,0.0
763,0.01,2,1.0,0.0,1.0,0.75,1.0,0.0,0.0,0.0,0.0,0.0,0.0,0.0,0.0,0.0,time,0.0,0.0,0.0,0.0,0.0
764,0.01,2,1.0,0.0,1.0,1.0,0.25,0.0,0.0,0.0,0.0,0.0,0.0,0.0,0.0,0.0,time,0.0,0.0,0.0,0.0,0.0
765,0.01,2,1.0,0.0,1.0,1.0,0.5,0.0,0.0,0.0,0.0,0.0,0.0,0.0,0.0,0.0,time,0.0,0.0,0.0,0.0,0.0
766,0.01,2,1.0,0.0,1.0,1.0,0.75,0.0,0.0,0.0,0.0,0.0,0.0,0.0,0.0,0.0,time,0.0,0.0,0.0,0.0,0.0
767,0.01,2,1.0,0.0,1.0,1.0,1.0,0.0,0.0,0.0,0.0,0.0,0.0,0.0,0.0,0.0,time,0.0,0.0,0.0,0.0,0.0
768,0.01,2,1.0,0.1,0.0,0.25,0.25,0.0,0.0,0.0,0.0,0.0,0.0,0.0,0.0,0.0,time,0.0,0.0,0.0,0.0,0.0
769,0.01,2,1.0,0.1,0.0,0.25,0.5,0.0,0.0,0.0,0.0,0.0,0.0,0.0,0.0,0.0,time,0.0,0.0,0.0,0.0,0.0
770,0.01,2,1.0,0.1,0.0,0.25,0.75,0.0,0.0,0.0,0.0,0.0,0.0,0.0,0.0,0.0,time,0.0,0.0,0.0,0.0,0.0
771,0.01,2,1.0,0.1,0.0,0.25,1.0,0.0,0.0,0.0,0.0,0.0,0.0,0.0,0.0,0.0,time,0.0,0.0,0.0,0.0,0.0
772,0.01,2,1.0,0.1,0.0,0.5,0.25,0.0,0.0,0.0,0.0,0.0,0.0,0.0,0.0,0.0,time,0.0,0.0,0.0,0.0,0.0
773,0.01,2,1.0,0.1,0.0,0.5,0.5,0.0,0.0,0.0,0.0,0.0,0.0,0.0,0.0,0.0,time,0.0,0.0,0.0,0.0,0.0
774,0.01,2,1.0,0.1,0.0,0.5,0.75,0.0,0.0,0.0,0.0,0.0,0.0,0.0,0.0,0.0,time,0.0,0.0,0.0,0.0,0.0
775,0.01,2,1.0,0.1,0.0,0.5,1.0,0.0,0.0,0.0,0.0,0.0,0.0,0.0,0.0,0.0,time,0.0,0.0,0.0,0.0,0.0
776,0.01,2,1.0,0.1,0.0,0.75,0.25,0.0,0.0,0.0,0.0,0.0,0.0,0.0,0.0,0.0,time,0.0,0.0,0.0,0.0,0.0
777,0.01,2,1.0,0.1,0.0,0.75,0.5,0.0,0.0,0.0,0.0,0.0,0.0,0.0,0.0,0.0,time,0.0,0.0,0.0,0.0,0.0
778,0.01,2,1.0,0.1,0.0,0.75,0.75,0.0,0.0,0.0,0.0,0.0,0.0,0.0,0.0,0.0,time,0.0,0.0,0.0,0.0,0.0
779,0.01,2,1.0,0.1,0.0,0.75,1.0,0.0,0.0,0.0,0.0,0.0,0.0,0.0,0.0,0.0,time,0.0,0.0,0.0,0.0,0.0
780,0.01,2,1.0,0.1,0.0,1.0,0.25,0.0,0.0,0.0,0.0,0.0,0.0,0.0,0.0,0.0,time,0.0,0.0,0.0,0.0,0.0
781,0.01,2,1.0,0.1,0.0,1.0,0.5,0.0,0.0,0.0,0.0,0.0,0.0,0.0,0.0,0.0,time,0.0,0.0,0.0,0.0,0.0
782,0.01,2,1.0,0.1,0.0,1.0,0.75,0.0,0.0,0.0,0.0,0.0,0.0,0.0,0.0,0.0,time,0.0,0.0,0.0,0.0,0.0
783,0.01,2,1.0,0.1,0.0,1.0,1.0,0.0,0.0,0.0,0.0,0.0,0.0,0.0,0.0,0.0,time,0.0,0.0,0.0,0.0,0.0
784,0.01,2,1.0,0.1,0.1,0.25,0.25,0.0,0.0,0.0,0.0,0.0,0.0,0.0,0.0,0.0,time,0.0,0.0,0.0,0.0,0.0
785,0.01,2,1.0,0.1,0.1,0.25,0.5,0.0,0.0,0.0,0.0,0.0,0.0,0.0,0.0,0.0,time,0.0,0.0,0.0,0.0,0.0
786,0.01,2,1.0,0.1,0.1,0.25,0.75,0.0,0.0,0.0,0.0,0.0,0.0,0.0,0.0,0.0,time,0.0,0.0,0.0,0.0,0.0
787,0.01,2,1.0,0.1,0.1,0.25,1.0,0.0,0.0,0.0,0.0,0.0,0.0,0.0,0.0,0.0,time,0.0,0.0,0.0,0.0,0.0
788,0.01,2,1.0,0.1,0.1,0.5,0.25,0.0,0.0,0.0,0.0,0.0,0.0,0.0,0.0,0.0,time,0.0,0.0,0.0,0.0,0.0
789,0.01,2,1.0,0.1,0.1,0.5,0.5,0.0,0.0,0.0,0.0,0.0,0.0,0.0,0.0,0.0,time,0.0,0.0,0.0,0.0,0.0
790,0.01,2,1.0,0.1,0.1,0.5,0.75,0.0,0.0,0.0,0.0,0.0,0.0,0.0,0.0,0.0,time,0.0,0.0,0.0,0.0,0.0
791,0.01,2,1.0,0.1,0.1,0.5,1.0,0.0,0.0,0.0,0.0,0.0,0.0,0.0,0.0,0.0,time,0.0,0.0,0.0,0.0,0.0
792,0.01,2,1.0,0.1,0.1,0.75,0.25,0.0,0.0,0.0,0.0,0.0,0.0,0.0,0.0,0.0,time,0.0,0.0,0.0,0.0,0.0
793,0.01,2,1.0,0.1,0.1,0.75,0.5,0.0,0.0,0.0,0.0,0.0,0.0,0.0,0.0,0.0,time,0.0,0.0,0.0,0.0,0.0
794,0.01,2,1.0,0.1,0.1,0.75,0.75,0.0,0.0,0.0,0.0,0.0,0.0,0.0,0.0,0.0,time,0.0,0.0,0.0,0.0,0.0
795,0.01,2,1.0,0.1,0.1,0.75,1.0,0.0,0.0,0.0,0.0,0.0,0.0,0.0,0.0,0.0,time,0.0,0.0,0.0,0.0,0.0
796,0.01,2,1.0,0.1,0.1,1.0,0.25,0.0,0.0,0.0,0.0,0.0,0.0,0.0,0.0,0.0,time,0.0,0.0,0.0,0.0,0.0
797,0.01,2,1.0,0.1,0.1,1.0,0.5,0.0,0.0,0.0,0.0,0.0,0.0,0.0,0.0,0.0,time,0.0,0.0,0.0,0.0,0.0
798,0.01,2,1.0,0.1,0.1,1.0,0.75,0.0,0.0,0.0,0.0,0.0,0.0,0.0,0.0,0.0,time,0.0,0.0,0.0,0.0,0.0
799,0.01,2,1.0,0.1,0.1,1.0,1.0,0.0,0.0,0.0,0.0,0.0,0.0,0.0,0.0,0.0,time,0.0,0.0,0.0,0.0,0.0
800,0.01,2,1.0,0.1,1.0,0.25,0.25,0.0,0.0,0.0,0.0,0.0,0.0,0.0,0.0,0.0,time,0.0,0.0,0.0,0.0,0.0
801,0.01,2,1.0,0.1,1.0,0.25,0.5,0.0,0.0,0.0,0.0,0.0,0.0,0.0,0.0,0.0,time,0.0,0.0,0.0,0.0,0.0
802,0.01,2,1.0,0.1,1.0,0.25,0.75,0.0,0.0,0.0,0.0,0.0,0.0,0.0,0.0,0.0,time,0.0,0.0,0.0,0.0,0.0
803,0.01,2,1.0,0.1,1.0,0.25,1.0,0.0,0.0,0.0,0.0,0.0,0.0,0.0,0.0,0.0,time,0.0,0.0,0.0,0.0,0.0
804,0.01,2,1.0,0.1,1.0,0.5,0.25,0.0,0.0,0.0,0.0,0.0,0.0,0.0,0.0,0.0,time,0.0,0.0,0.0,0.0,0.0
805,0.01,2,1.0,0.1,1.0,0.5,0.5,0.0,0.0,0.0,0.0,0.0,0.0,0.0,0.0,0.0,time,0.0,0.0,0.0,0.0,0.0
806,0.01,2,1.0,0.1,1.0,0.5,0.75,0.0,0.0,0.0,0.0,0.0,0.0,0.0,0.0,0.0,time,0.0,0.0,0.0,0.0,0.0
807,0.01,2,1.0,0.1,1.0,0.5,1.0,0.0,0.0,0.0,0.0,0.0,0.0,0.0,0.0,0.0,time,0.0,0.0,0.0,0.0,0.0
808,0.01,2,1.0,0.1,1.0,0.75,0.25,0.0,0.0,0.0,0.0,0.0,0.0,0.0,0.0,0.0,time,0.0,0.0,0.0,0.0,0.0
809,0.01,2,1.0,0.1,1.0,0.75,0.5,0.0,0.0,0.0,0.0,0.0,0.0,0.0,0.0,0.0,time,0.0,0.0,0.0,0.0,0.0
810,0.01,2,1.0,0.1,1.0,0.75,0.75,0.0,0.0,0.0,0.0,0.0,0.0,0.0,0.0,0.0,time,0.0,0.0,0.0,0.0,0.0
811,0.01,2,1.0,0.1,1.0,0.75,1.0,0.0,0.0,0.0,0.0,0.0,0.0,0.0,0.0,0.0,time,0.0,0.0,0.0,0.0,0.0
812,0.01,2,1.0,0.1,1.0,1.0,0.25,0.0,0.0,0.0,0.0,0.0,0.0,0.0,0.0,0.0,time,0.0,0.0,0.0,0.0,0.0
813,0.01,2,1.0,0.1,1.0,1.0,0.5,0.0,0.0,0.0,0.0,0.0,0.0,0.0,0.0,0.0,time,0.0,0.0,0.0,0.0,0.0
814,0.01,2,1.0,0.1,1.0,1.0,0.75,0.0,0.0,0.0,0.0,0.0,0.0,0.0,0.0,0.0,time,0.0,0.0,0.0,0.0,0.0
815,0.01,2,1.0,0.1,1.0,1.0,1.0,0.0,0.0,0.0,0.0,0.0,0.0,0.0,0.0,0.0,time,0.0,0.0,0.0,0.0,0.0
816,0.01,2,1.0,1.0,0.0,0.25,0.25,0.0,0.0,0.0,0.0,0.0,0.0,0.0,0.0,0.0,time,0.0,0.0,0.0,0.0,0.0
817,0.01,2,1.0,1.0,0.0,0.25,0.5,0.0,0.0,0.0,0.0,0.0,0.0,0.0,0.0,0.0,time,0.0,0.0,0.0,0.0,0.0
818,0.01,2,1.0,1.0,0.0,0.25,0.75,0.0,0.0,0.0,0.0,0.0,0.0,0.0,0.0,0.0,time,0.0,0.0,0.0,0.0,0.0
819,0.01,2,1.0,1.0,0.0,0.25,1.0,0.0,0.0,0.0,0.0,0.0,0.0,0.0,0.0,0.0,time,0.0,0.0,0.0,0.0,0.0
820,0.01,2,1.0,1.0,0.0,0.5,0.25,0.0,0.0,0.0,0.0,0.0,0.0,0.0,0.0,0.0,time,0.0,0.0,0.0,0.0,0.0
821,0.01,2,1.0,1.0,0.0,0.5,0.5,0.0,0.0,0.0,0.0,0.0,0.0,0.0,0.0,0.0,time,0.0,0.0,0.0,0.0,0.0
822,0.01,2,1.0,1.0,0.0,0.5,0.75,0.0,0.0,0.0,0.0,0.0,0.0,0.0,0.0,0.0,time,0.0,0.0,0.0,0.0,0.0
823,0.01,2,1.0,1.0,0.0,0.5,1.0,0.0,0.0,0.0,0.0,0.0,0.0,0.0,0.0,0.0,time,0.0,0.0,0.0,0.0,0.0
824,0.01,2,1.0,1.0,0.0,0.75,0.25,0.0,0.0,0.0,0.0,0.0,0.0,0.0,0.0,0.0,time,0.0,0.0,0.0,0.0,0.0
825,0.01,2,1.0,1.0,0.0,0.75,0.5,0.0,0.0,0.0,0.0,0.0,0.0,0.0,0.0,0.0,time,0.0,0.0,0.0,0.0,0.0
826,0.01,2,1.0,1.0,0.0,0.75,0.75,0.0,0.0,0.0,0.0,0.0,0.0,0.0,0.0,0.0,time,0.0,0.0,0.0,0.0,0.0
827,0.01,2,1.0,1.0,0.0,0.75,1.0,0.0,0.0,0.0,0.0,0.0,0.0,0.0,0.0,0.0,time,0.0,0.0,0.0,0.0,0.0
828,0.01,2,1.0,1.0,0.0,1.0,0.25,0.0,0.0,0.0,0.0,0.0,0.0,0.0,0.0,0.0,time,0.0,0.0,0.0,0.0,0.0
829,0.01,2,1.0,1.0,0.0,1.0,0.5,0.0,0.0,0.0,0.0,0.0,0.0,0.0,0.0,0.0,time,0.0,0.0,0.0,0.0,0.0
830,0.01,2,1.0,1.0,0.0,1.0,0.75,0.0,0.0,0.0,0.0,0.0,0.0,0.0,0.0,0.0,time,0.0,0.0,0.0,0.0,0.0
831,0.01,2,1.0,1.0,0.0,1.0,1.0,0.0,0.0,0.0,0.0,0.0,0.0,0.0,0.0,0.0,time,0.0,0.0,0.0,0.0,0.0
832,0.01,2,1.0,1.0,0.1,0.25,0.25,0.0,0.0,0.0,0.0,0.0,0.0,0.0,0.0,0.0,time,0.0,0.0,0.0,0.0,0.0
833,0.01,2,1.0,1.0,0.1,0.25,0.5,0.0,0.0,0.0,0.0,0.0,0.0,0.0,0.0,0.0,time,0.0,0.0,0.0,0.0,0.0
834,0.01,2,1.0,1.0,0.1,0.25,0.75,0.0,0.0,0.0,0.0,0.0,0.0,0.0,0.0,0.0,time,0.0,0.0,0.0,0.0,0.0
835,0.01,2,1.0,1.0,0.1,0.25,1.0,0.0,0.0,0.0,0.0,0.0,0.0,0.0,0.0,0.0,time,0.0,0.0,0.0,0.0,0.0
836,0.01,2,1.0,1.0,0.1,0.5,0.25,0.0,0.0,0.0,0.0,0.0,0.0,0.0,0.0,0.0,time,0.0,0.0,0.0,0.0,0.0
837,0.01,2,1.0,1.0,0.1,0.5,0.5,0.0,0.0,0.0,0.0,0.0,0.0,0.0,0.0,0.0,time,0.0,0.0,0.0,0.0,0.0
838,0.01,2,1.0,1.0,0.1,0.5,0.75,0.0,0.0,0.0,0.0,0.0,0.0,0.0,0.0,0.0,time,0.0,0.0,0.0,0.0,0.0
839,0.01,2,1.0,1.0,0.1,0.5,1.0,0.0,0.0,0.0,0.0,0.0,0.0,0.0,0.0,0.0,time,0.0,0.0,0.0,0.0,0.0
840,0.01,2,1.0,1.0,0.1,0.75,0.25,0.0,0.0,0.0,0.0,0.0,0.0,0.0,0.0,0.0,time,0.0,0.0,0.0,0.0,0.0
841,0.01,2,1.0,1.0,0.1,0.75,0.5,0.0,0.0,0.0,0.0,0.0,0.0,0.0,0.0,0.0,time,0.0,0.0,0.0,0.0,0.0
842,0.01,2,1.0,1.0,0.1,0.75,0.75,0.0,0.0,0.0,0.0,0.0,0.0,0.0,0.0,0.0,time,0.0,0.0,0.0,0.0,0.0
843,0.01,2,1.0,1.0,0.1,0.75,1.0,0.0,0.0,0.0,0.0,0.0,0.0,0.0,0.0,0.0,time,0.0,0.0,0.0,0.0,0.0
844,0.01,2,1.0,1.0,0.1,1.0,0.25,0.0,0.0,0.0,0.0,0.0,0.0,0.0,0.0,0.0,time,0.0,0.0,0.0,0.0,0.0
845,0.01,2,1.0,1.0,0.1,1.0,0.5,0.0,0.0,0.0,0.0,0.0,0.0,0.0,0.0,0.0,time,0.0,0.0,0.0,0.0,0.0
846,0.01,2,1.0,1.0,0.1,1.0,0.75,0.0,0.0,0.0,0.0,0.0,0.0,0.0,0.0,0.0,time,0.0,0.0,0.0,0.0,0.0
847,0.01,2,1.0,1.0,0.1,1.0,1.0,0.0,0.0,0.0,0.0,0.0,0.0,0.0,0.0,0.0,time,0.0,0.0,0.0,0.0,0.0
848,0.01,2,1.0,1.0,1.0,0.25,0.25,0.0,0.0,0.0,0.0,0.0,0.0,0.0,0.0,0.0,time,0.0,0.0,0.0,0.0,0.0
849,0.01,2,1.0,1.0,1.0,0.25,0.5,0.0,0.0,0.0,0.0,0.0,0.0,0.0,0.0,0.0,time,0.0,0.0,0.0,0.0,0.0
850,0.01,2,1.0,1.0,1.0,0.25,0.75,0.0,0.0,0.0,0.0,0.0,0.0,0.0,0.0,0.0,time,0.0,0.0,0.0,0.0,0.0
851,0.01,2,1.0,1.0,1.0,0.25,1.0,0.0,0.0,0.0,0.0,0.0,0.0,0.0,0.0,0.0,time,0.0,0.0,0.0,0.0,0.0
852,0.01,2,1.0,1.0,1.0,0.5,0.25,0.0,0.0,0.0,0.0,0.0,0.0,0.0,0.0,0.0,time,0.0,0.0,0.0,0.0,0.0
853,0.01,2,1.0,1.0,1.0,0.5,0.5,0.0,0.0,0.0,0.0,0.0,0.0,0.0,0.0,0.0,time,0.0,0.0,0.0,0.0,0.0
854,0.01,2,1.0,1.0,1.0,0.5,0.75,0.0,0.0,0.0,0.0,0.0,0.0,0.0,0.0,0.0,time,0.0,0.0,0.0,0.0,0.0
855,0.01,2,1.0,1.0,1.0,0.5,1.0,0.0,0.0,0.0,0.0,0.0,0.0,0.0,0.0,0.0,time,0.0,0.0,0.0,0.0,0.0
856,0.01,2,1.0,1.0,1.0,0.75,0.25,0.0,0.0,0.0,0.0,0.0,0.0,0.0,0.0,0.0,time,0.0,0.0,0.0,0.0,0.0
857,0.01,2,1.0,1.0,1.0,0.75,0.5,0.0,0.0,0.0,0.0,0.0,0.0,0.0,0.0,0.0,time,0.0,0.0,0.0,0.0,0.0
858,0.01,2,1.0,1.0,1.0,0.75,0.75,0.0,0.0,0.0,0.0,0.0,0.0,0.0,0.0,0.0,time,0.0,0.0,0.0,0.0,0.0
859,0.01,2,1.0,1.0,1.0,0.75,1.0,0.0,0.0,0.0,0.0,0.0,0.0,0.0,0.0,0.0,time,0.0,0.0,0.0,0.0,0.0
860,0.01,2,1.0,1.0,1.0,1.0,0.25,0.0,0.0,0.0,0.0,0.0,0.0,0.0,0.0,0.0,time,0.0,0.0,0.0,0.0,0.0
861,0.01,2,1.0,1.0,1.0,1.0,0.5,0.0,0.0,0.0,0.0,0.0,0.0,0.0,0.0,0.0,time,0.0,0.0,0.0,0.0,0.0
862,0.01,2,1.0,1.0,1.0,1.0,0.75,0.0,0.0,0.0,0.0,0.0,0.0,0.0,0.0,0.0,time,0.0,0.0,0.0,0.0,0.0
863,0.01,2,1.0,1.0,1.0,1.0,1.0,0.0,0.0,0.0,0.0,0.0,0.0,0.0,0.0,0.0,time,0.0,0.0,0.0,0.0,0.0
864,0.01,3,0.0,0.0,0.0,0.25,0.25,0.0,0.0,0.0,0.0,0.0,0.0,0.0,0.0,0.0,time,0.0,0.0,0.0,0.0,0.0
865,0.01,3,0.0,0.0,0.0,0.25,0.5,0.0,0.0,0.0,0.0,0.0,0.0,0.0,0.0,0.0,time,0.0,0.0,0.0,0.0,0.0
866,0.01,3,0.0,0.0,0.0,0.25,0.75,0.0,0.0,0.0,0.0,0.0,0.0,0.0,0.0,0.0,time,0.0,0.0,0.0,0.0,0.0
867,0.01,3,0.0,0.0,0.0,0.25,1.0,0.0,0.0,0.0,0.0,0.0,0.0,0.0,0.0,0.0,time,0.0,0.0,0.0,0.0,0.0
868,0.01,3,0.0,0.0,0.0,0.5,0.25,0.0,0.0,0.0,0.0,0.0,0.0,0.0,0.0,0.0,time,0.0,0.0,0.0,0.0,0.0
869,0.01,3,0.0,0.0,0.0,0.5,0.5,0.0,0.0,0.0,0.0,0.0,0.0,0.0,0.0,0.0,time,0.0,0.0,0.0,0.0,0.0
870,0.01,3,0.0,0.0,0.0,0.5,0.75,0.0,0.0,0.0,0.0,0.0,0.0,0.0,0.0,0.0,time,0.0,0.0,0.0,0.0,0.0
871,0.01,3,0.0,0.0,0.0,0.5,1.0,0.0,0.0,0.0,0.0,0.0,0.0,0.0,0.0,0.0,time,0.0,0.0,0.0,0.0,0.0
872,0.01,3,0.0,0.0,0.0,0.75,0.25,0.0,0.0,0.0,0.0,0.0,0.0,0.0,0.0,0.0,time,0.0,0.0,0.0,0.0,0.0
873,0.01,3,0.0,0.0,0.0,0.75,0.5,0.0,0.0,0.0,0.0,0.0,0.0,0.0,0.0,0.0,time,0.0,0.0,0.0,0.0,0.0
874,0.01,3,0.0,0.0,0.0,0.75,0.75,0.0,0.0,0.0,0.0,0.0,0.0,0.0,0.0,0.0,time,0.0,0.0,0.0,0.0,0.0
875,0.01,3,0.0,0.0,0.0,0.75,1.0,0.0,0.0,0.0,0.0,0.0,0.0,0.0,0.0,0.0,time,0.0,0.0,0.0,0.0,0.0
876,0.01,3,0.0,0.0,0.0,1.0,0.25,0.0,0.0,0.0,0.0,0.0,0.0,0.0,0.0,0.0,time,0.0,0.0,0.0,0.0,0.0
877,0.01,3,0.0,0.0,0.0,1.0,0.5,0.0,0.0,0.0,0.0,0.0,0.0,0.0,0.0,0.0,time,0.0,0.0,0.0,0.0,0.0
878,0.01,3,0.0,0.0,0.0,1.0,0.75,0.0,0.0,0.0,0.0,0.0,0.0,0.0,0.0,0.0,time,0.0,0.0,0.0,0.0,0.0
879,0.01,3,0.0,0.0,0.0,1.0,1.0,0.0,0.0,0.0,0.0,0.0,0.0,0.0,0.0,0.0,time,0.0,0.0,0.0,0.0,0.0
880,0.01,3,0.0,0.0,0.1,0.25,0.25,0.0,0.0,0.0,0.0,0.0,0.0,0.0,0.0,0.0,time,0.0,0.0,0.0,0.0,0.0
881,0.01,3,0.0,0.0,0.1,0.25,0.5,0.0,0.0,0.0,0.0,0.0,0.0,0.0,0.0,0.0,time,0.0,0.0,0.0,0.0,0.0
882,0.01,3,0.0,0.0,0.1,0.25,0.75,0.0,0.0,0.0,0.0,0.0,0.0,0.0,0.0,0.0,time,0.0,0.0,0.0,0.0,0.0
883,0.01,3,0.0,0.0,0.1,0.25,1.0,0.0,0.0,0.0,0.0,0.0,0.0,0.0,0.0,0.0,time,0.0,0.0,0.0,0.0,0.0
884,0.01,3,0.0,0.0,0.1,0.5,0.25,0.0,0.0,0.0,0.0,0.0,0.0,0.0,0.0,0.0,time,0.0,0.0,0.0,0.0,0.0
885,0.01,3,0.0,0.0,0.1,0.5,0.5,0.0,0.0,0.0,0.0,0.0,0.0,0.0,0.0,0.0,time,0.0,0.0,0.0,0.0,0.0
886,0.01,3,0.0,0.0,0.1,0.5,0.75,0.0,0.0,0.0,0.0,0.0,0.0,0.0,0.0,0.0,time,0.0,0.0,0.0,0.0,0.0
887,0.01,3,0.0,0.0,0.1,0.5,1.0,0.0,0.0,0.0,0.0,0.0,0.0,0.0,0.0,0.0,time,0.0,0.0,0.0,0.0,0.0
888,0.01,3,0.0,0.0,0.1,0.75,0.25,0.0,0.0,0.0,0.0,0.0,0.0,0.0,0.0,0.0,time,0.0,0.0,0.0,0.0,0.0
889,0.01,3,0.0,0.0,0.1,0.75,0.5,0.0,0.0,0.0,0.0,0.0,0.0,0.0,0.0,0.0,time,0.0,0.0,0.0,0.0,0.0
890,0.01,3,0.0,0.0,0.1,0.75,0.75,0.0,0.0,0.0,0.0,0.0,0.0,0.0,0.0,0.0,time,0.0,0.0,0.0,0.0,0.0
891,0.01,3,0.0,0.0,0.1,0.75,1.0,0.0,0.0,0.0,0.0,0.0,0.0,0.0,0.0,0.0,time,0.0,0.0,0.0,0.0,0.0
892,0.01,3,0.0,0.0,0.1,1.0,0.25,0.0,0.0,0.0,0.0,0.0,0.0,0.0,0.0,0.0,time,0.0,0.0,0.0,0.0,0.0
893,0.01,3,0.0,0.0,0.1,1.0,0.5,0.0,0.0,0.0,0.0,0.0,0.0,0.0,0.0,0.0,time,0.0,0.0,0.0,0.0,0.0
894,0.01,3,0.0,0.0,0.1,1.0,0.75,0.0,0.0,0.0,0.0,0.0,0.0,0.0,0.0,0.0,time,0.0,0.0,0.0,0.0,0.0
895,0.01,3,0.0,0.0,0.1,1.0,1.0,0.0,0.0,0.0,0.0,0.0,0.0,0.0,0.0,0.0,time,0.0,0.0,0.0,0.0,0.0
896,0.01,3,0.0,0.0,1.0,0.25,0.25,0.0,0.0,0.0,0.0,0.0,0.0,0.0,0.0,0.0,time,0.0,0.0,0.0,0.0,0.0
897,0.01,3,0.0,0.0,1.0,0.25,0.5,0.0,0.0,0.0,0.0,0.0,0.0,0.0,0.0,0.0,time,0.0,0.0,0.0,0.0,0.0
898,0.01,3,0.0,0.0,1.0,0.25,0.75,0.0,0.0,0.0,0.0,0.0,0.0,0.0,0.0,0.0,time,0.0,0.0,0.0,0.0,0.0
899,0.01,3,0.0,0.0,1.0,0.25,1.0,0.0,0.0,0.0,0.0,0.0,0.0,0.0,0.0,0.0,time,0.0,0.0,0.0,0.0,0.0
900,0.01,3,0.0,0.0,1.0,0.5,0.25,0.0,0.0,0.0,0.0,0.0,0.0,0.0,0.0,0.0,time,0.0,0.0,0.0,0.0,0.0
901,0.01,3,0.0,0.0,1.0,0.5,0.5,0.0,0.0,0.0,0.0,0.0,0.0,0.0,0.0,0.0,time,0.0,0.0,0.0,0.0,0.0
902,0.01,3,0.0,0.0,1.0,0.5,0.75,0.0,0.0,0.0,0.0,0.0,0.0,0.0,0.0,0.0,time,0.0,0.0,0.0,0.0,0.0
903,0.01,3,0.0,0.0,1.0,0.5,1.0,0.0,0.0,0.0,0.0,0.0,0.0,0.0,0.0,0.0,time,0.0,0.0,0.0,0.0,0.0
904,0.01,3,0.0,0.0,1.0,0.75,0.25,0.0,0.0,0.0,0.0,0.0,0.0,0.0,0.0,0.0,time,0.0,0.0,0.0,0.0,0.0
905,0.01,3,0.0,0.0,1.0,0.75,0.5,0.0,0.0,0.0,0.0,0.0,0.0,0.0,0.0,0.0,time,0.0,0.0,0.0,0.0,0.0
906,0.01,3,0.0,0.0,1.0,0.75,0.75,0.0,0.0,0.0,0.0,0.0,0.0,0.0,0.0,0.0,time,0.0,0.0,0.0,0.0,0.0
907,0.01,3,0.0,0.0,1.0,0.75,1.0,0.0,0.0,0.0,0.0,0.0,0.0,0.0,0.0,0.0,time,0.0,0.0,0.0,0.0,0.0
908,0.01,3,0.0,0.0,1.0,1.0,0.25,0.0,0.0,0.0,0.0,0.0,0.0,0.0,0.0,0.0,time,0.0,0.0,0.0,0.0,0.0
909,0.01,3,0.0,0.0,1.0,1.0,0.5,0.0,0.0,0.0,0.0,0.0,0.0,0.0,0.0,0.0,time,0.0,0.0,0.0,0.0,0.0
910,0.01,3,0.0,0.0,1.0,1.0,0.75,0.0,0.0,0.0,0.0,0.0,0.0,0.0,0.0,0.0,time,0.0,0.0,0.0,0.0,0.0
911,0.01,3,0.0,0.0,1.0,1.0,1.0,0.0,0.0,0.0,0.0,0.0,0.0,0.0,0.0,0.0,time,0.0,0.0,0.0,0.0,0.0
912,0.01,3,0.0,0.1,0.0,0.25,0.25,0.0,0.0,0.0,0.0,0.0,0.0,0.0,0.0,0.0,time,0.0,0.0,0.0,0.0,0.0
913,0.01,3,0.0,0.1,0.0,0.25,0.5,0.0,0.0,0.0,0.0,0.0,0.0,0.0,0.0,0.0,time,0.0,0.0,0.0,0.0,0.0
914,0.01,3,0.0,0.1,0.0,0.25,0.75,0.0,0.0,0.0,0.0,0.0,0.0,0.0,0.0,0.0,time,0.0,0.0,0.0,0.0,0.0
915,0.01,3,0.0,0.1,0.0,0.25,1.0,0.0,0.0,0.0,0.0,0.0,0.0,0.0,0.0,0.0,time,0.0,0.0,0.0,0.0,0.0
916,0.01,3,0.0,0.1,0.0,0.5,0.25,0.0,0.0,0.0,0.0,0.0,0.0,0.0,0.0,0.0,time,0.0,0.0,0.0,0.0,0.0
917,0.01,3,0.0,0.1,0.0,0.5,0.5,0.0,0.0,0.0,0.0,0.0,0.0,0.0,0.0,0.0,time,0.0,0.0,0.0,0.0,0.0
918,0.01,3,0.0,0.1,0.0,0.5,0.75,0.0,0.0,0.0,0.0,0.0,0.0,0.0,0.0,0.0,time,0.0,0.0,0.0,0.0,0.0
919,0.01,3,0.0,0.1,0.0,0.5,1.0,0.0,0.0,0.0,0.0,0.0,0.0,0.0,0.0,0.0,time,0.0,0.0,0.0,0.0,0.0
920,0.01,3,0.0,0.1,0.0,0.75,0.25,0.0,0.0,0.0,0.0,0.0,0.0,0.0,0.0,0.0,time,0.0,0.0,0.0,0.0,0.0
921,0.01,3,0.0,0.1,0.0,0.75,0.5,0.0,0.0,0.0,0.0,0.0,0.0,0.0,0.0,0.0,time,0.0,0.0,0.0,0.0,0.0
922,0.01,3,0.0,0.1,0.0,0.75,0.75,0.0,0.0,0.0,0.0,0.0,0.0,0.0,0.0,0.0,time,0.0,0.0,0.0,0.0,0.0
923,0.01,3,0.0,0.1,0.0,0.75,1.0,0.0,0.0,0.0,0.0,0.0,0.0,0.0,0.0,0.0,time,0.0,0.0,0.0,0.0,0.0
924,0.01,3,0.0,0.1,0.0,1.0,0.25,0.0,0.0,0.0,0.0,0.0,0.0,0.0,0.0,0.0,time,0.0,0.0,0.0,0.0,0.0
925,0.01,3,0.0,0.1,0.0,1.0,0.5,0.0,0.0,0.0,0.0,0.0,0.0,0.0,0.0,0.0,time,0.0,0.0,0.0,0.0,0.0
926,0.01,3,0.0,0.1,0.0,1.0,0.75,0.0,0.0,0.0,0.0,0.0,0.0,0.0,0.0,0.0,time,0.0,0.0,0.0,0.0,0.0
927,0.01,3,0.0,0.1,0.0,1.0,1.0,0.0,0.0,0.0,0.0,0.0,0.0,0.0,0.0,0.0,time,0.0,0.0,0.0,0.0,0.0
928,0.01,3,0.0,0.1,0.1,0.25,0.25,0.0,0.0,0.0,0.0,0.0,0.0,0.0,0.0,0.0,time,0.0,0.0,0.0,0.0,0.0
929,0.01,3,0.0,0.1,0.1,0.25,0.5,0.0,0.0,0.0,0.0,0.0,0.0,0.0,0.0,0.0,time,0.0,0.0,0.0,0.0,0.0
930,0.01,3,0.0,0.1,0.1,0.25,0.75,0.0,0.0,0.0,0.0,0.0,0.0,0.0,0.0,0.0,time,0.0,0.0,0.0,0.0,0.0
931,0.01,3,0.0,0.1,0.1,0.25,1.0,0.0,0.0,0.0,0.0,0.0,0.0,0.0,0.0,0.0,time,0.0,0.0,0.0,0.0,0.0
932,0.01,3,0.0,0.1,0.1,0.5,0.25,0.0,0.0,0.0,0.0,0.0,0.0,0.0,0.0,0.0,time,0.0,0.0,0.0,0.0,0.0
933,0.01,3,0.0,0.1,0.1,0.5,0.5,0.0,0.0,0.0,0.0,0.0,0.0,0.0,0.0,0.0,time,0.0,0.0,0.0,0.0,0.0
934,0.01,3,0.0,0.1,0.1,0.5,0.75,0.0,0.0,0.0,0.0,0.0,0.0,0.0,0.0,0.0,time,0.0,0.0,0.0,0.0,0.0
935,0.01,3,0.0,0.1,0.1,0.5,1.0,0.0,0.0,0.0,0.0,0.0,0.0,0.0,0.0,0.0,time,0.0,0.0,0.0,0.0,0.0
936,0.01,3,0.0,0.1,0.1,0.75,0.25,0.0,0.0,0.0,0.0,0.0,0.0,0.0,0.0,0.0,time,0.0,0.0,0.0,0.0,0.0
937,0.01,3,0.0,0.1,0.1,0.75,0.5,0.0,0.0,0.0,0.0,0.0,0.0,0.0,0.0,0.0,time,0.0,0.0,0.0,0.0,0.0
938,0.01,3,0.0,0.1,0.1,0.75,0.75,0.0,0.0,0.0,0.0,0.0,0.0,0.0,0.0,0.0,time,0.0,0.0,0.0,0.0,0.0
939,0.01,3,0.0,0.1,0.1,0.75,1.0,0.0,0.0,0.0,0.0,0.0,0.0,0.0,0.0,0.0,time,0.0,0.0,0.0,0.0,0.0
940,0.01,3,0.0,0.1,0.1,1.0,0.25,0.0,0.0,0.0,0.0,0.0,0.0,0.0,0.0,0.0,time,0.0,0.0,0.0,0.0,0.0
941,0.01,3,0.0,0.1,0.1,1.0,0.5,0.0,0.0,0.0,0.0,0.0,0.0,0.0,0.0,0.0,time,0.0,0.0,0.0,0.0,0.0
942,0.01,3,0.0,0.1,0.1,1.0,0.75,0.0,0.0,0.0,0.0,0.0,0.0,0.0,0.0,0.0,time,0.0,0.0,0.0,0.0,0.0
943,0.01,3,0.0,0.1,0.1,1.0,1.0,0.0,0.0,0.0,0.0,0.0,0.0,0.0,0.0,0.0,time,0.0,0.0,0.0,0.0,0.0
944,0.01,3,0.0,0.1,1.0,0.25,0.25,0.0,0.0,0.0,0.0,0.0,0.0,0.0,0.0,0.0,time,0.0,0.0,0.0,0.0,0.0
945,0.01,3,0.0,0.1,1.0,0.25,0.5,0.0,0.0,0.0,0.0,0.0,0.0,0.0,0.0,0.0,time,0.0,0.0,0.0,0.0,0.0
946,0.01,3,0.0,0.1,1.0,0.25,0.75,0.0,0.0,0.0,0.0,0.0,0.0,0.0,0.0,0.0,time,0.0,0.0,0.0,0.0,0.0
947,0.01,3,0.0,0.1,1.0,0.25,1.0,0.0,0.0,0.0,0.0,0.0,0.0,0.0,0.0,0.0,time,0.0,0.0,0.0,0.0,0.0
948,0.01,3,0.0,0.1,1.0,0.5,0.25,0.0,0.0,0.0,0.0,0.0,0.0,0.0,0.0,0.0,time,0.0,0.0,0.0,0.0,0.0
949,0.01,3,0.0,0.1,1.0,0.5,0.5,0.0,0.0,0.0,0.0,0.0,0.0,0.0,0.0,0.0,time,0.0,0.0,0.0,0.0,0.0
950,0.01,3,0.0,0.1,1.0,0.5,0.75,0.0,0.0,0.0,0.0,0.0,0.0,0.0,0.0,0.0,time,0.0,0.0,0.0,0.0,0.0
951,0.01,3,0.0,0.1,1.0,0.5,1.0,0.0,0.0,0.0,0.0,0.0,0.0,0.0,0.0,0.0,time,0.0,0.0,0.0,0.0,0.0
952,0.01,3,0.0,0.1,1.0,0.75,0.25,0.0,0.0,0.0,0.0,0.0,0.0,0.0,0.0,0.0,time,0.0,0.0,0.0,0.0,0.0
953,0.01,3,0.0,0.1,1.0,0.75,0.5,0.0,0.0,0.0,0.0,0.0,0.0,0.0,0.0,0.0,time,0.0,0.0,0.0,0.0,0.0
954,0.01,3,0.0,0.1,1.0,0.75,0.75,0.0,0.0,0.0,0.0,0.0,0.0,0.0,0.0,0.0,time,0.0,0.0,0.0,0.0,0.0
955,0.01,3,0.0,0.1,1.0,0.75,1.0,0.0,0.0,0.0,0.0,0.0,0.0,0.0,0.0,0.0,time,0.0,0.0,0.0,0.0,0.0
956,0.01,3,0.0,0.1,1.0,1.0,0.25,0.0,0.0,0.0,0.0,0.0,0.0,0.0,0.0,0.0,time,0.0,0.0,0.0,0.0,0.0
957,0.01,3,0.0,0.1,1.0,1.0,0.5,0.0,0.0,0.0,0.0,0.0,0.0,0.0,0.0,0.0,time,0.0,0.0,0.0,0.0,0.0
958,0.01,3,0.0,0.1,1.0,1.0,0.75,0.0,0.0,0.0,0.0,0.0,0.0,0.0,0.0,0.0,time,0.0,0.0,0.0,0.0,0.0
959,0.01,3,0.0,0.1,1.0,1.0,1.0,0.0,0.0,0.0,0.0,0.0,0.0,0.0,0.0,0.0,time,0.0,0.0,0.0,0.0,0.0
960,0.01,3,0.0,1.0,0.0,0.25,0.25,0.0,0.0,0.0,0.0,0.0,0.0,0.0,0.0,0.0,time,0.0,0.0,0.0,0.0,0.0
961,0.01,3,0.0,1.0,0.0,0.25,0.5,0.0,0.0,0.0,0.0,0.0,0.0,0.0,0.0,0.0,time,0.0,0.0,0.0,0.0,0.0
962,0.01,3,0.0,1.0,0.0,0.25,0.75,0.0,0.0,0.0,0.0,0.0,0.0,0.0,0.0,0.0,time,0.0,0.0,0.0,0.0,0.0
963,0.01,3,0.0,1.0,0.0,0.25,1.0,0.0,0.0,0.0,0.0,0.0,0.0,0.0,0.0,0.0,time,0.0,0.0,0.0,0.0,0.0
964,0.01,3,0.0,1.0,0.0,0.5,0.25,0.0,0.0,0.0,0.0,0.0,0.0,0.0,0.0,0.0,time,0.0,0.0,0.0,0.0,0.0
965,0.01,3,0.0,1.0,0.0,0.5,0.5,0.0,0.0,0.0,0.0,0.0,0.0,0.0,0.0,0.0,time,0.0,0.0,0.0,0.0,0.0
966,0.01,3,0.0,1.0,0.0,0.5,0.75,0.0,0.0,0.0,0.0,0.0,0.0,0.0,0.0,0.0,time,0.0,0.0,0.0,0.0,0.0
967,0.01,3,0.0,1.0,0.0,0.5,1.0,0.0,0.0,0.0,0.0,0.0,0.0,0.0,0.0,0.0,time,0.0,0.0,0.0,0.0,0.0
968,0.01,3,0.0,1.0,0.0,0.75,0.25,0.0,0.0,0.0,0.0,0.0,0.0,0.0,0.0,0.0,time,0.0,0.0,0.0,0.0,0.0
969,0.01,3,0.0,1.0,0.0,0.75,0.5,0.0,0.0,0.0,0.0,0.0,0.0,0.0,0.0,0.0,time,0.0,0.0,0.0,0.0,0.0
970,0.01,3,0.0,1.0,0.0,0.75,0.75,0.0,0.0,0.0,0.0,0.0,0.0,0.0,0.0,0.0,time,0.0,0.0,0.0,0.0,0.0
971,0.01,3,0.0,1.0,0.0,0.75,1.0,0.0,0.0,0.0,0.0,0.0,0.0,0.0,0.0,0.0,time,0.0,0.0,0.0,0.0,0.0
972,0.01,3,0.0,1.0,0.0,1.0,0.25,0.0,0.0,0.0,0.0,0.0,0.0,0.0,0.0,0.0,time,0.0,0.0,0.0,0.0,0.0
973,0.01,3,0.0,1.0,0.0,1.0,0.5,0.0,0.0,0.0,0.0,0.0,0.0,0.0,0.0,0.0,time,0.0,0.0,0.0,0.0,0.0
974,0.01,3,0.0,1.0,0.0,1.0,0.75,0.0,0.0,0.0,0.0,0.0,0.0,0.0,0.0,0.0,time,0.0,0.0,0.0,0.0,0.0
975,0.01,3,0.0,1.0,0.0,1.0,1.0,0.0,0.0,0.0,0.0,0.0,0.0,0.0,0.0,0.0,time,0.0,0.0,0.0,0.0,0.0
976,0.01,3,0.0,1.0,0.1,0.25,0.25,0.0,0.0,0.0,0.0,0.0,0.0,0.0,0.0,0.0,time,0.0,0.0,0.0,0.0,0.0
977,0.01,3,0.0,1.0,0.1,0.25,0.5,0.0,0.0,0.0,0.0,0.0,0.0,0.0,0.0,0.0,time,0.0,0.0,0.0,0.0,0.0
978,0.01,3,0.0,1.0,0.1,0.25,0.75,0.0,0.0,0.0,0.0,0.0,0.0,0.0,0.0,0.0,time,0.0,0.0,0.0,0.0,0.0
979,0.01,3,0.0,1.0,0.1,0.25,1.0,0.0,0.0,0.0,0.0,0.0,0.0,0.0,0.0,0.0,time,0.0,0.0,0.0,0.0,0.0
980,0.01,3,0.0,1.0,0.1,0.5,0.25,0.0,0.0,0.0,0.0,0.0,0.0,0.0,0.0,0.0,time,0.0,0.0,0.0,0.0,0.0
981,0.01,3,0.0,1.0,0.1,0.5,0.5,0.0,0.0,0.0,0.0,0.0,0.0,0.0,0.0,0.0,time,0.0,0.0,0.0,0.0,0.0
982,0.01,3,0.0,1.0,0.1,0.5,0.75,0.0,0.0,0.0,0.0,0.0,0.0,0.0,0.0,0.0,time,0.0,0.0,0.0,0.0,0.0
983,0.01,3,0.0,1.0,0.1,0.5,1.0,0.0,0.0,0.0,0.0,0.0,0.0,0.0,0.0,0.0,time,0.0,0.0,0.0,0.0,0.0
984,0.01,3,0.0,1.0,0.1,0.75,0.25,0.0,0.0,0.0,0.0,0.0,0.0,0.0,0.0,0.0,time,0.0,0.0,0.0,0.0,0.0
985,0.01,3,0.0,1.0,0.1,0.75,0.5,0.0,0.0,0.0,0.0,0.0,0.0,0.0,0.0,0.0,time,0.0,0.0,0.0,0.0,0.0
986,0.01,3,0.0,1.0,0.1,0.75,0.75,0.0,0.0,0.0,0.0,0.0,0.0,0.0,0.0,0.0,time,0.0,0.0,0.0,0.0,0.0
987,0.01,3,0.0,1.0,0.1,0.75,1.0,0.0,0.0,0.0,0.0,0.0,0.0,0.0,0.0,0.0,time,0.0,0.0,0.0,0.0,0.0
988,0.01,3,0.0,1.0,0.1,1.0,0.25,0.0,0.0,0.0,0.0,0.0,0.0,0.0,0.0,0.0,time,0.0,0.0,0.0,0.0,0.0
989,0.01,3,0.0,1.0,0.1,1.0,0.5,0.0,0.0,0.0,0.0,0.0,0.0,0.0,0.0,0.0,time,0.0,0.0,0.0,0.0,0.0
990,0.01,3,0.0,1.0,0.1,1.0,0.75,0.0,0.0,0.0,0.0,0.0,0.0,0.0,0.0,0.0,time,0.0,0.0,0.0,0.0,0.0
991,0.01,3,0.0,1.0,0.1,1.0,1.0,0.0,0.0,0.0,0.0,0.0,0.0,0.0,0.0,0.0,time,0.0,0.0,0.0,0.0,0.0
992,0.01,3,0.0,1.0,1.0,0.25,0.25,0.0,0.0,0.0,0.0,0.0,0.0,0.0,0.0,0.0,time,0.0,0.0,0.0,0.0,0.0
993,0.01,3,0.0,1.0,1.0,0.25,0.5,0.0,0.0,0.0,0.0,0.0,0.0,0.0,0.0,0.0,time,0.0,0.0,0.0,0.0,0.0
994,0.01,3,0.0,1.0,1.0,0.25,0.75,0.0,0.0,0.0,0.0,0.0,0.0,0.0,0.0,0.0,time,0.0,0.0,0.0,0.0,0.0
995,0.01,3,0.0,1.0,1.0,0.25,1.0,0.0,0.0,0.0,0.0,0.0,0.0,0.0,0.0,0.0,time,0.0,0.0,0.0,0.0,0.0
996,0.01,3,0.0,1.0,1.0,0.5,0.25,0.0,0.0,0.0,0.0,0.0,0.0,0.0,0.0,0.0,time,0.0,0.0,0.0,0.0,0.0
997,0.01,3,0.0,1.0,1.0,0.5,0.5,0.0,0.0,0.0,0.0,0.0,0.0,0.0,0.0,0.0,time,0.0,0.0,0.0,0.0,0.0
998,0.01,3,0.0,1.0,1.0,0.5,0.75,0.0,0.0,0.0,0.0,0.0,0.0,0.0,0.0,0.0,time,0.0,0.0,0.0,0.0,0.0
999,0.01,3,0.0,1.0,1.0,0.5,1.0,0.0,0.0,0.0,0.0,0.0,0.0,0.0,0.0,0.0,time,0.0,0.0,0.0,0.0,0.0
1000,0.01,3,0.0,1.0,1.0,0.75,0.25,0.0,0.0,0.0,0.0,0.0,0.0,0.0,0.0,0.0,time,0.0,0.0,0.0,0.0,0.0
1001,0.01,3,0.0,1.0,1.0,0.75,0.5,0.0,0.0,0.0,0.0,0.0,0.0,0.0,0.0,0.0,time,0.0,0.0,0.0,0.0,0.0
1002,0.01,3,0.0,1.0,1.0,0.75,0.75,0.0,0.0,0.0,0.0,0.0,0.0,0.0,0.0,0.0,time,0.0,0.0,0.0,0.0,0.0
1003,0.01,3,0.0,1.0,1.0,0.75,1.0,0.0,0.0,0.0,0.0,0.0,0.0,0.0,0.0,0.0,time,0.0,0.0,0.0,0.0,0.0
1004,0.01,3,0.0,1.0,1.0,1.0,0.25,0.0,0.0,0.0,0.0,0.0,0.0,0.0,0.0,0.0,time,0.0,0.0,0.0,0.0,0.0
1005,0.01,3,0.0,1.0,1.0,1.0,0.5,0.0,0.0,0.0,0.0,0.0,0.0,0.0,0.0,0.0,time,0.0,0.0,0.0,0.0,0.0
1006,0.01,3,0.0,1.0,1.0,1.0,0.75,0.0,0.0,0.0,0.0,0.0,0.0,0.0,0.0,0.0,time,0.0,0.0,0.0,0.0,0.0
1007,0.01,3,0.0,1.0,1.0,1.0,1.0,0.0,0.0,0.0,0.0,0.0,0.0,0.0,0.0,0.0,time,0.0,0.0,0.0,0.0,0.0
1008,0.01,3,0.1,0.0,0.0,0.25,0.25,0.0,0.0,0.0,0.0,0.0,0.0,0.0,0.0,0.0,time,0.0,0.0,0.0,0.0,0.0
1009,0.01,3,0.1,0.0,0.0,0.25,0.5,0.0,0.0,0.0,0.0,0.0,0.0,0.0,0.0,0.0,time,0.0,0.0,0.0,0.0,0.0
1010,0.01,3,0.1,0.0,0.0,0.25,0.75,0.0,0.0,0.0,0.0,0.0,0.0,0.0,0.0,0.0,time,0.0,0.0,0.0,0.0,0.0
1011,0.01,3,0.1,0.0,0.0,0.25,1.0,0.0,0.0,0.0,0.0,0.0,0.0,0.0,0.0,0.0,time,0.0,0.0,0.0,0.0,0.0
1012,0.01,3,0.1,0.0,0.0,0.5,0.25,0.0,0.0,0.0,0.0,0.0,0.0,0.0,0.0,0.0,time,0.0,0.0,0.0,0.0,0.0
1013,0.01,3,0.1,0.0,0.0,0.5,0.5,0.0,0.0,0.0,0.0,0.0,0.0,0.0,0.0,0.0,time,0.0,0.0,0.0,0.0,0.0
1014,0.01,3,0.1,0.0,0.0,0.5,0.75,0.0,0.0,0.0,0.0,0.0,0.0,0.0,0.0,0.0,time,0.0,0.0,0.0,0.0,0.0
1015,0.01,3,0.1,0.0,0.0,0.5,1.0,0.0,0.0,0.0,0.0,0.0,0.0,0.0,0.0,0.0,time,0.0,0.0,0.0,0.0,0.0
1016,0.01,3,0.1,0.0,0.0,0.75,0.25,0.0,0.0,0.0,0.0,0.0,0.0,0.0,0.0,0.0,time,0.0,0.0,0.0,0.0,0.0
1017,0.01,3,0.1,0.0,0.0,0.75,0.5,0.0,0.0,0.0,0.0,0.0,0.0,0.0,0.0,0.0,time,0.0,0.0,0.0,0.0,0.0
1018,0.01,3,0.1,0.0,0.0,0.75,0.75,0.0,0.0,0.0,0.0,0.0,0.0,0.0,0.0,0.0,time,0.0,0.0,0.0,0.0,0.0
1019,0.01,3,0.1,0.0,0.0,0.75,1.0,0.0,0.0,0.0,0.0,0.0,0.0,0.0,0.0,0.0,time,0.0,0.0,0.0,0.0,0.0
1020,0.01,3,0.1,0.0,0.0,1.0,0.25,0.0,0.0,0.0,0.0,0.0,0.0,0.0,0.0,0.0,time,0.0,0.0,0.0,0.0,0.0
1021,0.01,3,0.1,0.0,0.0,1.0,0.5,0.0,0.0,0.0,0.0,0.0,0.0,0.0,0.0,0.0,time,0.0,0.0,0.0,0.0,0.0
1022,0.01,3,0.1,0.0,0.0,1.0,0.75,0.0,0.0,0.0,0.0,0.0,0.0,0.0,0.0,0.0,time,0.0,0.0,0.0,0.0,0.0
1023,0.01,3,0.1,0.0,0.0,1.0,1.0,0.0,0.0,0.0,0.0,0.0,0.0,0.0,0.0,0.0,time,0.0,0.0,0.0,0.0,0.0
1024,0.01,3,0.1,0.0,0.1,0.25,0.25,0.0,0.0,0.0,0.0,0.0,0.0,0.0,0.0,0.0,time,0.0,0.0,0.0,0.0,0.0
1025,0.01,3,0.1,0.0,0.1,0.25,0.5,0.0,0.0,0.0,0.0,0.0,0.0,0.0,0.0,0.0,time,0.0,0.0,0.0,0.0,0.0
1026,0.01,3,0.1,0.0,0.1,0.25,0.75,0.0,0.0,0.0,0.0,0.0,0.0,0.0,0.0,0.0,time,0.0,0.0,0.0,0.0,0.0
1027,0.01,3,0.1,0.0,0.1,0.25,1.0,0.0,0.0,0.0,0.0,0.0,0.0,0.0,0.0,0.0,time,0.0,0.0,0.0,0.0,0.0
1028,0.01,3,0.1,0.0,0.1,0.5,0.25,0.0,0.0,0.0,0.0,0.0,0.0,0.0,0.0,0.0,time,0.0,0.0,0.0,0.0,0.0
1029,0.01,3,0.1,0.0,0.1,0.5,0.5,0.0,0.0,0.0,0.0,0.0,0.0,0.0,0.0,0.0,time,0.0,0.0,0.0,0.0,0.0
1030,0.01,3,0.1,0.0,0.1,0.5,0.75,0.0,0.0,0.0,0.0,0.0,0.0,0.0,0.0,0.0,time,0.0,0.0,0.0,0.0,0.0
1031,0.01,3,0.1,0.0,0.1,0.5,1.0,0.0,0.0,0.0,0.0,0.0,0.0,0.0,0.0,0.0,time,0.0,0.0,0.0,0.0,0.0
1032,0.01,3,0.1,0.0,0.1,0.75,0.25,0.0,0.0,0.0,0.0,0.0,0.0,0.0,0.0,0.0,time,0.0,0.0,0.0,0.0,0.0
1033,0.01,3,0.1,0.0,0.1,0.75,0.5,0.0,0.0,0.0,0.0,0.0,0.0,0.0,0.0,0.0,time,0.0,0.0,0.0,0.0,0.0
1034,0.01,3,0.1,0.0,0.1,0.75,0.75,0.0,0.0,0.0,0.0,0.0,0.0,0.0,0.0,0.0,time,0.0,0.0,0.0,0.0,0.0
1035,0.01,3,0.1,0.0,0.1,0.75,1.0,0.0,0.0,0.0,0.0,0.0,0.0,0.0,0.0,0.0,time,0.0,0.0,0.0,0.0,0.0
1036,0.01,3,0.1,0.0,0.1,1.0,0.25,0.0,0.0,0.0,0.0,0.0,0.0,0.0,0.0,0.0,time,0.0,0.0,0.0,0.0,0.0
1037,0.01,3,0.1,0.0,0.1,1.0,0.5,0.0,0.0,0.0,0.0,0.0,0.0,0.0,0.0,0.0,time,0.0,0.0,0.0,0.0,0.0
1038,0.01,3,0.1,0.0,0.1,1.0,0.75,0.0,0.0,0.0,0.0,0.0,0.0,0.0,0.0,0.0,time,0.0,0.0,0.0,0.0,0.0
1039,0.01,3,0.1,0.0,0.1,1.0,1.0,0.0,0.0,0.0,0.0,0.0,0.0,0.0,0.0,0.0,time,0.0,0.0,0.0,0.0,0.0
1040,0.01,3,0.1,0.0,1.0,0.25,0.25,0.0,0.0,0.0,0.0,0.0,0.0,0.0,0.0,0.0,time,0.0,0.0,0.0,0.0,0.0
1041,0.01,3,0.1,0.0,1.0,0.25,0.5,0.0,0.0,0.0,0.0,0.0,0.0,0.0,0.0,0.0,time,0.0,0.0,0.0,0.0,0.0
1042,0.01,3,0.1,0.0,1.0,0.25,0.75,0.0,0.0,0.0,0.0,0.0,0.0,0.0,0.0,0.0,time,0.0,0.0,0.0,0.0,0.0
1043,0.01,3,0.1,0.0,1.0,0.25,1.0,0.0,0.0,0.0,0.0,0.0,0.0,0.0,0.0,0.0,time,0.0,0.0,0.0,0.0,0.0
1044,0.01,3,0.1,0.0,1.0,0.5,0.25,0.0,0.0,0.0,0.0,0.0,0.0,0.0,0.0,0.0,time,0.0,0.0,0.0,0.0,0.0
1045,0.01,3,0.1,0.0,1.0,0.5,0.5,0.0,0.0,0.0,0.0,0.0,0.0,0.0,0.0,0.0,time,0.0,0.0,0.0,0.0,0.0
1046,0.01,3,0.1,0.0,1.0,0.5,0.75,0.0,0.0,0.0,0.0,0.0,0.0,0.0,0.0,0.0,time,0.0,0.0,0.0,0.0,0.0
1047,0.01,3,0.1,0.0,1.0,0.5,1.0,0.0,0.0,0.0,0.0,0.0,0.0,0.0,0.0,0.0,time,0.0,0.0,0.0,0.0,0.0
1048,0.01,3,0.1,0.0,1.0,0.75,0.25,0.0,0.0,0.0,0.0,0.0,0.0,0.0,0.0,0.0,time,0.0,0.0,0.0,0.0,0.0
1049,0.01,3,0.1,0.0,1.0,0.75,0.5,0.0,0.0,0.0,0.0,0.0,0.0,0.0,0.0,0.0,time,0.0,0.0,0.0,0.0,0.0
1050,0.01,3,0.1,0.0,1.0,0.75,0.75,0.0,0.0,0.0,0.0,0.0,0.0,0.0,0.0,0.0,time,0.0,0.0,0.0,0.0,0.0
1051,0.01,3,0.1,0.0,1.0,0.75,1.0,0.0,0.0,0.0,0.0,0.0,0.0,0.0,0.0,0.0,time,0.0,0.0,0.0,0.0,0.0
1052,0.01,3,0.1,0.0,1.0,1.0,0.25,0.0,0.0,0.0,0.0,0.0,0.0,0.0,0.0,0.0,time,0.0,0.0,0.0,0.0,0.0
1053,0.01,3,0.1,0.0,1.0,1.0,0.5,0.0,0.0,0.0,0.0,0.0,0.0,0.0,0.0,0.0,time,0.0,0.0,0.0,0.0,0.0
1054,0.01,3,0.1,0.0,1.0,1.0,0.75,0.0,0.0,0.0,0.0,0.0,0.0,0.0,0.0,0.0,time,0.0,0.0,0.0,0.0,0.0
1055,0.01,3,0.1,0.0,1.0,1.0,1.0,0.0,0.0,0.0,0.0,0.0,0.0,0.0,0.0,0.0,time,0.0,0.0,0.0,0.0,0.0
1056,0.01,3,0.1,0.1,0.0,0.25,0.25,0.0,0.0,0.0,0.0,0.0,0.0,0.0,0.0,0.0,time,0.0,0.0,0.0,0.0,0.0
1057,0.01,3,0.1,0.1,0.0,0.25,0.5,0.0,0.0,0.0,0.0,0.0,0.0,0.0,0.0,0.0,time,0.0,0.0,0.0,0.0,0.0
1058,0.01,3,0.1,0.1,0.0,0.25,0.75,0.0,0.0,0.0,0.0,0.0,0.0,0.0,0.0,0.0,time,0.0,0.0,0.0,0.0,0.0
1059,0.01,3,0.1,0.1,0.0,0.25,1.0,0.0,0.0,0.0,0.0,0.0,0.0,0.0,0.0,0.0,time,0.0,0.0,0.0,0.0,0.0
1060,0.01,3,0.1,0.1,0.0,0.5,0.25,0.0,0.0,0.0,0.0,0.0,0.0,0.0,0.0,0.0,time,0.0,0.0,0.0,0.0,0.0
1061,0.01,3,0.1,0.1,0.0,0.5,0.5,0.0,0.0,0.0,0.0,0.0,0.0,0.0,0.0,0.0,time,0.0,0.0,0.0,0.0,0.0
1062,0.01,3,0.1,0.1,0.0,0.5,0.75,0.0,0.0,0.0,0.0,0.0,0.0,0.0,0.0,0.0,time,0.0,0.0,0.0,0.0,0.0
1063,0.01,3,0.1,0.1,0.0,0.5,1.0,0.0,0.0,0.0,0.0,0.0,0.0,0.0,0.0,0.0,time,0.0,0.0,0.0,0.0,0.0
1064,0.01,3,0.1,0.1,0.0,0.75,0.25,0.0,0.0,0.0,0.0,0.0,0.0,0.0,0.0,0.0,time,0.0,0.0,0.0,0.0,0.0
1065,0.01,3,0.1,0.1,0.0,0.75,0.5,0.0,0.0,0.0,0.0,0.0,0.0,0.0,0.0,0.0,time,0.0,0.0,0.0,0.0,0.0
1066,0.01,3,0.1,0.1,0.0,0.75,0.75,0.0,0.0,0.0,0.0,0.0,0.0,0.0,0.0,0.0,time,0.0,0.0,0.0,0.0,0.0
1067,0.01,3,0.1,0.1,0.0,0.75,1.0,0.0,0.0,0.0,0.0,0.0,0.0,0.0,0.0,0.0,time,0.0,0.0,0.0,0.0,0.0
1068,0.01,3,0.1,0.1,0.0,1.0,0.25,0.0,0.0,0.0,0.0,0.0,0.0,0.0,0.0,0.0,time,0.0,0.0,0.0,0.0,0.0
1069,0.01,3,0.1,0.1,0.0,1.0,0.5,0.0,0.0,0.0,0.0,0.0,0.0,0.0,0.0,0.0,time,0.0,0.0,0.0,0.0,0.0
1070,0.01,3,0.1,0.1,0.0,1.0,0.75,0.0,0.0,0.0,0.0,0.0,0.0,0.0,0.0,0.0,time,0.0,0.0,0.0,0.0,0.0
1071,0.01,3,0.1,0.1,0.0,1.0,1.0,0.0,0.0,0.0,0.0,0.0,0.0,0.0,0.0,0.0,time,0.0,0.0,0.0,0.0,0.0
1072,0.01,3,0.1,0.1,0.1,0.25,0.25,0.0,0.0,0.0,0.0,0.0,0.0,0.0,0.0,0.0,time,0.0,0.0,0.0,0.0,0.0
1073,0.01,3,0.1,0.1,0.1,0.25,0.5,0.0,0.0,0.0,0.0,0.0,0.0,0.0,0.0,0.0,time,0.0,0.0,0.0,0.0,0.0
1074,0.01,3,0.1,0.1,0.1,0.25,0.75,0.0,0.0,0.0,0.0,0.0,0.0,0.0,0.0,0.0,time,0.0,0.0,0.0,0.0,0.0
1075,0.01,3,0.1,0.1,0.1,0.25,1.0,0.0,0.0,0.0,0.0,0.0,0.0,0.0,0.0,0.0,time,0.0,0.0,0.0,0.0,0.0
1076,0.01,3,0.1,0.1,0.1,0.5,0.25,0.0,0.0,0.0,0.0,0.0,0.0,0.0,0.0,0.0,time,0.0,0.0,0.0,0.0,0.0
1077,0.01,3,0.1,0.1,0.1,0.5,0.5,0.0,0.0,0.0,0.0,0.0,0.0,0.0,0.0,0.0,time,0.0,0.0,0.0,0.0,0.0
1078,0.01,3,0.1,0.1,0.1,0.5,0.75,0.0,0.0,0.0,0.0,0.0,0.0,0.0,0.0,0.0,time,0.0,0.0,0.0,0.0,0.0
1079,0.01,3,0.1,0.1,0.1,0.5,1.0,0.0,0.0,0.0,0.0,0.0,0.0,0.0,0.0,0.0,time,0.0,0.0,0.0,0.0,0.0
1080,0.01,3,0.1,0.1,0.1,0.75,0.25,0.0,0.0,0.0,0.0,0.0,0.0,0.0,0.0,0.0,time,0.0,0.0,0.0,0.0,0.0
1081,0.01,3,0.1,0.1,0.1,0.75,0.5,0.0,0.0,0.0,0.0,0.0,0.0,0.0,0.0,0.0,time,0.0,0.0,0.0,0.0,0.0
1082,0.01,3,0.1,0.1,0.1,0.75,0.75,0.0,0.0,0.0,0.0,0.0,0.0,0.0,0.0,0.0,time,0.0,0.0,0.0,0.0,0.0
1083,0.01,3,0.1,0.1,0.1,0.75,1.0,0.0,0.0,0.0,0.0,0.0,0.0,0.0,0.0,0.0,time,0.0,0.0,0.0,0.0,0.0
1084,0.01,3,0.1,0.1,0.1,1.0,0.25,0.0,0.0,0.0,0.0,0.0,0.0,0.0,0.0,0.0,time,0.0,0.0,0.0,0.0,0.0
1085,0.01,3,0.1,0.1,0.1,1.0,0.5,0.0,0.0,0.0,0.0,0.0,0.0,0.0,0.0,0.0,time,0.0,0.0,0.0,0.0,0.0
1086,0.01,3,0.1,0.1,0.1,1.0,0.75,0.0,0.0,0.0,0.0,0.0,0.0,0.0,0.0,0.0,time,0.0,0.0,0.0,0.0,0.0
1087,0.01,3,0.1,0.1,0.1,1.0,1.0,0.0,0.0,0.0,0.0,0.0,0.0,0.0,0.0,0.0,time,0.0,0.0,0.0,0.0,0.0
1088,0.01,3,0.1,0.1,1.0,0.25,0.25,0.0,0.0,0.0,0.0,0.0,0.0,0.0,0.0,0.0,time,0.0,0.0,0.0,0.0,0.0
1089,0.01,3,0.1,0.1,1.0,0.25,0.5,0.0,0.0,0.0,0.0,0.0,0.0,0.0,0.0,0.0,time,0.0,0.0,0.0,0.0,0.0
1090,0.01,3,0.1,0.1,1.0,0.25,0.75,0.0,0.0,0.0,0.0,0.0,0.0,0.0,0.0,0.0,time,0.0,0.0,0.0,0.0,0.0
1091,0.01,3,0.1,0.1,1.0,0.25,1.0,0.0,0.0,0.0,0.0,0.0,0.0,0.0,0.0,0.0,time,0.0,0.0,0.0,0.0,0.0
1092,0.01,3,0.1,0.1,1.0,0.5,0.25,0.0,0.0,0.0,0.0,0.0,0.0,0.0,0.0,0.0,time,0.0,0.0,0.0,0.0,0.0
1093,0.01,3,0.1,0.1,1.0,0.5,0.5,0.0,0.0,0.0,0.0,0.0,0.0,0.0,0.0,0.0,time,0.0,0.0,0.0,0.0,0.0
1094,0.01,3,0.1,0.1,1.0,0.5,0.75,0.0,0.0,0.0,0.0,0.0,0.0,0.0,0.0,0.0,time,0.0,0.0,0.0,0.0,0.0
1095,0.01,3,0.1,0.1,1.0,0.5,1.0,0.0,0.0,0.0,0.0,0.0,0.0,0.0,0.0,0.0,time,0.0,0.0,0.0,0.0,0.0
1096,0.01,3,0.1,0.1,1.0,0.75,0.25,0.0,0.0,0.0,0.0,0.0,0.0,0.0,0.0,0.0,time,0.0,0.0,0.0,0.0,0.0
1097,0.01,3,0.1,0.1,1.0,0.75,0.5,0.0,0.0,0.0,0.0,0.0,0.0,0.0,0.0,0.0,time,0.0,0.0,0.0,0.0,0.0
1098,0.01,3,0.1,0.1,1.0,0.75,0.75,0.0,0.0,0.0,0.0,0.0,0.0,0.0,0.0,0.0,time,0.0,0.0,0.0,0.0,0.0
1099,0.01,3,0.1,0.1,1.0,0.75,1.0,0.0,0.0,0.0,0.0,0.0,0.0,0.0,0.0,0.0,time,0.0,0.0,0.0,0.0,0.0
1100,0.01,3,0.1,0.1,1.0,1.0,0.25,0.0,0.0,0.0,0.0,0.0,0.0,0.0,0.0,0.0,time,0.0,0.0,0.0,0.0,0.0
1101,0.01,3,0.1,0.1,1.0,1.0,0.5,0.0,0.0,0.0,0.0,0.0,0.0,0.0,0.0,0.0,time,0.0,0.0,0.0,0.0,0.0
1102,0.01,3,0.1,0.1,1.0,1.0,0.75,0.0,0.0,0.0,0.0,0.0,0.0,0.0,0.0,0.0,time,0.0,0.0,0.0,0.0,0.0
1103,0.01,3,0.1,0.1,1.0,1.0,1.0,0.0,0.0,0.0,0.0,0.0,0.0,0.0,0.0,0.0,time,0.0,0.0,0.0,0.0,0.0
1104,0.01,3,0.1,1.0,0.0,0.25,0.25,0.0,0.0,0.0,0.0,0.0,0.0,0.0,0.0,0.0,time,0.0,0.0,0.0,0.0,0.0
1105,0.01,3,0.1,1.0,0.0,0.25,0.5,0.0,0.0,0.0,0.0,0.0,0.0,0.0,0.0,0.0,time,0.0,0.0,0.0,0.0,0.0
1106,0.01,3,0.1,1.0,0.0,0.25,0.75,0.0,0.0,0.0,0.0,0.0,0.0,0.0,0.0,0.0,time,0.0,0.0,0.0,0.0,0.0
1107,0.01,3,0.1,1.0,0.0,0.25,1.0,0.0,0.0,0.0,0.0,0.0,0.0,0.0,0.0,0.0,time,0.0,0.0,0.0,0.0,0.0
1108,0.01,3,0.1,1.0,0.0,0.5,0.25,0.0,0.0,0.0,0.0,0.0,0.0,0.0,0.0,0.0,time,0.0,0.0,0.0,0.0,0.0
1109,0.01,3,0.1,1.0,0.0,0.5,0.5,0.0,0.0,0.0,0.0,0.0,0.0,0.0,0.0,0.0,time,0.0,0.0,0.0,0.0,0.0
1110,0.01,3,0.1,1.0,0.0,0.5,0.75,0.0,0.0,0.0,0.0,0.0,0.0,0.0,0.0,0.0,time,0.0,0.0,0.0,0.0,0.0
1111,0.01,3,0.1,1.0,0.0,0.5,1.0,0.0,0.0,0.0,0.0,0.0,0.0,0.0,0.0,0.0,time,0.0,0.0,0.0,0.0,0.0
1112,0.01,3,0.1,1.0,0.0,0.75,0.25,0.0,0.0,0.0,0.0,0.0,0.0,0.0,0.0,0.0,time,0.0,0.0,0.0,0.0,0.0
1113,0.01,3,0.1,1.0,0.0,0.75,0.5,0.0,0.0,0.0,0.0,0.0,0.0,0.0,0.0,0.0,time,0.0,0.0,0.0,0.0,0.0
1114,0.01,3,0.1,1.0,0.0,0.75,0.75,0.0,0.0,0.0,0.0,0.0,0.0,0.0,0.0,0.0,time,0.0,0.0,0.0,0.0,0.0
1115,0.01,3,0.1,1.0,0.0,0.75,1.0,0.0,0.0,0.0,0.0,0.0,0.0,0.0,0.0,0.0,time,0.0,0.0,0.0,0.0,0.0
1116,0.01,3,0.1,1.0,0.0,1.0,0.25,0.0,0.0,0.0,0.0,0.0,0.0,0.0,0.0,0.0,time,0.0,0.0,0.0,0.0,0.0
1117,0.01,3,0.1,1.0,0.0,1.0,0.5,0.0,0.0,0.0,0.0,0.0,0.0,0.0,0.0,0.0,time,0.0,0.0,0.0,0.0,0.0
1118,0.01,3,0.1,1.0,0.0,1.0,0.75,0.0,0.0,0.0,0.0,0.0,0.0,0.0,0.0,0.0,time,0.0,0.0,0.0,0.0,0.0
1119,0.01,3,0.1,1.0,0.0,1.0,1.0,0.0,0.0,0.0,0.0,0.0,0.0,0.0,0.0,0.0,time,0.0,0.0,0.0,0.0,0.0
1120,0.01,3,0.1,1.0,0.1,0.25,0.25,0.0,0.0,0.0,0.0,0.0,0.0,0.0,0.0,0.0,time,0.0,0.0,0.0,0.0,0.0
1121,0.01,3,0.1,1.0,0.1,0.25,0.5,0.0,0.0,0.0,0.0,0.0,0.0,0.0,0.0,0.0,time,0.0,0.0,0.0,0.0,0.0
1122,0.01,3,0.1,1.0,0.1,0.25,0.75,0.0,0.0,0.0,0.0,0.0,0.0,0.0,0.0,0.0,time,0.0,0.0,0.0,0.0,0.0
1123,0.01,3,0.1,1.0,0.1,0.25,1.0,0.0,0.0,0.0,0.0,0.0,0.0,0.0,0.0,0.0,time,0.0,0.0,0.0,0.0,0.0
1124,0.01,3,0.1,1.0,0.1,0.5,0.25,0.0,0.0,0.0,0.0,0.0,0.0,0.0,0.0,0.0,time,0.0,0.0,0.0,0.0,0.0
1125,0.01,3,0.1,1.0,0.1,0.5,0.5,0.0,0.0,0.0,0.0,0.0,0.0,0.0,0.0,0.0,time,0.0,0.0,0.0,0.0,0.0
1126,0.01,3,0.1,1.0,0.1,0.5,0.75,0.0,0.0,0.0,0.0,0.0,0.0,0.0,0.0,0.0,time,0.0,0.0,0.0,0.0,0.0
1127,0.01,3,0.1,1.0,0.1,0.5,1.0,0.0,0.0,0.0,0.0,0.0,0.0,0.0,0.0,0.0,time,0.0,0.0,0.0,0.0,0.0
1128,0.01,3,0.1,1.0,0.1,0.75,0.25,0.0,0.0,0.0,0.0,0.0,0.0,0.0,0.0,0.0,time,0.0,0.0,0.0,0.0,0.0
1129,0.01,3,0.1,1.0,0.1,0.75,0.5,0.0,0.0,0.0,0.0,0.0,0.0,0.0,0.0,0.0,time,0.0,0.0,0.0,0.0,0.0
1130,0.01,3,0.1,1.0,0.1,0.75,0.75,0.0,0.0,0.0,0.0,0.0,0.0,0.0,0.0,0.0,time,0.0,0.0,0.0,0.0,0.0
1131,0.01,3,0.1,1.0,0.1,0.75,1.0,0.0,0.0,0.0,0.0,0.0,0.0,0.0,0.0,0.0,time,0.0,0.0,0.0,0.0,0.0
1132,0.01,3,0.1,1.0,0.1,1.0,0.25,0.0,0.0,0.0,0.0,0.0,0.0,0.0,0.0,0.0,time,0.0,0.0,0.0,0.0,0.0
1133,0.01,3,0.1,1.0,0.1,1.0,0.5,0.0,0.0,0.0,0.0,0.0,0.0,0.0,0.0,0.0,time,0.0,0.0,0.0,0.0,0.0
1134,0.01,3,0.1,1.0,0.1,1.0,0.75,0.0,0.0,0.0,0.0,0.0,0.0,0.0,0.0,0.0,time,0.0,0.0,0.0,0.0,0.0
1135,0.01,3,0.1,1.0,0.1,1.0,1.0,0.0,0.0,0.0,0.0,0.0,0.0,0.0,0.0,0.0,time,0.0,0.0,0.0,0.0,0.0
1136,0.01,3,0.1,1.0,1.0,0.25,0.25,0.0,0.0,0.0,0.0,0.0,0.0,0.0,0.0,0.0,time,0.0,0.0,0.0,0.0,0.0
1137,0.01,3,0.1,1.0,1.0,0.25,0.5,0.0,0.0,0.0,0.0,0.0,0.0,0.0,0.0,0.0,time,0.0,0.0,0.0,0.0,0.0
1138,0.01,3,0.1,1.0,1.0,0.25,0.75,0.0,0.0,0.0,0.0,0.0,0.0,0.0,0.0,0.0,time,0.0,0.0,0.0,0.0,0.0
1139,0.01,3,0.1,1.0,1.0,0.25,1.0,0.0,0.0,0.0,0.0,0.0,0.0,0.0,0.0,0.0,time,0.0,0.0,0.0,0.0,0.0
1140,0.01,3,0.1,1.0,1.0,0.5,0.25,0.0,0.0,0.0,0.0,0.0,0.0,0.0,0.0,0.0,time,0.0,0.0,0.0,0.0,0.0
1141,0.01,3,0.1,1.0,1.0,0.5,0.5,0.0,0.0,0.0,0.0,0.0,0.0,0.0,0.0,0.0,time,0.0,0.0,0.0,0.0,0.0
1142,0.01,3,0.1,1.0,1.0,0.5,0.75,0.0,0.0,0.0,0.0,0.0,0.0,0.0,0.0,0.0,time,0.0,0.0,0.0,0.0,0.0
1143,0.01,3,0.1,1.0,1.0,0.5,1.0,0.0,0.0,0.0,0.0,0.0,0.0,0.0,0.0,0.0,time,0.0,0.0,0.0,0.0,0.0
1144,0.01,3,0.1,1.0,1.0,0.75,0.25,0.0,0.0,0.0,0.0,0.0,0.0,0.0,0.0,0.0,time,0.0,0.0,0.0,0.0,0.0
1145,0.01,3,0.1,1.0,1.0,0.75,0.5,0.0,0.0,0.0,0.0,0.0,0.0,0.0,0.0,0.0,time,0.0,0.0,0.0,0.0,0.0
1146,0.01,3,0.1,1.0,1.0,0.75,0.75,0.0,0.0,0.0,0.0,0.0,0.0,0.0,0.0,0.0,time,0.0,0.0,0.0,0.0,0.0
1147,0.01,3,0.1,1.0,1.0,0.75,1.0,0.0,0.0,0.0,0.0,0.0,0.0,0.0,0.0,0.0,time,0.0,0.0,0.0,0.0,0.0
1148,0.01,3,0.1,1.0,1.0,1.0,0.25,0.0,0.0,0.0,0.0,0.0,0.0,0.0,0.0,0.0,time,0.0,0.0,0.0,0.0,0.0
1149,0.01,3,0.1,1.0,1.0,1.0,0.5,0.0,0.0,0.0,0.0,0.0,0.0,0.0,0.0,0.0,time,0.0,0.0,0.0,0.0,0.0
1150,0.01,3,0.1,1.0,1.0,1.0,0.75,0.0,0.0,0.0,0.0,0.0,0.0,0.0,0.0,0.0,time,0.0,0.0,0.0,0.0,0.0
1151,0.01,3,0.1,1.0,1.0,1.0,1.0,0.0,0.0,0.0,0.0,0.0,0.0,0.0,0.0,0.0,time,0.0,0.0,0.0,0.0,0.0
1152,0.01,3,1.0,0.0,0.0,0.25,0.25,0.0,0.0,0.0,0.0,0.0,0.0,0.0,0.0,0.0,time,0.0,0.0,0.0,0.0,0.0
1153,0.01,3,1.0,0.0,0.0,0.25,0.5,0.0,0.0,0.0,0.0,0.0,0.0,0.0,0.0,0.0,time,0.0,0.0,0.0,0.0,0.0
1154,0.01,3,1.0,0.0,0.0,0.25,0.75,0.0,0.0,0.0,0.0,0.0,0.0,0.0,0.0,0.0,time,0.0,0.0,0.0,0.0,0.0
1155,0.01,3,1.0,0.0,0.0,0.25,1.0,0.0,0.0,0.0,0.0,0.0,0.0,0.0,0.0,0.0,time,0.0,0.0,0.0,0.0,0.0
1156,0.01,3,1.0,0.0,0.0,0.5,0.25,0.0,0.0,0.0,0.0,0.0,0.0,0.0,0.0,0.0,time,0.0,0.0,0.0,0.0,0.0
1157,0.01,3,1.0,0.0,0.0,0.5,0.5,0.0,0.0,0.0,0.0,0.0,0.0,0.0,0.0,0.0,time,0.0,0.0,0.0,0.0,0.0
1158,0.01,3,1.0,0.0,0.0,0.5,0.75,0.0,0.0,0.0,0.0,0.0,0.0,0.0,0.0,0.0,time,0.0,0.0,0.0,0.0,0.0
1159,0.01,3,1.0,0.0,0.0,0.5,1.0,0.0,0.0,0.0,0.0,0.0,0.0,0.0,0.0,0.0,time,0.0,0.0,0.0,0.0,0.0
1160,0.01,3,1.0,0.0,0.0,0.75,0.25,0.0,0.0,0.0,0.0,0.0,0.0,0.0,0.0,0.0,time,0.0,0.0,0.0,0.0,0.0
1161,0.01,3,1.0,0.0,0.0,0.75,0.5,0.0,0.0,0.0,0.0,0.0,0.0,0.0,0.0,0.0,time,0.0,0.0,0.0,0.0,0.0
1162,0.01,3,1.0,0.0,0.0,0.75,0.75,0.0,0.0,0.0,0.0,0.0,0.0,0.0,0.0,0.0,time,0.0,0.0,0.0,0.0,0.0
1163,0.01,3,1.0,0.0,0.0,0.75,1.0,0.0,0.0,0.0,0.0,0.0,0.0,0.0,0.0,0.0,time,0.0,0.0,0.0,0.0,0.0
1164,0.01,3,1.0,0.0,0.0,1.0,0.25,0.0,0.0,0.0,0.0,0.0,0.0,0.0,0.0,0.0,time,0.0,0.0,0.0,0.0,0.0
1165,0.01,3,1.0,0.0,0.0,1.0,0.5,0.0,0.0,0.0,0.0,0.0,0.0,0.0,0.0,0.0,time,0.0,0.0,0.0,0.0,0.0
1166,0.01,3,1.0,0.0,0.0,1.0,0.75,0.0,0.0,0.0,0.0,0.0,0.0,0.0,0.0,0.0,time,0.0,0.0,0.0,0.0,0.0
1167,0.01,3,1.0,0.0,0.0,1.0,1.0,0.0,0.0,0.0,0.0,0.0,0.0,0.0,0.0,0.0,time,0.0,0.0,0.0,0.0,0.0
1168,0.01,3,1.0,0.0,0.1,0.25,0.25,0.0,0.0,0.0,0.0,0.0,0.0,0.0,0.0,0.0,time,0.0,0.0,0.0,0.0,0.0
1169,0.01,3,1.0,0.0,0.1,0.25,0.5,0.0,0.0,0.0,0.0,0.0,0.0,0.0,0.0,0.0,time,0.0,0.0,0.0,0.0,0.0
1170,0.01,3,1.0,0.0,0.1,0.25,0.75,0.0,0.0,0.0,0.0,0.0,0.0,0.0,0.0,0.0,time,0.0,0.0,0.0,0.0,0.0
1171,0.01,3,1.0,0.0,0.1,0.25,1.0,0.0,0.0,0.0,0.0,0.0,0.0,0.0,0.0,0.0,time,0.0,0.0,0.0,0.0,0.0
1172,0.01,3,1.0,0.0,0.1,0.5,0.25,0.0,0.0,0.0,0.0,0.0,0.0,0.0,0.0,0.0,time,0.0,0.0,0.0,0.0,0.0
1173,0.01,3,1.0,0.0,0.1,0.5,0.5,0.0,0.0,0.0,0.0,0.0,0.0,0.0,0.0,0.0,time,0.0,0.0,0.0,0.0,0.0
1174,0.01,3,1.0,0.0,0.1,0.5,0.75,0.0,0.0,0.0,0.0,0.0,0.0,0.0,0.0,0.0,time,0.0,0.0,0.0,0.0,0.0
1175,0.01,3,1.0,0.0,0.1,0.5,1.0,0.0,0.0,0.0,0.0,0.0,0.0,0.0,0.0,0.0,time,0.0,0.0,0.0,0.0,0.0
1176,0.01,3,1.0,0.0,0.1,0.75,0.25,0.0,0.0,0.0,0.0,0.0,0.0,0.0,0.0,0.0,time,0.0,0.0,0.0,0.0,0.0
1177,0.01,3,1.0,0.0,0.1,0.75,0.5,0.0,0.0,0.0,0.0,0.0,0.0,0.0,0.0,0.0,time,0.0,0.0,0.0,0.0,0.0
1178,0.01,3,1.0,0.0,0.1,0.75,0.75,0.0,0.0,0.0,0.0,0.0,0.0,0.0,0.0,0.0,time,0.0,0.0,0.0,0.0,0.0
1179,0.01,3,1.0,0.0,0.1,0.75,1.0,0.0,0.0,0.0,0.0,0.0,0.0,0.0,0.0,0.0,time,0.0,0.0,0.0,0.0,0.0
1180,0.01,3,1.0,0.0,0.1,1.0,0.25,0.0,0.0,0.0,0.0,0.0,0.0,0.0,0.0,0.0,time,0.0,0.0,0.0,0.0,0.0
1181,0.01,3,1.0,0.0,0.1,1.0,0.5,0.0,0.0,0.0,0.0,0.0,0.0,0.0,0.0,0.0,time,0.0,0.0,0.0,0.0,0.0
1182,0.01,3,1.0,0.0,0.1,1.0,0.75,0.0,0.0,0.0,0.0,0.0,0.0,0.0,0.0,0.0,time,0.0,0.0,0.0,0.0,0.0
1183,0.01,3,1.0,0.0,0.1,1.0,1.0,0.0,0.0,0.0,0.0,0.0,0.0,0.0,0.0,0.0,time,0.0,0.0,0.0,0.0,0.0
1184,0.01,3,1.0,0.0,1.0,0.25,0.25,0.0,0.0,0.0,0.0,0.0,0.0,0.0,0.0,0.0,time,0.0,0.0,0.0,0.0,0.0
1185,0.01,3,1.0,0.0,1.0,0.25,0.5,0.0,0.0,0.0,0.0,0.0,0.0,0.0,0.0,0.0,time,0.0,0.0,0.0,0.0,0.0
1186,0.01,3,1.0,0.0,1.0,0.25,0.75,0.0,0.0,0.0,0.0,0.0,0.0,0.0,0.0,0.0,time,0.0,0.0,0.0,0.0,0.0
1187,0.01,3,1.0,0.0,1.0,0.25,1.0,0.0,0.0,0.0,0.0,0.0,0.0,0.0,0.0,0.0,time,0.0,0.0,0.0,0.0,0.0
1188,0.01,3,1.0,0.0,1.0,0.5,0.25,0.0,0.0,0.0,0.0,0.0,0.0,0.0,0.0,0.0,time,0.0,0.0,0.0,0.0,0.0
1189,0.01,3,1.0,0.0,1.0,0.5,0.5,0.0,0.0,0.0,0.0,0.0,0.0,0.0,0.0,0.0,time,0.0,0.0,0.0,0.0,0.0
1190,0.01,3,1.0,0.0,1.0,0.5,0.75,0.0,0.0,0.0,0.0,0.0,0.0,0.0,0.0,0.0,time,0.0,0.0,0.0,0.0,0.0
1191,0.01,3,1.0,0.0,1.0,0.5,1.0,0.0,0.0,0.0,0.0,0.0,0.0,0.0,0.0,0.0,time,0.0,0.0,0.0,0.0,0.0
1192,0.01,3,1.0,0.0,1.0,0.75,0.25,0.0,0.0,0.0,0.0,0.0,0.0,0.0,0.0,0.0,time,0.0,0.0,0.0,0.0,0.0
1193,0.01,3,1.0,0.0,1.0,0.75,0.5,0.0,0.0,0.0,0.0,0.0,0.0,0.0,0.0,0.0,time,0.0,0.0,0.0,0.0,0.0
1194,0.01,3,1.0,0.0,1.0,0.75,0.75,0.0,0.0,0.0,0.0,0.0,0.0,0.0,0.0,0.0,time,0.0,0.0,0.0,0.0,0.0
1195,0.01,3,1.0,0.0,1.0,0.75,1.0,0.0,0.0,0.0,0.0,0.0,0.0,0.0,0.0,0.0,time,0.0,0.0,0.0,0.0,0.0
1196,0.01,3,1.0,0.0,1.0,1.0,0.25,0.0,0.0,0.0,0.0,0.0,0.0,0.0,0.0,0.0,time,0.0,0.0,0.0,0.0,0.0
1197,0.01,3,1.0,0.0,1.0,1.0,0.5,0.0,0.0,0.0,0.0,0.0,0.0,0.0,0.0,0.0,time,0.0,0.0,0.0,0.0,0.0
1198,0.01,3,1.0,0.0,1.0,1.0,0.75,0.0,0.0,0.0,0.0,0.0,0.0,0.0,0.0,0.0,time,0.0,0.0,0.0,0.0,0.0
1199,0.01,3,1.0,0.0,1.0,1.0,1.0,0.0,0.0,0.0,0.0,0.0,0.0,0.0,0.0,0.0,time,0.0,0.0,0.0,0.0,0.0
1200,0.01,3,1.0,0.1,0.0,0.25,0.25,0.0,0.0,0.0,0.0,0.0,0.0,0.0,0.0,0.0,time,0.0,0.0,0.0,0.0,0.0
1201,0.01,3,1.0,0.1,0.0,0.25,0.5,0.0,0.0,0.0,0.0,0.0,0.0,0.0,0.0,0.0,time,0.0,0.0,0.0,0.0,0.0
1202,0.01,3,1.0,0.1,0.0,0.25,0.75,0.0,0.0,0.0,0.0,0.0,0.0,0.0,0.0,0.0,time,0.0,0.0,0.0,0.0,0.0
1203,0.01,3,1.0,0.1,0.0,0.25,1.0,0.0,0.0,0.0,0.0,0.0,0.0,0.0,0.0,0.0,time,0.0,0.0,0.0,0.0,0.0
1204,0.01,3,1.0,0.1,0.0,0.5,0.25,0.0,0.0,0.0,0.0,0.0,0.0,0.0,0.0,0.0,time,0.0,0.0,0.0,0.0,0.0
1205,0.01,3,1.0,0.1,0.0,0.5,0.5,0.0,0.0,0.0,0.0,0.0,0.0,0.0,0.0,0.0,time,0.0,0.0,0.0,0.0,0.0
1206,0.01,3,1.0,0.1,0.0,0.5,0.75,0.0,0.0,0.0,0.0,0.0,0.0,0.0,0.0,0.0,time,0.0,0.0,0.0,0.0,0.0
1207,0.01,3,1.0,0.1,0.0,0.5,1.0,0.0,0.0,0.0,0.0,0.0,0.0,0.0,0.0,0.0,time,0.0,0.0,0.0,0.0,0.0
1208,0.01,3,1.0,0.1,0.0,0.75,0.25,0.0,0.0,0.0,0.0,0.0,0.0,0.0,0.0,0.0,time,0.0,0.0,0.0,0.0,0.0
1209,0.01,3,1.0,0.1,0.0,0.75,0.5,0.0,0.0,0.0,0.0,0.0,0.0,0.0,0.0,0.0,time,0.0,0.0,0.0,0.0,0.0
1210,0.01,3,1.0,0.1,0.0,0.75,0.75,0.0,0.0,0.0,0.0,0.0,0.0,0.0,0.0,0.0,time,0.0,0.0,0.0,0.0,0.0
1211,0.01,3,1.0,0.1,0.0,0.75,1.0,0.0,0.0,0.0,0.0,0.0,0.0,0.0,0.0,0.0,time,0.0,0.0,0.0,0.0,0.0
1212,0.01,3,1.0,0.1,0.0,1.0,0.25,0.0,0.0,0.0,0.0,0.0,0.0,0.0,0.0,0.0,time,0.0,0.0,0.0,0.0,0.0
1213,0.01,3,1.0,0.1,0.0,1.0,0.5,0.0,0.0,0.0,0.0,0.0,0.0,0.0,0.0,0.0,time,0.0,0.0,0.0,0.0,0.0
1214,0.01,3,1.0,0.1,0.0,1.0,0.75,0.0,0.0,0.0,0.0,0.0,0.0,0.0,0.0,0.0,time,0.0,0.0,0.0,0.0,0.0
1215,0.01,3,1.0,0.1,0.0,1.0,1.0,0.0,0.0,0.0,0.0,0.0,0.0,0.0,0.0,0.0,time,0.0,0.0,0.0,0.0,0.0
1216,0.01,3,1.0,0.1,0.1,0.25,0.25,0.0,0.0,0.0,0.0,0.0,0.0,0.0,0.0,0.0,time,0.0,0.0,0.0,0.0,0.0
1217,0.01,3,1.0,0.1,0.1,0.25,0.5,0.0,0.0,0.0,0.0,0.0,0.0,0.0,0.0,0.0,time,0.0,0.0,0.0,0.0,0.0
1218,0.01,3,1.0,0.1,0.1,0.25,0.75,0.0,0.0,0.0,0.0,0.0,0.0,0.0,0.0,0.0,time,0.0,0.0,0.0,0.0,0.0
1219,0.01,3,1.0,0.1,0.1,0.25,1.0,0.0,0.0,0.0,0.0,0.0,0.0,0.0,0.0,0.0,time,0.0,0.0,0.0,0.0,0.0
1220,0.01,3,1.0,0.1,0.1,0.5,0.25,0.0,0.0,0.0,0.0,0.0,0.0,0.0,0.0,0.0,time,0.0,0.0,0.0,0.0,0.0
1221,0.01,3,1.0,0.1,0.1,0.5,0.5,0.0,0.0,0.0,0.0,0.0,0.0,0.0,0.0,0.0,time,0.0,0.0,0.0,0.0,0.0
1222,0.01,3,1.0,0.1,0.1,0.5,0.75,0.0,0.0,0.0,0.0,0.0,0.0,0.0,0.0,0.0,time,0.0,0.0,0.0,0.0,0.0
1223,0.01,3,1.0,0.1,0.1,0.5,1.0,0.0,0.0,0.0,0.0,0.0,0.0,0.0,0.0,0.0,time,0.0,0.0,0.0,0.0,0.0
1224,0.01,3,1.0,0.1,0.1,0.75,0.25,0.0,0.0,0.0,0.0,0.0,0.0,0.0,0.0,0.0,time,0.0,0.0,0.0,0.0,0.0
1225,0.01,3,1.0,0.1,0.1,0.75,0.5,0.0,0.0,0.0,0.0,0.0,0.0,0.0,0.0,0.0,time,0.0,0.0,0.0,0.0,0.0
1226,0.01,3,1.0,0.1,0.1,0.75,0.75,0.0,0.0,0.0,0.0,0.0,0.0,0.0,0.0,0.0,time,0.0,0.0,0.0,0.0,0.0
1227,0.01,3,1.0,0.1,0.1,0.75,1.0,0.0,0.0,0.0,0.0,0.0,0.0,0.0,0.0,0.0,time,0.0,0.0,0.0,0.0,0.0
1228,0.01,3,1.0,0.1,0.1,1.0,0.25,0.0,0.0,0.0,0.0,0.0,0.0,0.0,0.0,0.0,time,0.0,0.0,0.0,0.0,0.0
1229,0.01,3,1.0,0.1,0.1,1.0,0.5,0.0,0.0,0.0,0.0,0.0,0.0,0.0,0.0,0.0,time,0.0,0.0,0.0,0.0,0.0
1230,0.01,3,1.0,0.1,0.1,1.0,0.75,0.0,0.0,0.0,0.0,0.0,0.0,0.0,0.0,0.0,time,0.0,0.0,0.0,0.0,0.0
1231,0.01,3,1.0,0.1,0.1,1.0,1.0,0.0,0.0,0.0,0.0,0.0,0.0,0.0,0.0,0.0,time,0.0,0.0,0.0,0.0,0.0
1232,0.01,3,1.0,0.1,1.0,0.25,0.25,0.0,0.0,0.0,0.0,0.0,0.0,0.0,0.0,0.0,time,0.0,0.0,0.0,0.0,0.0
1233,0.01,3,1.0,0.1,1.0,0.25,0.5,0.0,0.0,0.0,0.0,0.0,0.0,0.0,0.0,0.0,time,0.0,0.0,0.0,0.0,0.0
1234,0.01,3,1.0,0.1,1.0,0.25,0.75,0.0,0.0,0.0,0.0,0.0,0.0,0.0,0.0,0.0,time,0.0,0.0,0.0,0.0,0.0
1235,0.01,3,1.0,0.1,1.0,0.25,1.0,0.0,0.0,0.0,0.0,0.0,0.0,0.0,0.0,0.0,time,0.0,0.0,0.0,0.0,0.0
1236,0.01,3,1.0,0.1,1.0,0.5,0.25,0.0,0.0,0.0,0.0,0.0,0.0,0.0,0.0,0.0,time,0.0,0.0,0.0,0.0,0.0
1237,0.01,3,1.0,0.1,1.0,0.5,0.5,0.0,0.0,0.0,0.0,0.0,0.0,0.0,0.0,0.0,time,0.0,0.0,0.0,0.0,0.0
1238,0.01,3,1.0,0.1,1.0,0.5,0.75,0.0,0.0,0.0,0.0,0.0,0.0,0.0,0.0,0.0,time,0.0,0.0,0.0,0.0,0.0
1239,0.01,3,1.0,0.1,1.0,0.5,1.0,0.0,0.0,0.0,0.0,0.0,0.0,0.0,0.0,0.0,time,0.0,0.0,0.0,0.0,0.0
1240,0.01,3,1.0,0.1,1.0,0.75,0.25,0.0,0.0,0.0,0.0,0.0,0.0,0.0,0.0,0.0,time,0.0,0.0,0.0,0.0,0.0
1241,0.01,3,1.0,0.1,1.0,0.75,0.5,0.0,0.0,0.0,0.0,0.0,0.0,0.0,0.0,0.0,time,0.0,0.0,0.0,0.0,0.0
1242,0.01,3,1.0,0.1,1.0,0.75,0.75,0.0,0.0,0.0,0.0,0.0,0.0,0.0,0.0,0.0,time,0.0,0.0,0.0,0.0,0.0
1243,0.01,3,1.0,0.1,1.0,0.75,1.0,0.0,0.0,0.0,0.0,0.0,0.0,0.0,0.0,0.0,time,0.0,0.0,0.0,0.0,0.0
1244,0.01,3,1.0,0.1,1.0,1.0,0.25,0.0,0.0,0.0,0.0,0.0,0.0,0.0,0.0,0.0,time,0.0,0.0,0.0,0.0,0.0
1245,0.01,3,1.0,0.1,1.0,1.0,0.5,0.0,0.0,0.0,0.0,0.0,0.0,0.0,0.0,0.0,time,0.0,0.0,0.0,0.0,0.0
1246,0.01,3,1.0,0.1,1.0,1.0,0.75,0.0,0.0,0.0,0.0,0.0,0.0,0.0,0.0,0.0,time,0.0,0.0,0.0,0.0,0.0
1247,0.01,3,1.0,0.1,1.0,1.0,1.0,0.0,0.0,0.0,0.0,0.0,0.0,0.0,0.0,0.0,time,0.0,0.0,0.0,0.0,0.0
1248,0.01,3,1.0,1.0,0.0,0.25,0.25,0.0,0.0,0.0,0.0,0.0,0.0,0.0,0.0,0.0,time,0.0,0.0,0.0,0.0,0.0
1249,0.01,3,1.0,1.0,0.0,0.25,0.5,0.0,0.0,0.0,0.0,0.0,0.0,0.0,0.0,0.0,time,0.0,0.0,0.0,0.0,0.0
1250,0.01,3,1.0,1.0,0.0,0.25,0.75,0.0,0.0,0.0,0.0,0.0,0.0,0.0,0.0,0.0,time,0.0,0.0,0.0,0.0,0.0
1251,0.01,3,1.0,1.0,0.0,0.25,1.0,0.0,0.0,0.0,0.0,0.0,0.0,0.0,0.0,0.0,time,0.0,0.0,0.0,0.0,0.0
1252,0.01,3,1.0,1.0,0.0,0.5,0.25,0.0,0.0,0.0,0.0,0.0,0.0,0.0,0.0,0.0,time,0.0,0.0,0.0,0.0,0.0
1253,0.01,3,1.0,1.0,0.0,0.5,0.5,0.0,0.0,0.0,0.0,0.0,0.0,0.0,0.0,0.0,time,0.0,0.0,0.0,0.0,0.0
1254,0.01,3,1.0,1.0,0.0,0.5,0.75,0.0,0.0,0.0,0.0,0.0,0.0,0.0,0.0,0.0,time,0.0,0.0,0.0,0.0,0.0
1255,0.01,3,1.0,1.0,0.0,0.5,1.0,0.0,0.0,0.0,0.0,0.0,0.0,0.0,0.0,0.0,time,0.0,0.0,0.0,0.0,0.0
1256,0.01,3,1.0,1.0,0.0,0.75,0.25,0.0,0.0,0.0,0.0,0.0,0.0,0.0,0.0,0.0,time,0.0,0.0,0.0,0.0,0.0
1257,0.01,3,1.0,1.0,0.0,0.75,0.5,0.0,0.0,0.0,0.0,0.0,0.0,0.0,0.0,0.0,time,0.0,0.0,0.0,0.0,0.0
1258,0.01,3,1.0,1.0,0.0,0.75,0.75,0.0,0.0,0.0,0.0,0.0,0.0,0.0,0.0,0.0,time,0.0,0.0,0.0,0.0,0.0
1259,0.01,3,1.0,1.0,0.0,0.75,1.0,0.0,0.0,0.0,0.0,0.0,0.0,0.0,0.0,0.0,time,0.0,0.0,0.0,0.0,0.0
1260,0.01,3,1.0,1.0,0.0,1.0,0.25,0.0,0.0,0.0,0.0,0.0,0.0,0.0,0.0,0.0,time,0.0,0.0,0.0,0.0,0.0
1261,0.01,3,1.0,1.0,0.0,1.0,0.5,0.0,0.0,0.0,0.0,0.0,0.0,0.0,0.0,0.0,time,0.0,0.0,0.0,0.0,0.0
1262,0.01,3,1.0,1.0,0.0,1.0,0.75,0.0,0.0,0.0,0.0,0.0,0.0,0.0,0.0,0.0,time,0.0,0.0,0.0,0.0,0.0
1263,0.01,3,1.0,1.0,0.0,1.0,1.0,0.0,0.0,0.0,0.0,0.0,0.0,0.0,0.0,0.0,time,0.0,0.0,0.0,0.0,0.0
1264,0.01,3,1.0,1.0,0.1,0.25,0.25,0.0,0.0,0.0,0.0,0.0,0.0,0.0,0.0,0.0,time,0.0,0.0,0.0,0.0,0.0
1265,0.01,3,1.0,1.0,0.1,0.25,0.5,0.0,0.0,0.0,0.0,0.0,0.0,0.0,0.0,0.0,time,0.0,0.0,0.0,0.0,0.0
1266,0.01,3,1.0,1.0,0.1,0.25,0.75,0.0,0.0,0.0,0.0,0.0,0.0,0.0,0.0,0.0,time,0.0,0.0,0.0,0.0,0.0
1267,0.01,3,1.0,1.0,0.1,0.25,1.0,0.0,0.0,0.0,0.0,0.0,0.0,0.0,0.0,0.0,time,0.0,0.0,0.0,0.0,0.0
1268,0.01,3,1.0,1.0,0.1,0.5,0.25,0.0,0.0,0.0,0.0,0.0,0.0,0.0,0.0,0.0,time,0.0,0.0,0.0,0.0,0.0
1269,0.01,3,1.0,1.0,0.1,0.5,0.5,0.0,0.0,0.0,0.0,0.0,0.0,0.0,0.0,0.0,time,0.0,0.0,0.0,0.0,0.0
1270,0.01,3,1.0,1.0,0.1,0.5,0.75,0.0,0.0,0.0,0.0,0.0,0.0,0.0,0.0,0.0,time,0.0,0.0,0.0,0.0,0.0
1271,0.01,3,1.0,1.0,0.1,0.5,1.0,0.0,0.0,0.0,0.0,0.0,0.0,0.0,0.0,0.0,time,0.0,0.0,0.0,0.0,0.0
1272,0.01,3,1.0,1.0,0.1,0.75,0.25,0.0,0.0,0.0,0.0,0.0,0.0,0.0,0.0,0.0,time,0.0,0.0,0.0,0.0,0.0
1273,0.01,3,1.0,1.0,0.1,0.75,0.5,0.0,0.0,0.0,0.0,0.0,0.0,0.0,0.0,0.0,time,0.0,0.0,0.0,0.0,0.0
1274,0.01,3,1.0,1.0,0.1,0.75,0.75,0.0,0.0,0.0,0.0,0.0,0.0,0.0,0.0,0.0,time,0.0,0.0,0.0,0.0,0.0
1275,0.01,3,1.0,1.0,0.1,0.75,1.0,0.0,0.0,0.0,0.0,0.0,0.0,0.0,0.0,0.0,time,0.0,0.0,0.0,0.0,0.0
1276,0.01,3,1.0,1.0,0.1,1.0,0.25,0.0,0.0,0.0,0.0,0.0,0.0,0.0,0.0,0.0,time,0.0,0.0,0.0,0.0,0.0
1277,0.01,3,1.0,1.0,0.1,1.0,0.5,0.0,0.0,0.0,0.0,0.0,0.0,0.0,0.0,0.0,time,0.0,0.0,0.0,0.0,0.0
1278,0.01,3,1.0,1.0,0.1,1.0,0.75,0.0,0.0,0.0,0.0,0.0,0.0,0.0,0.0,0.0,time,0.0,0.0,0.0,0.0,0.0
1279,0.01,3,1.0,1.0,0.1,1.0,1.0,0.0,0.0,0.0,0.0,0.0,0.0,0.0,0.0,0.0,time,0.0,0.0,0.0,0.0,0.0
1280,0.01,3,1.0,1.0,1.0,0.25,0.25,0.0,0.0,0.0,0.0,0.0,0.0,0.0,0.0,0.0,time,0.0,0.0,0.0,0.0,0.0
1281,0.01,3,1.0,1.0,1.0,0.25,0.5,0.0,0.0,0.0,0.0,0.0,0.0,0.0,0.0,0.0,time,0.0,0.0,0.0,0.0,0.0
1282,0.01,3,1.0,1.0,1.0,0.25,0.75,0.0,0.0,0.0,0.0,0.0,0.0,0.0,0.0,0.0,time,0.0,0.0,0.0,0.0,0.0
1283,0.01,3,1.0,1.0,1.0,0.25,1.0,0.0,0.0,0.0,0.0,0.0,0.0,0.0,0.0,0.0,time,0.0,0.0,0.0,0.0,0.0
1284,0.01,3,1.0,1.0,1.0,0.5,0.25,0.0,0.0,0.0,0.0,0.0,0.0,0.0,0.0,0.0,time,0.0,0.0,0.0,0.0,0.0
1285,0.01,3,1.0,1.0,1.0,0.5,0.5,0.0,0.0,0.0,0.0,0.0,0.0,0.0,0.0,0.0,time,0.0,0.0,0.0,0.0,0.0
1286,0.01,3,1.0,1.0,1.0,0.5,0.75,0.0,0.0,0.0,0.0,0.0,0.0,0.0,0.0,0.0,time,0.0,0.0,0.0,0.0,0.0
1287,0.01,3,1.0,1.0,1.0,0.5,1.0,0.0,0.0,0.0,0.0,0.0,0.0,0.0,0.0,0.0,time,0.0,0.0,0.0,0.0,0.0
1288,0.01,3,1.0,1.0,1.0,0.75,0.25,0.0,0.0,0.0,0.0,0.0,0.0,0.0,0.0,0.0,time,0.0,0.0,0.0,0.0,0.0
1289,0.01,3,1.0,1.0,1.0,0.75,0.5,0.0,0.0,0.0,0.0,0.0,0.0,0.0,0.0,0.0,time,0.0,0.0,0.0,0.0,0.0
1290,0.01,3,1.0,1.0,1.0,0.75,0.75,0.0,0.0,0.0,0.0,0.0,0.0,0.0,0.0,0.0,time,0.0,0.0,0.0,0.0,0.0
1291,0.01,3,1.0,1.0,1.0,0.75,1.0,0.0,0.0,0.0,0.0,0.0,0.0,0.0,0.0,0.0,time,0.0,0.0,0.0,0.0,0.0
1292,0.01,3,1.0,1.0,1.0,1.0,0.25,0.0,0.0,0.0,0.0,0.0,0.0,0.0,0.0,0.0,time,0.0,0.0,0.0,0.0,0.0
1293,0.01,3,1.0,1.0,1.0,1.0,0.5,0.0,0.0,0.0,0.0,0.0,0.0,0.0,0.0,0.0,time,0.0,0.0,0.0,0.0,0.0
1294,0.01,3,1.0,1.0,1.0,1.0,0.75,0.0,0.0,0.0,0.0,0.0,0.0,0.0,0.0,0.0,time,0.0,0.0,0.0,0.0,0.0
1295,0.01,3,1.0,1.0,1.0,1.0,1.0,0.0,0.0,0.0,0.0,0.0,0.0,0.0,0.0,0.0,time,0.0,0.0,0.0,0.0,0.0
1296,0.01,4,0.0,0.0,0.0,0.25,0.25,0.0,0.0,0.0,0.0,0.0,0.0,0.0,0.0,0.0,time,0.0,0.0,0.0,0.0,0.0
1297,0.01,4,0.0,0.0,0.0,0.25,0.5,0.0,0.0,0.0,0.0,0.0,0.0,0.0,0.0,0.0,time,0.0,0.0,0.0,0.0,0.0
1298,0.01,4,0.0,0.0,0.0,0.25,0.75,0.0,0.0,0.0,0.0,0.0,0.0,0.0,0.0,0.0,time,0.0,0.0,0.0,0.0,0.0
1299,0.01,4,0.0,0.0,0.0,0.25,1.0,0.0,0.0,0.0,0.0,0.0,0.0,0.0,0.0,0.0,time,0.0,0.0,0.0,0.0,0.0
1300,0.01,4,0.0,0.0,0.0,0.5,0.25,0.0,0.0,0.0,0.0,0.0,0.0,0.0,0.0,0.0,time,0.0,0.0,0.0,0.0,0.0
1301,0.01,4,0.0,0.0,0.0,0.5,0.5,0.0,0.0,0.0,0.0,0.0,0.0,0.0,0.0,0.0,time,0.0,0.0,0.0,0.0,0.0
1302,0.01,4,0.0,0.0,0.0,0.5,0.75,0.0,0.0,0.0,0.0,0.0,0.0,0.0,0.0,0.0,time,0.0,0.0,0.0,0.0,0.0
1303,0.01,4,0.0,0.0,0.0,0.5,1.0,0.0,0.0,0.0,0.0,0.0,0.0,0.0,0.0,0.0,time,0.0,0.0,0.0,0.0,0.0
1304,0.01,4,0.0,0.0,0.0,0.75,0.25,0.0,0.0,0.0,0.0,0.0,0.0,0.0,0.0,0.0,time,0.0,0.0,0.0,0.0,0.0
1305,0.01,4,0.0,0.0,0.0,0.75,0.5,0.0,0.0,0.0,0.0,0.0,0.0,0.0,0.0,0.0,time,0.0,0.0,0.0,0.0,0.0
1306,0.01,4,0.0,0.0,0.0,0.75,0.75,0.0,0.0,0.0,0.0,0.0,0.0,0.0,0.0,0.0,time,0.0,0.0,0.0,0.0,0.0
1307,0.01,4,0.0,0.0,0.0,0.75,1.0,0.0,0.0,0.0,0.0,0.0,0.0,0.0,0.0,0.0,time,0.0,0.0,0.0,0.0,0.0
1308,0.01,4,0.0,0.0,0.0,1.0,0.25,0.0,0.0,0.0,0.0,0.0,0.0,0.0,0.0,0.0,time,0.0,0.0,0.0,0.0,0.0
1309,0.01,4,0.0,0.0,0.0,1.0,0.5,0.0,0.0,0.0,0.0,0.0,0.0,0.0,0.0,0.0,time,0.0,0.0,0.0,0.0,0.0
1310,0.01,4,0.0,0.0,0.0,1.0,0.75,0.0,0.0,0.0,0.0,0.0,0.0,0.0,0.0,0.0,time,0.0,0.0,0.0,0.0,0.0
1311,0.01,4,0.0,0.0,0.0,1.0,1.0,0.0,0.0,0.0,0.0,0.0,0.0,0.0,0.0,0.0,time,0.0,0.0,0.0,0.0,0.0
1312,0.01,4,0.0,0.0,0.1,0.25,0.25,0.0,0.0,0.0,0.0,0.0,0.0,0.0,0.0,0.0,time,0.0,0.0,0.0,0.0,0.0
1313,0.01,4,0.0,0.0,0.1,0.25,0.5,0.0,0.0,0.0,0.0,0.0,0.0,0.0,0.0,0.0,time,0.0,0.0,0.0,0.0,0.0
1314,0.01,4,0.0,0.0,0.1,0.25,0.75,0.0,0.0,0.0,0.0,0.0,0.0,0.0,0.0,0.0,time,0.0,0.0,0.0,0.0,0.0
1315,0.01,4,0.0,0.0,0.1,0.25,1.0,0.0,0.0,0.0,0.0,0.0,0.0,0.0,0.0,0.0,time,0.0,0.0,0.0,0.0,0.0
1316,0.01,4,0.0,0.0,0.1,0.5,0.25,0.0,0.0,0.0,0.0,0.0,0.0,0.0,0.0,0.0,time,0.0,0.0,0.0,0.0,0.0
1317,0.01,4,0.0,0.0,0.1,0.5,0.5,0.0,0.0,0.0,0.0,0.0,0.0,0.0,0.0,0.0,time,0.0,0.0,0.0,0.0,0.0
1318,0.01,4,0.0,0.0,0.1,0.5,0.75,0.0,0.0,0.0,0.0,0.0,0.0,0.0,0.0,0.0,time,0.0,0.0,0.0,0.0,0.0
1319,0.01,4,0.0,0.0,0.1,0.5,1.0,0.0,0.0,0.0,0.0,0.0,0.0,0.0,0.0,0.0,time,0.0,0.0,0.0,0.0,0.0
1320,0.01,4,0.0,0.0,0.1,0.75,0.25,0.0,0.0,0.0,0.0,0.0,0.0,0.0,0.0,0.0,time,0.0,0.0,0.0,0.0,0.0
1321,0.01,4,0.0,0.0,0.1,0.75,0.5,0.0,0.0,0.0,0.0,0.0,0.0,0.0,0.0,0.0,time,0.0,0.0,0.0,0.0,0.0
1322,0.01,4,0.0,0.0,0.1,0.75,0.75,0.0,0.0,0.0,0.0,0.0,0.0,0.0,0.0,0.0,time,0.0,0.0,0.0,0.0,0.0
1323,0.01,4,0.0,0.0,0.1,0.75,1.0,0.0,0.0,0.0,0.0,0.0,0.0,0.0,0.0,0.0,time,0.0,0.0,0.0,0.0,0.0
1324,0.01,4,0.0,0.0,0.1,1.0,0.25,0.0,0.0,0.0,0.0,0.0,0.0,0.0,0.0,0.0,time,0.0,0.0,0.0,0.0,0.0
1325,0.01,4,0.0,0.0,0.1,1.0,0.5,0.0,0.0,0.0,0.0,0.0,0.0,0.0,0.0,0.0,time,0.0,0.0,0.0,0.0,0.0
1326,0.01,4,0.0,0.0,0.1,1.0,0.75,0.0,0.0,0.0,0.0,0.0,0.0,0.0,0.0,0.0,time,0.0,0.0,0.0,0.0,0.0
1327,0.01,4,0.0,0.0,0.1,1.0,1.0,0.0,0.0,0.0,0.0,0.0,0.0,0.0,0.0,0.0,time,0.0,0.0,0.0,0.0,0.0
1328,0.01,4,0.0,0.0,1.0,0.25,0.25,0.0,0.0,0.0,0.0,0.0,0.0,0.0,0.0,0.0,time,0.0,0.0,0.0,0.0,0.0
1329,0.01,4,0.0,0.0,1.0,0.25,0.5,0.0,0.0,0.0,0.0,0.0,0.0,0.0,0.0,0.0,time,0.0,0.0,0.0,0.0,0.0
1330,0.01,4,0.0,0.0,1.0,0.25,0.75,0.0,0.0,0.0,0.0,0.0,0.0,0.0,0.0,0.0,time,0.0,0.0,0.0,0.0,0.0
1331,0.01,4,0.0,0.0,1.0,0.25,1.0,0.0,0.0,0.0,0.0,0.0,0.0,0.0,0.0,0.0,time,0.0,0.0,0.0,0.0,0.0
1332,0.01,4,0.0,0.0,1.0,0.5,0.25,0.0,0.0,0.0,0.0,0.0,0.0,0.0,0.0,0.0,time,0.0,0.0,0.0,0.0,0.0
1333,0.01,4,0.0,0.0,1.0,0.5,0.5,0.0,0.0,0.0,0.0,0.0,0.0,0.0,0.0,0.0,time,0.0,0.0,0.0,0.0,0.0
1334,0.01,4,0.0,0.0,1.0,0.5,0.75,0.0,0.0,0.0,0.0,0.0,0.0,0.0,0.0,0.0,time,0.0,0.0,0.0,0.0,0.0
1335,0.01,4,0.0,0.0,1.0,0.5,1.0,0.0,0.0,0.0,0.0,0.0,0.0,0.0,0.0,0.0,time,0.0,0.0,0.0,0.0,0.0
1336,0.01,4,0.0,0.0,1.0,0.75,0.25,0.0,0.0,0.0,0.0,0.0,0.0,0.0,0.0,0.0,time,0.0,0.0,0.0,0.0,0.0
1337,0.01,4,0.0,0.0,1.0,0.75,0.5,0.0,0.0,0.0,0.0,0.0,0.0,0.0,0.0,0.0,time,0.0,0.0,0.0,0.0,0.0
1338,0.01,4,0.0,0.0,1.0,0.75,0.75,0.0,0.0,0.0,0.0,0.0,0.0,0.0,0.0,0.0,time,0.0,0.0,0.0,0.0,0.0
1339,0.01,4,0.0,0.0,1.0,0.75,1.0,0.0,0.0,0.0,0.0,0.0,0.0,0.0,0.0,0.0,time,0.0,0.0,0.0,0.0,0.0
1340,0.01,4,0.0,0.0,1.0,1.0,0.25,0.0,0.0,0.0,0.0,0.0,0.0,0.0,0.0,0.0,time,0.0,0.0,0.0,0.0,0.0
1341,0.01,4,0.0,0.0,1.0,1.0,0.5,0.0,0.0,0.0,0.0,0.0,0.0,0.0,0.0,0.0,time,0.0,0.0,0.0,0.0,0.0
1342,0.01,4,0.0,0.0,1.0,1.0,0.75,0.0,0.0,0.0,0.0,0.0,0.0,0.0,0.0,0.0,time,0.0,0.0,0.0,0.0,0.0
1343,0.01,4,0.0,0.0,1.0,1.0,1.0,0.0,0.0,0.0,0.0,0.0,0.0,0.0,0.0,0.0,time,0.0,0.0,0.0,0.0,0.0
1344,0.01,4,0.0,0.1,0.0,0.25,0.25,0.0,0.0,0.0,0.0,0.0,0.0,0.0,0.0,0.0,time,0.0,0.0,0.0,0.0,0.0
1345,0.01,4,0.0,0.1,0.0,0.25,0.5,0.0,0.0,0.0,0.0,0.0,0.0,0.0,0.0,0.0,time,0.0,0.0,0.0,0.0,0.0
1346,0.01,4,0.0,0.1,0.0,0.25,0.75,0.0,0.0,0.0,0.0,0.0,0.0,0.0,0.0,0.0,time,0.0,0.0,0.0,0.0,0.0
1347,0.01,4,0.0,0.1,0.0,0.25,1.0,0.0,0.0,0.0,0.0,0.0,0.0,0.0,0.0,0.0,time,0.0,0.0,0.0,0.0,0.0
1348,0.01,4,0.0,0.1,0.0,0.5,0.25,0.0,0.0,0.0,0.0,0.0,0.0,0.0,0.0,0.0,time,0.0,0.0,0.0,0.0,0.0
1349,0.01,4,0.0,0.1,0.0,0.5,0.5,0.0,0.0,0.0,0.0,0.0,0.0,0.0,0.0,0.0,time,0.0,0.0,0.0,0.0,0.0
1350,0.01,4,0.0,0.1,0.0,0.5,0.75,0.0,0.0,0.0,0.0,0.0,0.0,0.0,0.0,0.0,time,0.0,0.0,0.0,0.0,0.0
1351,0.01,4,0.0,0.1,0.0,0.5,1.0,0.0,0.0,0.0,0.0,0.0,0.0,0.0,0.0,0.0,time,0.0,0.0,0.0,0.0,0.0
1352,0.01,4,0.0,0.1,0.0,0.75,0.25,0.0,0.0,0.0,0.0,0.0,0.0,0.0,0.0,0.0,time,0.0,0.0,0.0,0.0,0.0
1353,0.01,4,0.0,0.1,0.0,0.75,0.5,0.0,0.0,0.0,0.0,0.0,0.0,0.0,0.0,0.0,time,0.0,0.0,0.0,0.0,0.0
1354,0.01,4,0.0,0.1,0.0,0.75,0.75,0.0,0.0,0.0,0.0,0.0,0.0,0.0,0.0,0.0,time,0.0,0.0,0.0,0.0,0.0
1355,0.01,4,0.0,0.1,0.0,0.75,1.0,0.0,0.0,0.0,0.0,0.0,0.0,0.0,0.0,0.0,time,0.0,0.0,0.0,0.0,0.0
1356,0.01,4,0.0,0.1,0.0,1.0,0.25,0.0,0.0,0.0,0.0,0.0,0.0,0.0,0.0,0.0,time,0.0,0.0,0.0,0.0,0.0
1357,0.01,4,0.0,0.1,0.0,1.0,0.5,0.0,0.0,0.0,0.0,0.0,0.0,0.0,0.0,0.0,time,0.0,0.0,0.0,0.0,0.0
1358,0.01,4,0.0,0.1,0.0,1.0,0.75,0.0,0.0,0.0,0.0,0.0,0.0,0.0,0.0,0.0,time,0.0,0.0,0.0,0.0,0.0
1359,0.01,4,0.0,0.1,0.0,1.0,1.0,0.0,0.0,0.0,0.0,0.0,0.0,0.0,0.0,0.0,time,0.0,0.0,0.0,0.0,0.0
1360,0.01,4,0.0,0.1,0.1,0.25,0.25,0.0,0.0,0.0,0.0,0.0,0.0,0.0,0.0,0.0,time,0.0,0.0,0.0,0.0,0.0
1361,0.01,4,0.0,0.1,0.1,0.25,0.5,0.0,0.0,0.0,0.0,0.0,0.0,0.0,0.0,0.0,time,0.0,0.0,0.0,0.0,0.0
1362,0.01,4,0.0,0.1,0.1,0.25,0.75,0.0,0.0,0.0,0.0,0.0,0.0,0.0,0.0,0.0,time,0.0,0.0,0.0,0.0,0.0
1363,0.01,4,0.0,0.1,0.1,0.25,1.0,0.0,0.0,0.0,0.0,0.0,0.0,0.0,0.0,0.0,time,0.0,0.0,0.0,0.0,0.0
1364,0.01,4,0.0,0.1,0.1,0.5,0.25,0.0,0.0,0.0,0.0,0.0,0.0,0.0,0.0,0.0,time,0.0,0.0,0.0,0.0,0.0
1365,0.01,4,0.0,0.1,0.1,0.5,0.5,0.0,0.0,0.0,0.0,0.0,0.0,0.0,0.0,0.0,time,0.0,0.0,0.0,0.0,0.0
1366,0.01,4,0.0,0.1,0.1,0.5,0.75,0.0,0.0,0.0,0.0,0.0,0.0,0.0,0.0,0.0,time,0.0,0.0,0.0,0.0,0.0
1367,0.01,4,0.0,0.1,0.1,0.5,1.0,0.0,0.0,0.0,0.0,0.0,0.0,0.0,0.0,0.0,time,0.0,0.0,0.0,0.0,0.0
1368,0.01,4,0.0,0.1,0.1,0.75,0.25,0.0,0.0,0.0,0.0,0.0,0.0,0.0,0.0,0.0,time,0.0,0.0,0.0,0.0,0.0
1369,0.01,4,0.0,0.1,0.1,0.75,0.5,0.0,0.0,0.0,0.0,0.0,0.0,0.0,0.0,0.0,time,0.0,0.0,0.0,0.0,0.0
1370,0.01,4,0.0,0.1,0.1,0.75,0.75,0.0,0.0,0.0,0.0,0.0,0.0,0.0,0.0,0.0,time,0.0,0.0,0.0,0.0,0.0
1371,0.01,4,0.0,0.1,0.1,0.75,1.0,0.0,0.0,0.0,0.0,0.0,0.0,0.0,0.0,0.0,time,0.0,0.0,0.0,0.0,0.0
1372,0.01,4,0.0,0.1,0.1,1.0,0.25,0.0,0.0,0.0,0.0,0.0,0.0,0.0,0.0,0.0,time,0.0,0.0,0.0,0.0,0.0
1373,0.01,4,0.0,0.1,0.1,1.0,0.5,0.0,0.0,0.0,0.0,0.0,0.0,0.0,0.0,0.0,time,0.0,0.0,0.0,0.0,0.0
1374,0.01,4,0.0,0.1,0.1,1.0,0.75,0.0,0.0,0.0,0.0,0.0,0.0,0.0,0.0,0.0,time,0.0,0.0,0.0,0.0,0.0
1375,0.01,4,0.0,0.1,0.1,1.0,1.0,0.0,0.0,0.0,0.0,0.0,0.0,0.0,0.0,0.0,time,0.0,0.0,0.0,0.0,0.0
1376,0.01,4,0.0,0.1,1.0,0.25,0.25,0.0,0.0,0.0,0.0,0.0,0.0,0.0,0.0,0.0,time,0.0,0.0,0.0,0.0,0.0
1377,0.01,4,0.0,0.1,1.0,0.25,0.5,0.0,0.0,0.0,0.0,0.0,0.0,0.0,0.0,0.0,time,0.0,0.0,0.0,0.0,0.0
1378,0.01,4,0.0,0.1,1.0,0.25,0.75,0.0,0.0,0.0,0.0,0.0,0.0,0.0,0.0,0.0,time,0.0,0.0,0.0,0.0,0.0
1379,0.01,4,0.0,0.1,1.0,0.25,1.0,0.0,0.0,0.0,0.0,0.0,0.0,0.0,0.0,0.0,time,0.0,0.0,0.0,0.0,0.0
1380,0.01,4,0.0,0.1,1.0,0.5,0.25,0.0,0.0,0.0,0.0,0.0,0.0,0.0,0.0,0.0,time,0.0,0.0,0.0,0.0,0.0
1381,0.01,4,0.0,0.1,1.0,0.5,0.5,0.0,0.0,0.0,0.0,0.0,0.0,0.0,0.0,0.0,time,0.0,0.0,0.0,0.0,0.0
1382,0.01,4,0.0,0.1,1.0,0.5,0.75,0.0,0.0,0.0,0.0,0.0,0.0,0.0,0.0,0.0,time,0.0,0.0,0.0,0.0,0.0
1383,0.01,4,0.0,0.1,1.0,0.5,1.0,0.0,0.0,0.0,0.0,0.0,0.0,0.0,0.0,0.0,time,0.0,0.0,0.0,0.0,0.0
1384,0.01,4,0.0,0.1,1.0,0.75,0.25,0.0,0.0,0.0,0.0,0.0,0.0,0.0,0.0,0.0,time,0.0,0.0,0.0,0.0,0.0
1385,0.01,4,0.0,0.1,1.0,0.75,0.5,0.0,0.0,0.0,0.0,0.0,0.0,0.0,0.0,0.0,time,0.0,0.0,0.0,0.0,0.0
1386,0.01,4,0.0,0.1,1.0,0.75,0.75,0.0,0.0,0.0,0.0,0.0,0.0,0.0,0.0,0.0,time,0.0,0.0,0.0,0.0,0.0
1387,0.01,4,0.0,0.1,1.0,0.75,1.0,0.0,0.0,0.0,0.0,0.0,0.0,0.0,0.0,0.0,time,0.0,0.0,0.0,0.0,0.0
1388,0.01,4,0.0,0.1,1.0,1.0,0.25,0.0,0.0,0.0,0.0,0.0,0.0,0.0,0.0,0.0,time,0.0,0.0,0.0,0.0,0.0
1389,0.01,4,0.0,0.1,1.0,1.0,0.5,0.0,0.0,0.0,0.0,0.0,0.0,0.0,0.0,0.0,time,0.0,0.0,0.0,0.0,0.0
1390,0.01,4,0.0,0.1,1.0,1.0,0.75,0.0,0.0,0.0,0.0,0.0,0.0,0.0,0.0,0.0,time,0.0,0.0,0.0,0.0,0.0
1391,0.01,4,0.0,0.1,1.0,1.0,1.0,0.0,0.0,0.0,0.0,0.0,0.0,0.0,0.0,0.0,time,0.0,0.0,0.0,0.0,0.0
1392,0.01,4,0.0,1.0,0.0,0.25,0.25,0.0,0.0,0.0,0.0,0.0,0.0,0.0,0.0,0.0,time,0.0,0.0,0.0,0.0,0.0
1393,0.01,4,0.0,1.0,0.0,0.25,0.5,0.0,0.0,0.0,0.0,0.0,0.0,0.0,0.0,0.0,time,0.0,0.0,0.0,0.0,0.0
1394,0.01,4,0.0,1.0,0.0,0.25,0.75,0.0,0.0,0.0,0.0,0.0,0.0,0.0,0.0,0.0,time,0.0,0.0,0.0,0.0,0.0
1395,0.01,4,0.0,1.0,0.0,0.25,1.0,0.0,0.0,0.0,0.0,0.0,0.0,0.0,0.0,0.0,time,0.0,0.0,0.0,0.0,0.0
1396,0.01,4,0.0,1.0,0.0,0.5,0.25,0.0,0.0,0.0,0.0,0.0,0.0,0.0,0.0,0.0,time,0.0,0.0,0.0,0.0,0.0
1397,0.01,4,0.0,1.0,0.0,0.5,0.5,0.0,0.0,0.0,0.0,0.0,0.0,0.0,0.0,0.0,time,0.0,0.0,0.0,0.0,0.0
1398,0.01,4,0.0,1.0,0.0,0.5,0.75,0.0,0.0,0.0,0.0,0.0,0.0,0.0,0.0,0.0,time,0.0,0.0,0.0,0.0,0.0
1399,0.01,4,0.0,1.0,0.0,0.5,1.0,0.0,0.0,0.0,0.0,0.0,0.0,0.0,0.0,0.0,time,0.0,0.0,0.0,0.0,0.0
1400,0.01,4,0.0,1.0,0.0,0.75,0.25,0.0,0.0,0.0,0.0,0.0,0.0,0.0,0.0,0.0,time,0.0,0.0,0.0,0.0,0.0
1401,0.01,4,0.0,1.0,0.0,0.75,0.5,0.0,0.0,0.0,0.0,0.0,0.0,0.0,0.0,0.0,time,0.0,0.0,0.0,0.0,0.0
1402,0.01,4,0.0,1.0,0.0,0.75,0.75,0.0,0.0,0.0,0.0,0.0,0.0,0.0,0.0,0.0,time,0.0,0.0,0.0,0.0,0.0
1403,0.01,4,0.0,1.0,0.0,0.75,1.0,0.0,0.0,0.0,0.0,0.0,0.0,0.0,0.0,0.0,time,0.0,0.0,0.0,0.0,0.0
1404,0.01,4,0.0,1.0,0.0,1.0,0.25,0.0,0.0,0.0,0.0,0.0,0.0,0.0,0.0,0.0,time,0.0,0.0,0.0,0.0,0.0
1405,0.01,4,0.0,1.0,0.0,1.0,0.5,0.0,0.0,0.0,0.0,0.0,0.0,0.0,0.0,0.0,time,0.0,0.0,0.0,0.0,0.0
1406,0.01,4,0.0,1.0,0.0,1.0,0.75,0.0,0.0,0.0,0.0,0.0,0.0,0.0,0.0,0.0,time,0.0,0.0,0.0,0.0,0.0
1407,0.01,4,0.0,1.0,0.0,1.0,1.0,0.0,0.0,0.0,0.0,0.0,0.0,0.0,0.0,0.0,time,0.0,0.0,0.0,0.0,0.0
1408,0.01,4,0.0,1.0,0.1,0.25,0.25,0.0,0.0,0.0,0.0,0.0,0.0,0.0,0.0,0.0,time,0.0,0.0,0.0,0.0,0.0
1409,0.01,4,0.0,1.0,0.1,0.25,0.5,0.0,0.0,0.0,0.0,0.0,0.0,0.0,0.0,0.0,time,0.0,0.0,0.0,0.0,0.0
1410,0.01,4,0.0,1.0,0.1,0.25,0.75,0.0,0.0,0.0,0.0,0.0,0.0,0.0,0.0,0.0,time,0.0,0.0,0.0,0.0,0.0
1411,0.01,4,0.0,1.0,0.1,0.25,1.0,0.0,0.0,0.0,0.0,0.0,0.0,0.0,0.0,0.0,time,0.0,0.0,0.0,0.0,0.0
1412,0.01,4,0.0,1.0,0.1,0.5,0.25,0.0,0.0,0.0,0.0,0.0,0.0,0.0,0.0,0.0,time,0.0,0.0,0.0,0.0,0.0
1413,0.01,4,0.0,1.0,0.1,0.5,0.5,0.0,0.0,0.0,0.0,0.0,0.0,0.0,0.0,0.0,time,0.0,0.0,0.0,0.0,0.0
1414,0.01,4,0.0,1.0,0.1,0.5,0.75,0.0,0.0,0.0,0.0,0.0,0.0,0.0,0.0,0.0,time,0.0,0.0,0.0,0.0,0.0
1415,0.01,4,0.0,1.0,0.1,0.5,1.0,0.0,0.0,0.0,0.0,0.0,0.0,0.0,0.0,0.0,time,0.0,0.0,0.0,0.0,0.0
1416,0.01,4,0.0,1.0,0.1,0.75,0.25,0.0,0.0,0.0,0.0,0.0,0.0,0.0,0.0,0.0,time,0.0,0.0,0.0,0.0,0.0
1417,0.01,4,0.0,1.0,0.1,0.75,0.5,0.0,0.0,0.0,0.0,0.0,0.0,0.0,0.0,0.0,time,0.0,0.0,0.0,0.0,0.0
1418,0.01,4,0.0,1.0,0.1,0.75,0.75,0.0,0.0,0.0,0.0,0.0,0.0,0.0,0.0,0.0,time,0.0,0.0,0.0,0.0,0.0
1419,0.01,4,0.0,1.0,0.1,0.75,1.0,0.0,0.0,0.0,0.0,0.0,0.0,0.0,0.0,0.0,time,0.0,0.0,0.0,0.0,0.0
1420,0.01,4,0.0,1.0,0.1,1.0,0.25,0.0,0.0,0.0,0.0,0.0,0.0,0.0,0.0,0.0,time,0.0,0.0,0.0,0.0,0.0
1421,0.01,4,0.0,1.0,0.1,1.0,0.5,0.0,0.0,0.0,0.0,0.0,0.0,0.0,0.0,0.0,time,0.0,0.0,0.0,0.0,0.0
1422,0.01,4,0.0,1.0,0.1,1.0,0.75,0.0,0.0,0.0,0.0,0.0,0.0,0.0,0.0,0.0,time,0.0,0.0,0.0,0.0,0.0
1423,0.01,4,0.0,1.0,0.1,1.0,1.0,0.0,0.0,0.0,0.0,0.0,0.0,0.0,0.0,0.0,time,0.0,0.0,0.0,0.0,0.0
1424,0.01,4,0.0,1.0,1.0,0.25,0.25,0.0,0.0,0.0,0.0,0.0,0.0,0.0,0.0,0.0,time,0.0,0.0,0.0,0.0,0.0
1425,0.01,4,0.0,1.0,1.0,0.25,0.5,0.0,0.0,0.0,0.0,0.0,0.0,0.0,0.0,0.0,time,0.0,0.0,0.0,0.0,0.0
1426,0.01,4,0.0,1.0,1.0,0.25,0.75,0.0,0.0,0.0,0.0,0.0,0.0,0.0,0.0,0.0,time,0.0,0.0,0.0,0.0,0.0
1427,0.01,4,0.0,1.0,1.0,0.25,1.0,0.0,0.0,0.0,0.0,0.0,0.0,0.0,0.0,0.0,time,0.0,0.0,0.0,0.0,0.0
1428,0.01,4,0.0,1.0,1.0,0.5,0.25,0.0,0.0,0.0,0.0,0.0,0.0,0.0,0.0,0.0,time,0.0,0.0,0.0,0.0,0.0
1429,0.01,4,0.0,1.0,1.0,0.5,0.5,0.0,0.0,0.0,0.0,0.0,0.0,0.0,0.0,0.0,time,0.0,0.0,0.0,0.0,0.0
1430,0.01,4,0.0,1.0,1.0,0.5,0.75,0.0,0.0,0.0,0.0,0.0,0.0,0.0,0.0,0.0,time,0.0,0.0,0.0,0.0,0.0
1431,0.01,4,0.0,1.0,1.0,0.5,1.0,0.0,0.0,0.0,0.0,0.0,0.0,0.0,0.0,0.0,time,0.0,0.0,0.0,0.0,0.0
1432,0.01,4,0.0,1.0,1.0,0.75,0.25,0.0,0.0,0.0,0.0,0.0,0.0,0.0,0.0,0.0,time,0.0,0.0,0.0,0.0,0.0
1433,0.01,4,0.0,1.0,1.0,0.75,0.5,0.0,0.0,0.0,0.0,0.0,0.0,0.0,0.0,0.0,time,0.0,0.0,0.0,0.0,0.0
1434,0.01,4,0.0,1.0,1.0,0.75,0.75,0.0,0.0,0.0,0.0,0.0,0.0,0.0,0.0,0.0,time,0.0,0.0,0.0,0.0,0.0
1435,0.01,4,0.0,1.0,1.0,0.75,1.0,0.0,0.0,0.0,0.0,0.0,0.0,0.0,0.0,0.0,time,0.0,0.0,0.0,0.0,0.0
1436,0.01,4,0.0,1.0,1.0,1.0,0.25,0.0,0.0,0.0,0.0,0.0,0.0,0.0,0.0,0.0,time,0.0,0.0,0.0,0.0,0.0
1437,0.01,4,0.0,1.0,1.0,1.0,0.5,0.0,0.0,0.0,0.0,0.0,0.0,0.0,0.0,0.0,time,0.0,0.0,0.0,0.0,0.0
1438,0.01,4,0.0,1.0,1.0,1.0,0.75,0.0,0.0,0.0,0.0,0.0,0.0,0.0,0.0,0.0,time,0.0,0.0,0.0,0.0,0.0
1439,0.01,4,0.0,1.0,1.0,1.0,1.0,0.0,0.0,0.0,0.0,0.0,0.0,0.0,0.0,0.0,time,0.0,0.0,0.0,0.0,0.0
1440,0.01,4,0.1,0.0,0.0,0.25,0.25,0.0,0.0,0.0,0.0,0.0,0.0,0.0,0.0,0.0,time,0.0,0.0,0.0,0.0,0.0
1441,0.01,4,0.1,0.0,0.0,0.25,0.5,0.0,0.0,0.0,0.0,0.0,0.0,0.0,0.0,0.0,time,0.0,0.0,0.0,0.0,0.0
1442,0.01,4,0.1,0.0,0.0,0.25,0.75,0.0,0.0,0.0,0.0,0.0,0.0,0.0,0.0,0.0,time,0.0,0.0,0.0,0.0,0.0
1443,0.01,4,0.1,0.0,0.0,0.25,1.0,0.0,0.0,0.0,0.0,0.0,0.0,0.0,0.0,0.0,time,0.0,0.0,0.0,0.0,0.0
1444,0.01,4,0.1,0.0,0.0,0.5,0.25,0.0,0.0,0.0,0.0,0.0,0.0,0.0,0.0,0.0,time,0.0,0.0,0.0,0.0,0.0
1445,0.01,4,0.1,0.0,0.0,0.5,0.5,0.0,0.0,0.0,0.0,0.0,0.0,0.0,0.0,0.0,time,0.0,0.0,0.0,0.0,0.0
1446,0.01,4,0.1,0.0,0.0,0.5,0.75,0.0,0.0,0.0,0.0,0.0,0.0,0.0,0.0,0.0,time,0.0,0.0,0.0,0.0,0.0
1447,0.01,4,0.1,0.0,0.0,0.5,1.0,0.0,0.0,0.0,0.0,0.0,0.0,0.0,0.0,0.0,time,0.0,0.0,0.0,0.0,0.0
1448,0.01,4,0.1,0.0,0.0,0.75,0.25,0.0,0.0,0.0,0.0,0.0,0.0,0.0,0.0,0.0,time,0.0,0.0,0.0,0.0,0.0
1449,0.01,4,0.1,0.0,0.0,0.75,0.5,0.0,0.0,0.0,0.0,0.0,0.0,0.0,0.0,0.0,time,0.0,0.0,0.0,0.0,0.0
1450,0.01,4,0.1,0.0,0.0,0.75,0.75,0.0,0.0,0.0,0.0,0.0,0.0,0.0,0.0,0.0,time,0.0,0.0,0.0,0.0,0.0
1451,0.01,4,0.1,0.0,0.0,0.75,1.0,0.0,0.0,0.0,0.0,0.0,0.0,0.0,0.0,0.0,time,0.0,0.0,0.0,0.0,0.0
1452,0.01,4,0.1,0.0,0.0,1.0,0.25,0.0,0.0,0.0,0.0,0.0,0.0,0.0,0.0,0.0,time,0.0,0.0,0.0,0.0,0.0
1453,0.01,4,0.1,0.0,0.0,1.0,0.5,0.0,0.0,0.0,0.0,0.0,0.0,0.0,0.0,0.0,time,0.0,0.0,0.0,0.0,0.0
1454,0.01,4,0.1,0.0,0.0,1.0,0.75,0.0,0.0,0.0,0.0,0.0,0.0,0.0,0.0,0.0,time,0.0,0.0,0.0,0.0,0.0
1455,0.01,4,0.1,0.0,0.0,1.0,1.0,0.0,0.0,0.0,0.0,0.0,0.0,0.0,0.0,0.0,time,0.0,0.0,0.0,0.0,0.0
1456,0.01,4,0.1,0.0,0.1,0.25,0.25,0.0,0.0,0.0,0.0,0.0,0.0,0.0,0.0,0.0,time,0.0,0.0,0.0,0.0,0.0
1457,0.01,4,0.1,0.0,0.1,0.25,0.5,0.0,0.0,0.0,0.0,0.0,0.0,0.0,0.0,0.0,time,0.0,0.0,0.0,0.0,0.0
1458,0.01,4,0.1,0.0,0.1,0.25,0.75,0.0,0.0,0.0,0.0,0.0,0.0,0.0,0.0,0.0,time,0.0,0.0,0.0,0.0,0.0
1459,0.01,4,0.1,0.0,0.1,0.25,1.0,0.0,0.0,0.0,0.0,0.0,0.0,0.0,0.0,0.0,time,0.0,0.0,0.0,0.0,0.0
1460,0.01,4,0.1,0.0,0.1,0.5,0.25,0.0,0.0,0.0,0.0,0.0,0.0,0.0,0.0,0.0,time,0.0,0.0,0.0,0.0,0.0
1461,0.01,4,0.1,0.0,0.1,0.5,0.5,0.0,0.0,0.0,0.0,0.0,0.0,0.0,0.0,0.0,time,0.0,0.0,0.0,0.0,0.0
1462,0.01,4,0.1,0.0,0.1,0.5,0.75,0.0,0.0,0.0,0.0,0.0,0.0,0.0,0.0,0.0,time,0.0,0.0,0.0,0.0,0.0
1463,0.01,4,0.1,0.0,0.1,0.5,1.0,0.0,0.0,0.0,0.0,0.0,0.0,0.0,0.0,0.0,time,0.0,0.0,0.0,0.0,0.0
1464,0.01,4,0.1,0.0,0.1,0.75,0.25,0.0,0.0,0.0,0.0,0.0,0.0,0.0,0.0,0.0,time,0.0,0.0,0.0,0.0,0.0
1465,0.01,4,0.1,0.0,0.1,0.75,0.5,0.0,0.0,0.0,0.0,0.0,0.0,0.0,0.0,0.0,time,0.0,0.0,0.0,0.0,0.0
1466,0.01,4,0.1,0.0,0.1,0.75,0.75,0.0,0.0,0.0,0.0,0.0,0.0,0.0,0.0,0.0,time,0.0,0.0,0.0,0.0,0.0
1467,0.01,4,0.1,0.0,0.1,0.75,1.0,0.0,0.0,0.0,0.0,0.0,0.0,0.0,0.0,0.0,time,0.0,0.0,0.0,0.0,0.0
1468,0.01,4,0.1,0.0,0.1,1.0,0.25,0.0,0.0,0.0,0.0,0.0,0.0,0.0,0.0,0.0,time,0.0,0.0,0.0,0.0,0.0
1469,0.01,4,0.1,0.0,0.1,1.0,0.5,0.0,0.0,0.0,0.0,0.0,0.0,0.0,0.0,0.0,time,0.0,0.0,0.0,0.0,0.0
1470,0.01,4,0.1,0.0,0.1,1.0,0.75,0.0,0.0,0.0,0.0,0.0,0.0,0.0,0.0,0.0,time,0.0,0.0,0.0,0.0,0.0
1471,0.01,4,0.1,0.0,0.1,1.0,1.0,0.0,0.0,0.0,0.0,0.0,0.0,0.0,0.0,0.0,time,0.0,0.0,0.0,0.0,0.0
1472,0.01,4,0.1,0.0,1.0,0.25,0.25,0.0,0.0,0.0,0.0,0.0,0.0,0.0,0.0,0.0,time,0.0,0.0,0.0,0.0,0.0
1473,0.01,4,0.1,0.0,1.0,0.25,0.5,0.0,0.0,0.0,0.0,0.0,0.0,0.0,0.0,0.0,time,0.0,0.0,0.0,0.0,0.0
1474,0.01,4,0.1,0.0,1.0,0.25,0.75,0.0,0.0,0.0,0.0,0.0,0.0,0.0,0.0,0.0,time,0.0,0.0,0.0,0.0,0.0
1475,0.01,4,0.1,0.0,1.0,0.25,1.0,0.0,0.0,0.0,0.0,0.0,0.0,0.0,0.0,0.0,time,0.0,0.0,0.0,0.0,0.0
1476,0.01,4,0.1,0.0,1.0,0.5,0.25,0.0,0.0,0.0,0.0,0.0,0.0,0.0,0.0,0.0,time,0.0,0.0,0.0,0.0,0.0
1477,0.01,4,0.1,0.0,1.0,0.5,0.5,0.0,0.0,0.0,0.0,0.0,0.0,0.0,0.0,0.0,time,0.0,0.0,0.0,0.0,0.0
1478,0.01,4,0.1,0.0,1.0,0.5,0.75,0.0,0.0,0.0,0.0,0.0,0.0,0.0,0.0,0.0,time,0.0,0.0,0.0,0.0,0.0
1479,0.01,4,0.1,0.0,1.0,0.5,1.0,0.0,0.0,0.0,0.0,0.0,0.0,0.0,0.0,0.0,time,0.0,0.0,0.0,0.0,0.0
1480,0.01,4,0.1,0.0,1.0,0.75,0.25,0.0,0.0,0.0,0.0,0.0,0.0,0.0,0.0,0.0,time,0.0,0.0,0.0,0.0,0.0
1481,0.01,4,0.1,0.0,1.0,0.75,0.5,0.0,0.0,0.0,0.0,0.0,0.0,0.0,0.0,0.0,time,0.0,0.0,0.0,0.0,0.0
1482,0.01,4,0.1,0.0,1.0,0.75,0.75,0.0,0.0,0.0,0.0,0.0,0.0,0.0,0.0,0.0,time,0.0,0.0,0.0,0.0,0.0
1483,0.01,4,0.1,0.0,1.0,0.75,1.0,0.0,0.0,0.0,0.0,0.0,0.0,0.0,0.0,0.0,time,0.0,0.0,0.0,0.0,0.0
1484,0.01,4,0.1,0.0,1.0,1.0,0.25,0.0,0.0,0.0,0.0,0.0,0.0,0.0,0.0,0.0,time,0.0,0.0,0.0,0.0,0.0
1485,0.01,4,0.1,0.0,1.0,1.0,0.5,0.0,0.0,0.0,0.0,0.0,0.0,0.0,0.0,0.0,time,0.0,0.0,0.0,0.0,0.0
1486,0.01,4,0.1,0.0,1.0,1.0,0.75,0.0,0.0,0.0,0.0,0.0,0.0,0.0,0.0,0.0,time,0.0,0.0,0.0,0.0,0.0
1487,0.01,4,0.1,0.0,1.0,1.0,1.0,0.0,0.0,0.0,0.0,0.0,0.0,0.0,0.0,0.0,time,0.0,0.0,0.0,0.0,0.0
1488,0.01,4,0.1,0.1,0.0,0.25,0.25,0.0,0.0,0.0,0.0,0.0,0.0,0.0,0.0,0.0,time,0.0,0.0,0.0,0.0,0.0
1489,0.01,4,0.1,0.1,0.0,0.25,0.5,0.0,0.0,0.0,0.0,0.0,0.0,0.0,0.0,0.0,time,0.0,0.0,0.0,0.0,0.0
1490,0.01,4,0.1,0.1,0.0,0.25,0.75,0.0,0.0,0.0,0.0,0.0,0.0,0.0,0.0,0.0,time,0.0,0.0,0.0,0.0,0.0
1491,0.01,4,0.1,0.1,0.0,0.25,1.0,0.0,0.0,0.0,0.0,0.0,0.0,0.0,0.0,0.0,time,0.0,0.0,0.0,0.0,0.0
1492,0.01,4,0.1,0.1,0.0,0.5,0.25,0.0,0.0,0.0,0.0,0.0,0.0,0.0,0.0,0.0,time,0.0,0.0,0.0,0.0,0.0
1493,0.01,4,0.1,0.1,0.0,0.5,0.5,0.0,0.0,0.0,0.0,0.0,0.0,0.0,0.0,0.0,time,0.0,0.0,0.0,0.0,0.0
1494,0.01,4,0.1,0.1,0.0,0.5,0.75,0.0,0.0,0.0,0.0,0.0,0.0,0.0,0.0,0.0,time,0.0,0.0,0.0,0.0,0.0
1495,0.01,4,0.1,0.1,0.0,0.5,1.0,0.0,0.0,0.0,0.0,0.0,0.0,0.0,0.0,0.0,time,0.0,0.0,0.0,0.0,0.0
1496,0.01,4,0.1,0.1,0.0,0.75,0.25,0.0,0.0,0.0,0.0,0.0,0.0,0.0,0.0,0.0,time,0.0,0.0,0.0,0.0,0.0
1497,0.01,4,0.1,0.1,0.0,0.75,0.5,0.0,0.0,0.0,0.0,0.0,0.0,0.0,0.0,0.0,time,0.0,0.0,0.0,0.0,0.0
1498,0.01,4,0.1,0.1,0.0,0.75,0.75,0.0,0.0,0.0,0.0,0.0,0.0,0.0,0.0,0.0,time,0.0,0.0,0.0,0.0,0.0
1499,0.01,4,0.1,0.1,0.0,0.75,1.0,0.0,0.0,0.0,0.0,0.0,0.0,0.0,0.0,0.0,time,0.0,0.0,0.0,0.0,0.0
1500,0.01,4,0.1,0.1,0.0,1.0,0.25,0.0,0.0,0.0,0.0,0.0,0.0,0.0,0.0,0.0,time,0.0,0.0,0.0,0.0,0.0
1501,0.01,4,0.1,0.1,0.0,1.0,0.5,0.0,0.0,0.0,0.0,0.0,0.0,0.0,0.0,0.0,time,0.0,0.0,0.0,0.0,0.0
1502,0.01,4,0.1,0.1,0.0,1.0,0.75,0.0,0.0,0.0,0.0,0.0,0.0,0.0,0.0,0.0,time,0.0,0.0,0.0,0.0,0.0
1503,0.01,4,0.1,0.1,0.0,1.0,1.0,0.0,0.0,0.0,0.0,0.0,0.0,0.0,0.0,0.0,time,0.0,0.0,0.0,0.0,0.0
1504,0.01,4,0.1,0.1,0.1,0.25,0.25,0.0,0.0,0.0,0.0,0.0,0.0,0.0,0.0,0.0,time,0.0,0.0,0.0,0.0,0.0
1505,0.01,4,0.1,0.1,0.1,0.25,0.5,0.0,0.0,0.0,0.0,0.0,0.0,0.0,0.0,0.0,time,0.0,0.0,0.0,0.0,0.0
1506,0.01,4,0.1,0.1,0.1,0.25,0.75,0.0,0.0,0.0,0.0,0.0,0.0,0.0,0.0,0.0,time,0.0,0.0,0.0,0.0,0.0
1507,0.01,4,0.1,0.1,0.1,0.25,1.0,0.0,0.0,0.0,0.0,0.0,0.0,0.0,0.0,0.0,time,0.0,0.0,0.0,0.0,0.0
1508,0.01,4,0.1,0.1,0.1,0.5,0.25,0.0,0.0,0.0,0.0,0.0,0.0,0.0,0.0,0.0,time,0.0,0.0,0.0,0.0,0.0
1509,0.01,4,0.1,0.1,0.1,0.5,0.5,0.0,0.0,0.0,0.0,0.0,0.0,0.0,0.0,0.0,time,0.0,0.0,0.0,0.0,0.0
1510,0.01,4,0.1,0.1,0.1,0.5,0.75,0.0,0.0,0.0,0.0,0.0,0.0,0.0,0.0,0.0,time,0.0,0.0,0.0,0.0,0.0
1511,0.01,4,0.1,0.1,0.1,0.5,1.0,0.0,0.0,0.0,0.0,0.0,0.0,0.0,0.0,0.0,time,0.0,0.0,0.0,0.0,0.0
1512,0.01,4,0.1,0.1,0.1,0.75,0.25,0.0,0.0,0.0,0.0,0.0,0.0,0.0,0.0,0.0,time,0.0,0.0,0.0,0.0,0.0
1513,0.01,4,0.1,0.1,0.1,0.75,0.5,0.0,0.0,0.0,0.0,0.0,0.0,0.0,0.0,0.0,time,0.0,0.0,0.0,0.0,0.0
1514,0.01,4,0.1,0.1,0.1,0.75,0.75,0.0,0.0,0.0,0.0,0.0,0.0,0.0,0.0,0.0,time,0.0,0.0,0.0,0.0,0.0
1515,0.01,4,0.1,0.1,0.1,0.75,1.0,0.0,0.0,0.0,0.0,0.0,0.0,0.0,0.0,0.0,time,0.0,0.0,0.0,0.0,0.0
1516,0.01,4,0.1,0.1,0.1,1.0,0.25,0.0,0.0,0.0,0.0,0.0,0.0,0.0,0.0,0.0,time,0.0,0.0,0.0,0.0,0.0
1517,0.01,4,0.1,0.1,0.1,1.0,0.5,0.0,0.0,0.0,0.0,0.0,0.0,0.0,0.0,0.0,time,0.0,0.0,0.0,0.0,0.0
1518,0.01,4,0.1,0.1,0.1,1.0,0.75,0.0,0.0,0.0,0.0,0.0,0.0,0.0,0.0,0.0,time,0.0,0.0,0.0,0.0,0.0
1519,0.01,4,0.1,0.1,0.1,1.0,1.0,0.0,0.0,0.0,0.0,0.0,0.0,0.0,0.0,0.0,time,0.0,0.0,0.0,0.0,0.0
1520,0.01,4,0.1,0.1,1.0,0.25,0.25,0.0,0.0,0.0,0.0,0.0,0.0,0.0,0.0,0.0,time,0.0,0.0,0.0,0.0,0.0
1521,0.01,4,0.1,0.1,1.0,0.25,0.5,0.0,0.0,0.0,0.0,0.0,0.0,0.0,0.0,0.0,time,0.0,0.0,0.0,0.0,0.0
1522,0.01,4,0.1,0.1,1.0,0.25,0.75,0.0,0.0,0.0,0.0,0.0,0.0,0.0,0.0,0.0,time,0.0,0.0,0.0,0.0,0.0
1523,0.01,4,0.1,0.1,1.0,0.25,1.0,0.0,0.0,0.0,0.0,0.0,0.0,0.0,0.0,0.0,time,0.0,0.0,0.0,0.0,0.0
1524,0.01,4,0.1,0.1,1.0,0.5,0.25,0.0,0.0,0.0,0.0,0.0,0.0,0.0,0.0,0.0,time,0.0,0.0,0.0,0.0,0.0
1525,0.01,4,0.1,0.1,1.0,0.5,0.5,0.0,0.0,0.0,0.0,0.0,0.0,0.0,0.0,0.0,time,0.0,0.0,0.0,0.0,0.0
1526,0.01,4,0.1,0.1,1.0,0.5,0.75,0.0,0.0,0.0,0.0,0.0,0.0,0.0,0.0,0.0,time,0.0,0.0,0.0,0.0,0.0
1527,0.01,4,0.1,0.1,1.0,0.5,1.0,0.0,0.0,0.0,0.0,0.0,0.0,0.0,0.0,0.0,time,0.0,0.0,0.0,0.0,0.0
1528,0.01,4,0.1,0.1,1.0,0.75,0.25,0.0,0.0,0.0,0.0,0.0,0.0,0.0,0.0,0.0,time,0.0,0.0,0.0,0.0,0.0
1529,0.01,4,0.1,0.1,1.0,0.75,0.5,0.0,0.0,0.0,0.0,0.0,0.0,0.0,0.0,0.0,time,0.0,0.0,0.0,0.0,0.0
1530,0.01,4,0.1,0.1,1.0,0.75,0.75,0.0,0.0,0.0,0.0,0.0,0.0,0.0,0.0,0.0,time,0.0,0.0,0.0,0.0,0.0
1531,0.01,4,0.1,0.1,1.0,0.75,1.0,0.0,0.0,0.0,0.0,0.0,0.0,0.0,0.0,0.0,time,0.0,0.0,0.0,0.0,0.0
1532,0.01,4,0.1,0.1,1.0,1.0,0.25,0.0,0.0,0.0,0.0,0.0,0.0,0.0,0.0,0.0,time,0.0,0.0,0.0,0.0,0.0
1533,0.01,4,0.1,0.1,1.0,1.0,0.5,0.0,0.0,0.0,0.0,0.0,0.0,0.0,0.0,0.0,time,0.0,0.0,0.0,0.0,0.0
1534,0.01,4,0.1,0.1,1.0,1.0,0.75,0.0,0.0,0.0,0.0,0.0,0.0,0.0,0.0,0.0,time,0.0,0.0,0.0,0.0,0.0
1535,0.01,4,0.1,0.1,1.0,1.0,1.0,0.0,0.0,0.0,0.0,0.0,0.0,0.0,0.0,0.0,time,0.0,0.0,0.0,0.0,0.0
1536,0.01,4,0.1,1.0,0.0,0.25,0.25,0.0,0.0,0.0,0.0,0.0,0.0,0.0,0.0,0.0,time,0.0,0.0,0.0,0.0,0.0
1537,0.01,4,0.1,1.0,0.0,0.25,0.5,0.0,0.0,0.0,0.0,0.0,0.0,0.0,0.0,0.0,time,0.0,0.0,0.0,0.0,0.0
1538,0.01,4,0.1,1.0,0.0,0.25,0.75,0.0,0.0,0.0,0.0,0.0,0.0,0.0,0.0,0.0,time,0.0,0.0,0.0,0.0,0.0
1539,0.01,4,0.1,1.0,0.0,0.25,1.0,0.0,0.0,0.0,0.0,0.0,0.0,0.0,0.0,0.0,time,0.0,0.0,0.0,0.0,0.0
1540,0.01,4,0.1,1.0,0.0,0.5,0.25,0.0,0.0,0.0,0.0,0.0,0.0,0.0,0.0,0.0,time,0.0,0.0,0.0,0.0,0.0
1541,0.01,4,0.1,1.0,0.0,0.5,0.5,0.0,0.0,0.0,0.0,0.0,0.0,0.0,0.0,0.0,time,0.0,0.0,0.0,0.0,0.0
1542,0.01,4,0.1,1.0,0.0,0.5,0.75,0.0,0.0,0.0,0.0,0.0,0.0,0.0,0.0,0.0,time,0.0,0.0,0.0,0.0,0.0
1543,0.01,4,0.1,1.0,0.0,0.5,1.0,0.0,0.0,0.0,0.0,0.0,0.0,0.0,0.0,0.0,time,0.0,0.0,0.0,0.0,0.0
1544,0.01,4,0.1,1.0,0.0,0.75,0.25,0.0,0.0,0.0,0.0,0.0,0.0,0.0,0.0,0.0,time,0.0,0.0,0.0,0.0,0.0
1545,0.01,4,0.1,1.0,0.0,0.75,0.5,0.0,0.0,0.0,0.0,0.0,0.0,0.0,0.0,0.0,time,0.0,0.0,0.0,0.0,0.0
1546,0.01,4,0.1,1.0,0.0,0.75,0.75,0.0,0.0,0.0,0.0,0.0,0.0,0.0,0.0,0.0,time,0.0,0.0,0.0,0.0,0.0
1547,0.01,4,0.1,1.0,0.0,0.75,1.0,0.0,0.0,0.0,0.0,0.0,0.0,0.0,0.0,0.0,time,0.0,0.0,0.0,0.0,0.0
1548,0.01,4,0.1,1.0,0.0,1.0,0.25,0.0,0.0,0.0,0.0,0.0,0.0,0.0,0.0,0.0,time,0.0,0.0,0.0,0.0,0.0
1549,0.01,4,0.1,1.0,0.0,1.0,0.5,0.0,0.0,0.0,0.0,0.0,0.0,0.0,0.0,0.0,time,0.0,0.0,0.0,0.0,0.0
1550,0.01,4,0.1,1.0,0.0,1.0,0.75,0.0,0.0,0.0,0.0,0.0,0.0,0.0,0.0,0.0,time,0.0,0.0,0.0,0.0,0.0
1551,0.01,4,0.1,1.0,0.0,1.0,1.0,0.0,0.0,0.0,0.0,0.0,0.0,0.0,0.0,0.0,time,0.0,0.0,0.0,0.0,0.0
1552,0.01,4,0.1,1.0,0.1,0.25,0.25,0.0,0.0,0.0,0.0,0.0,0.0,0.0,0.0,0.0,time,0.0,0.0,0.0,0.0,0.0
1553,0.01,4,0.1,1.0,0.1,0.25,0.5,0.0,0.0,0.0,0.0,0.0,0.0,0.0,0.0,0.0,time,0.0,0.0,0.0,0.0,0.0
1554,0.01,4,0.1,1.0,0.1,0.25,0.75,0.0,0.0,0.0,0.0,0.0,0.0,0.0,0.0,0.0,time,0.0,0.0,0.0,0.0,0.0
1555,0.01,4,0.1,1.0,0.1,0.25,1.0,0.0,0.0,0.0,0.0,0.0,0.0,0.0,0.0,0.0,time,0.0,0.0,0.0,0.0,0.0
1556,0.01,4,0.1,1.0,0.1,0.5,0.25,0.0,0.0,0.0,0.0,0.0,0.0,0.0,0.0,0.0,time,0.0,0.0,0.0,0.0,0.0
1557,0.01,4,0.1,1.0,0.1,0.5,0.5,0.0,0.0,0.0,0.0,0.0,0.0,0.0,0.0,0.0,time,0.0,0.0,0.0,0.0,0.0
1558,0.01,4,0.1,1.0,0.1,0.5,0.75,0.0,0.0,0.0,0.0,0.0,0.0,0.0,0.0,0.0,time,0.0,0.0,0.0,0.0,0.0
1559,0.01,4,0.1,1.0,0.1,0.5,1.0,0.0,0.0,0.0,0.0,0.0,0.0,0.0,0.0,0.0,time,0.0,0.0,0.0,0.0,0.0
1560,0.01,4,0.1,1.0,0.1,0.75,0.25,0.0,0.0,0.0,0.0,0.0,0.0,0.0,0.0,0.0,time,0.0,0.0,0.0,0.0,0.0
1561,0.01,4,0.1,1.0,0.1,0.75,0.5,0.0,0.0,0.0,0.0,0.0,0.0,0.0,0.0,0.0,time,0.0,0.0,0.0,0.0,0.0
1562,0.01,4,0.1,1.0,0.1,0.75,0.75,0.0,0.0,0.0,0.0,0.0,0.0,0.0,0.0,0.0,time,0.0,0.0,0.0,0.0,0.0
1563,0.01,4,0.1,1.0,0.1,0.75,1.0,0.0,0.0,0.0,0.0,0.0,0.0,0.0,0.0,0.0,time,0.0,0.0,0.0,0.0,0.0
1564,0.01,4,0.1,1.0,0.1,1.0,0.25,0.0,0.0,0.0,0.0,0.0,0.0,0.0,0.0,0.0,time,0.0,0.0,0.0,0.0,0.0
1565,0.01,4,0.1,1.0,0.1,1.0,0.5,0.0,0.0,0.0,0.0,0.0,0.0,0.0,0.0,0.0,time,0.0,0.0,0.0,0.0,0.0
1566,0.01,4,0.1,1.0,0.1,1.0,0.75,0.0,0.0,0.0,0.0,0.0,0.0,0.0,0.0,0.0,time,0.0,0.0,0.0,0.0,0.0
1567,0.01,4,0.1,1.0,0.1,1.0,1.0,0.0,0.0,0.0,0.0,0.0,0.0,0.0,0.0,0.0,time,0.0,0.0,0.0,0.0,0.0
1568,0.01,4,0.1,1.0,1.0,0.25,0.25,0.0,0.0,0.0,0.0,0.0,0.0,0.0,0.0,0.0,time,0.0,0.0,0.0,0.0,0.0
1569,0.01,4,0.1,1.0,1.0,0.25,0.5,0.0,0.0,0.0,0.0,0.0,0.0,0.0,0.0,0.0,time,0.0,0.0,0.0,0.0,0.0
1570,0.01,4,0.1,1.0,1.0,0.25,0.75,0.0,0.0,0.0,0.0,0.0,0.0,0.0,0.0,0.0,time,0.0,0.0,0.0,0.0,0.0
1571,0.01,4,0.1,1.0,1.0,0.25,1.0,0.0,0.0,0.0,0.0,0.0,0.0,0.0,0.0,0.0,time,0.0,0.0,0.0,0.0,0.0
1572,0.01,4,0.1,1.0,1.0,0.5,0.25,0.0,0.0,0.0,0.0,0.0,0.0,0.0,0.0,0.0,time,0.0,0.0,0.0,0.0,0.0
1573,0.01,4,0.1,1.0,1.0,0.5,0.5,0.0,0.0,0.0,0.0,0.0,0.0,0.0,0.0,0.0,time,0.0,0.0,0.0,0.0,0.0
1574,0.01,4,0.1,1.0,1.0,0.5,0.75,0.0,0.0,0.0,0.0,0.0,0.0,0.0,0.0,0.0,time,0.0,0.0,0.0,0.0,0.0
1575,0.01,4,0.1,1.0,1.0,0.5,1.0,0.0,0.0,0.0,0.0,0.0,0.0,0.0,0.0,0.0,time,0.0,0.0,0.0,0.0,0.0
1576,0.01,4,0.1,1.0,1.0,0.75,0.25,0.0,0.0,0.0,0.0,0.0,0.0,0.0,0.0,0.0,time,0.0,0.0,0.0,0.0,0.0
1577,0.01,4,0.1,1.0,1.0,0.75,0.5,0.0,0.0,0.0,0.0,0.0,0.0,0.0,0.0,0.0,time,0.0,0.0,0.0,0.0,0.0
1578,0.01,4,0.1,1.0,1.0,0.75,0.75,0.0,0.0,0.0,0.0,0.0,0.0,0.0,0.0,0.0,time,0.0,0.0,0.0,0.0,0.0
1579,0.01,4,0.1,1.0,1.0,0.75,1.0,0.0,0.0,0.0,0.0,0.0,0.0,0.0,0.0,0.0,time,0.0,0.0,0.0,0.0,0.0
1580,0.01,4,0.1,1.0,1.0,1.0,0.25,0.0,0.0,0.0,0.0,0.0,0.0,0.0,0.0,0.0,time,0.0,0.0,0.0,0.0,0.0
1581,0.01,4,0.1,1.0,1.0,1.0,0.5,0.0,0.0,0.0,0.0,0.0,0.0,0.0,0.0,0.0,time,0.0,0.0,0.0,0.0,0.0
1582,0.01,4,0.1,1.0,1.0,1.0,0.75,0.0,0.0,0.0,0.0,0.0,0.0,0.0,0.0,0.0,time,0.0,0.0,0.0,0.0,0.0
1583,0.01,4,0.1,1.0,1.0,1.0,1.0,0.0,0.0,0.0,0.0,0.0,0.0,0.0,0.0,0.0,time,0.0,0.0,0.0,0.0,0.0
1584,0.01,4,1.0,0.0,0.0,0.25,0.25,0.0,0.0,0.0,0.0,0.0,0.0,0.0,0.0,0.0,time,0.0,0.0,0.0,0.0,0.0
1585,0.01,4,1.0,0.0,0.0,0.25,0.5,0.0,0.0,0.0,0.0,0.0,0.0,0.0,0.0,0.0,time,0.0,0.0,0.0,0.0,0.0
1586,0.01,4,1.0,0.0,0.0,0.25,0.75,0.0,0.0,0.0,0.0,0.0,0.0,0.0,0.0,0.0,time,0.0,0.0,0.0,0.0,0.0
1587,0.01,4,1.0,0.0,0.0,0.25,1.0,0.0,0.0,0.0,0.0,0.0,0.0,0.0,0.0,0.0,time,0.0,0.0,0.0,0.0,0.0
1588,0.01,4,1.0,0.0,0.0,0.5,0.25,0.0,0.0,0.0,0.0,0.0,0.0,0.0,0.0,0.0,time,0.0,0.0,0.0,0.0,0.0
1589,0.01,4,1.0,0.0,0.0,0.5,0.5,0.0,0.0,0.0,0.0,0.0,0.0,0.0,0.0,0.0,time,0.0,0.0,0.0,0.0,0.0
1590,0.01,4,1.0,0.0,0.0,0.5,0.75,0.0,0.0,0.0,0.0,0.0,0.0,0.0,0.0,0.0,time,0.0,0.0,0.0,0.0,0.0
1591,0.01,4,1.0,0.0,0.0,0.5,1.0,0.0,0.0,0.0,0.0,0.0,0.0,0.0,0.0,0.0,time,0.0,0.0,0.0,0.0,0.0
1592,0.01,4,1.0,0.0,0.0,0.75,0.25,0.0,0.0,0.0,0.0,0.0,0.0,0.0,0.0,0.0,time,0.0,0.0,0.0,0.0,0.0
1593,0.01,4,1.0,0.0,0.0,0.75,0.5,0.0,0.0,0.0,0.0,0.0,0.0,0.0,0.0,0.0,time,0.0,0.0,0.0,0.0,0.0
1594,0.01,4,1.0,0.0,0.0,0.75,0.75,0.0,0.0,0.0,0.0,0.0,0.0,0.0,0.0,0.0,time,0.0,0.0,0.0,0.0,0.0
1595,0.01,4,1.0,0.0,0.0,0.75,1.0,0.0,0.0,0.0,0.0,0.0,0.0,0.0,0.0,0.0,time,0.0,0.0,0.0,0.0,0.0
1596,0.01,4,1.0,0.0,0.0,1.0,0.25,0.0,0.0,0.0,0.0,0.0,0.0,0.0,0.0,0.0,time,0.0,0.0,0.0,0.0,0.0
1597,0.01,4,1.0,0.0,0.0,1.0,0.5,0.0,0.0,0.0,0.0,0.0,0.0,0.0,0.0,0.0,time,0.0,0.0,0.0,0.0,0.0
1598,0.01,4,1.0,0.0,0.0,1.0,0.75,0.0,0.0,0.0,0.0,0.0,0.0,0.0,0.0,0.0,time,0.0,0.0,0.0,0.0,0.0
1599,0.01,4,1.0,0.0,0.0,1.0,1.0,0.0,0.0,0.0,0.0,0.0,0.0,0.0,0.0,0.0,time,0.0,0.0,0.0,0.0,0.0
1600,0.01,4,1.0,0.0,0.1,0.25,0.25,0.0,0.0,0.0,0.0,0.0,0.0,0.0,0.0,0.0,time,0.0,0.0,0.0,0.0,0.0
1601,0.01,4,1.0,0.0,0.1,0.25,0.5,0.0,0.0,0.0,0.0,0.0,0.0,0.0,0.0,0.0,time,0.0,0.0,0.0,0.0,0.0
1602,0.01,4,1.0,0.0,0.1,0.25,0.75,0.0,0.0,0.0,0.0,0.0,0.0,0.0,0.0,0.0,time,0.0,0.0,0.0,0.0,0.0
1603,0.01,4,1.0,0.0,0.1,0.25,1.0,0.0,0.0,0.0,0.0,0.0,0.0,0.0,0.0,0.0,time,0.0,0.0,0.0,0.0,0.0
1604,0.01,4,1.0,0.0,0.1,0.5,0.25,0.0,0.0,0.0,0.0,0.0,0.0,0.0,0.0,0.0,time,0.0,0.0,0.0,0.0,0.0
1605,0.01,4,1.0,0.0,0.1,0.5,0.5,0.0,0.0,0.0,0.0,0.0,0.0,0.0,0.0,0.0,time,0.0,0.0,0.0,0.0,0.0
1606,0.01,4,1.0,0.0,0.1,0.5,0.75,0.0,0.0,0.0,0.0,0.0,0.0,0.0,0.0,0.0,time,0.0,0.0,0.0,0.0,0.0
1607,0.01,4,1.0,0.0,0.1,0.5,1.0,0.0,0.0,0.0,0.0,0.0,0.0,0.0,0.0,0.0,time,0.0,0.0,0.0,0.0,0.0
1608,0.01,4,1.0,0.0,0.1,0.75,0.25,0.0,0.0,0.0,0.0,0.0,0.0,0.0,0.0,0.0,time,0.0,0.0,0.0,0.0,0.0
1609,0.01,4,1.0,0.0,0.1,0.75,0.5,0.0,0.0,0.0,0.0,0.0,0.0,0.0,0.0,0.0,time,0.0,0.0,0.0,0.0,0.0
1610,0.01,4,1.0,0.0,0.1,0.75,0.75,0.0,0.0,0.0,0.0,0.0,0.0,0.0,0.0,0.0,time,0.0,0.0,0.0,0.0,0.0
1611,0.01,4,1.0,0.0,0.1,0.75,1.0,0.0,0.0,0.0,0.0,0.0,0.0,0.0,0.0,0.0,time,0.0,0.0,0.0,0.0,0.0
1612,0.01,4,1.0,0.0,0.1,1.0,0.25,0.0,0.0,0.0,0.0,0.0,0.0,0.0,0.0,0.0,time,0.0,0.0,0.0,0.0,0.0
1613,0.01,4,1.0,0.0,0.1,1.0,0.5,0.0,0.0,0.0,0.0,0.0,0.0,0.0,0.0,0.0,time,0.0,0.0,0.0,0.0,0.0
1614,0.01,4,1.0,0.0,0.1,1.0,0.75,0.0,0.0,0.0,0.0,0.0,0.0,0.0,0.0,0.0,time,0.0,0.0,0.0,0.0,0.0
1615,0.01,4,1.0,0.0,0.1,1.0,1.0,0.0,0.0,0.0,0.0,0.0,0.0,0.0,0.0,0.0,time,0.0,0.0,0.0,0.0,0.0
1616,0.01,4,1.0,0.0,1.0,0.25,0.25,0.0,0.0,0.0,0.0,0.0,0.0,0.0,0.0,0.0,time,0.0,0.0,0.0,0.0,0.0
1617,0.01,4,1.0,0.0,1.0,0.25,0.5,0.0,0.0,0.0,0.0,0.0,0.0,0.0,0.0,0.0,time,0.0,0.0,0.0,0.0,0.0
1618,0.01,4,1.0,0.0,1.0,0.25,0.75,0.0,0.0,0.0,0.0,0.0,0.0,0.0,0.0,0.0,time,0.0,0.0,0.0,0.0,0.0
1619,0.01,4,1.0,0.0,1.0,0.25,1.0,0.0,0.0,0.0,0.0,0.0,0.0,0.0,0.0,0.0,time,0.0,0.0,0.0,0.0,0.0
1620,0.01,4,1.0,0.0,1.0,0.5,0.25,0.0,0.0,0.0,0.0,0.0,0.0,0.0,0.0,0.0,time,0.0,0.0,0.0,0.0,0.0
1621,0.01,4,1.0,0.0,1.0,0.5,0.5,0.0,0.0,0.0,0.0,0.0,0.0,0.0,0.0,0.0,time,0.0,0.0,0.0,0.0,0.0
1622,0.01,4,1.0,0.0,1.0,0.5,0.75,0.0,0.0,0.0,0.0,0.0,0.0,0.0,0.0,0.0,time,0.0,0.0,0.0,0.0,0.0
1623,0.01,4,1.0,0.0,1.0,0.5,1.0,0.0,0.0,0.0,0.0,0.0,0.0,0.0,0.0,0.0,time,0.0,0.0,0.0,0.0,0.0
1624,0.01,4,1.0,0.0,1.0,0.75,0.25,0.0,0.0,0.0,0.0,0.0,0.0,0.0,0.0,0.0,time,0.0,0.0,0.0,0.0,0.0
1625,0.01,4,1.0,0.0,1.0,0.75,0.5,0.0,0.0,0.0,0.0,0.0,0.0,0.0,0.0,0.0,time,0.0,0.0,0.0,0.0,0.0
1626,0.01,4,1.0,0.0,1.0,0.75,0.75,0.0,0.0,0.0,0.0,0.0,0.0,0.0,0.0,0.0,time,0.0,0.0,0.0,0.0,0.0
1627,0.01,4,1.0,0.0,1.0,0.75,1.0,0.0,0.0,0.0,0.0,0.0,0.0,0.0,0.0,0.0,time,0.0,0.0,0.0,0.0,0.0
1628,0.01,4,1.0,0.0,1.0,1.0,0.25,0.0,0.0,0.0,0.0,0.0,0.0,0.0,0.0,0.0,time,0.0,0.0,0.0,0.0,0.0
1629,0.01,4,1.0,0.0,1.0,1.0,0.5,0.0,0.0,0.0,0.0,0.0,0.0,0.0,0.0,0.0,time,0.0,0.0,0.0,0.0,0.0
1630,0.01,4,1.0,0.0,1.0,1.0,0.75,0.0,0.0,0.0,0.0,0.0,0.0,0.0,0.0,0.0,time,0.0,0.0,0.0,0.0,0.0
1631,0.01,4,1.0,0.0,1.0,1.0,1.0,0.0,0.0,0.0,0.0,0.0,0.0,0.0,0.0,0.0,time,0.0,0.0,0.0,0.0,0.0
1632,0.01,4,1.0,0.1,0.0,0.25,0.25,0.0,0.0,0.0,0.0,0.0,0.0,0.0,0.0,0.0,time,0.0,0.0,0.0,0.0,0.0
1633,0.01,4,1.0,0.1,0.0,0.25,0.5,0.0,0.0,0.0,0.0,0.0,0.0,0.0,0.0,0.0,time,0.0,0.0,0.0,0.0,0.0
1634,0.01,4,1.0,0.1,0.0,0.25,0.75,0.0,0.0,0.0,0.0,0.0,0.0,0.0,0.0,0.0,time,0.0,0.0,0.0,0.0,0.0
1635,0.01,4,1.0,0.1,0.0,0.25,1.0,0.0,0.0,0.0,0.0,0.0,0.0,0.0,0.0,0.0,time,0.0,0.0,0.0,0.0,0.0
1636,0.01,4,1.0,0.1,0.0,0.5,0.25,0.0,0.0,0.0,0.0,0.0,0.0,0.0,0.0,0.0,time,0.0,0.0,0.0,0.0,0.0
1637,0.01,4,1.0,0.1,0.0,0.5,0.5,0.0,0.0,0.0,0.0,0.0,0.0,0.0,0.0,0.0,time,0.0,0.0,0.0,0.0,0.0
1638,0.01,4,1.0,0.1,0.0,0.5,0.75,0.0,0.0,0.0,0.0,0.0,0.0,0.0,0.0,0.0,time,0.0,0.0,0.0,0.0,0.0
1639,0.01,4,1.0,0.1,0.0,0.5,1.0,0.0,0.0,0.0,0.0,0.0,0.0,0.0,0.0,0.0,time,0.0,0.0,0.0,0.0,0.0
1640,0.01,4,1.0,0.1,0.0,0.75,0.25,0.0,0.0,0.0,0.0,0.0,0.0,0.0,0.0,0.0,time,0.0,0.0,0.0,0.0,0.0
1641,0.01,4,1.0,0.1,0.0,0.75,0.5,0.0,0.0,0.0,0.0,0.0,0.0,0.0,0.0,0.0,time,0.0,0.0,0.0,0.0,0.0
1642,0.01,4,1.0,0.1,0.0,0.75,0.75,0.0,0.0,0.0,0.0,0.0,0.0,0.0,0.0,0.0,time,0.0,0.0,0.0,0.0,0.0
1643,0.01,4,1.0,0.1,0.0,0.75,1.0,0.0,0.0,0.0,0.0,0.0,0.0,0.0,0.0,0.0,time,0.0,0.0,0.0,0.0,0.0
1644,0.01,4,1.0,0.1,0.0,1.0,0.25,0.0,0.0,0.0,0.0,0.0,0.0,0.0,0.0,0.0,time,0.0,0.0,0.0,0.0,0.0
1645,0.01,4,1.0,0.1,0.0,1.0,0.5,0.0,0.0,0.0,0.0,0.0,0.0,0.0,0.0,0.0,time,0.0,0.0,0.0,0.0,0.0
1646,0.01,4,1.0,0.1,0.0,1.0,0.75,0.0,0.0,0.0,0.0,0.0,0.0,0.0,0.0,0.0,time,0.0,0.0,0.0,0.0,0.0
1647,0.01,4,1.0,0.1,0.0,1.0,1.0,0.0,0.0,0.0,0.0,0.0,0.0,0.0,0.0,0.0,time,0.0,0.0,0.0,0.0,0.0
1648,0.01,4,1.0,0.1,0.1,0.25,0.25,0.0,0.0,0.0,0.0,0.0,0.0,0.0,0.0,0.0,time,0.0,0.0,0.0,0.0,0.0
1649,0.01,4,1.0,0.1,0.1,0.25,0.5,0.0,0.0,0.0,0.0,0.0,0.0,0.0,0.0,0.0,time,0.0,0.0,0.0,0.0,0.0
1650,0.01,4,1.0,0.1,0.1,0.25,0.75,0.0,0.0,0.0,0.0,0.0,0.0,0.0,0.0,0.0,time,0.0,0.0,0.0,0.0,0.0
1651,0.01,4,1.0,0.1,0.1,0.25,1.0,0.0,0.0,0.0,0.0,0.0,0.0,0.0,0.0,0.0,time,0.0,0.0,0.0,0.0,0.0
1652,0.01,4,1.0,0.1,0.1,0.5,0.25,0.0,0.0,0.0,0.0,0.0,0.0,0.0,0.0,0.0,time,0.0,0.0,0.0,0.0,0.0
1653,0.01,4,1.0,0.1,0.1,0.5,0.5,0.0,0.0,0.0,0.0,0.0,0.0,0.0,0.0,0.0,time,0.0,0.0,0.0,0.0,0.0
1654,0.01,4,1.0,0.1,0.1,0.5,0.75,0.0,0.0,0.0,0.0,0.0,0.0,0.0,0.0,0.0,time,0.0,0.0,0.0,0.0,0.0
1655,0.01,4,1.0,0.1,0.1,0.5,1.0,0.0,0.0,0.0,0.0,0.0,0.0,0.0,0.0,0.0,time,0.0,0.0,0.0,0.0,0.0
1656,0.01,4,1.0,0.1,0.1,0.75,0.25,0.0,0.0,0.0,0.0,0.0,0.0,0.0,0.0,0.0,time,0.0,0.0,0.0,0.0,0.0
1657,0.01,4,1.0,0.1,0.1,0.75,0.5,0.0,0.0,0.0,0.0,0.0,0.0,0.0,0.0,0.0,time,0.0,0.0,0.0,0.0,0.0
1658,0.01,4,1.0,0.1,0.1,0.75,0.75,0.0,0.0,0.0,0.0,0.0,0.0,0.0,0.0,0.0,time,0.0,0.0,0.0,0.0,0.0
1659,0.01,4,1.0,0.1,0.1,0.75,1.0,0.0,0.0,0.0,0.0,0.0,0.0,0.0,0.0,0.0,time,0.0,0.0,0.0,0.0,0.0
1660,0.01,4,1.0,0.1,0.1,1.0,0.25,0.0,0.0,0.0,0.0,0.0,0.0,0.0,0.0,0.0,time,0.0,0.0,0.0,0.0,0.0
1661,0.01,4,1.0,0.1,0.1,1.0,0.5,0.0,0.0,0.0,0.0,0.0,0.0,0.0,0.0,0.0,time,0.0,0.0,0.0,0.0,0.0
1662,0.01,4,1.0,0.1,0.1,1.0,0.75,0.0,0.0,0.0,0.0,0.0,0.0,0.0,0.0,0.0,time,0.0,0.0,0.0,0.0,0.0
1663,0.01,4,1.0,0.1,0.1,1.0,1.0,0.0,0.0,0.0,0.0,0.0,0.0,0.0,0.0,0.0,time,0.0,0.0,0.0,0.0,0.0
1664,0.01,4,1.0,0.1,1.0,0.25,0.25,0.0,0.0,0.0,0.0,0.0,0.0,0.0,0.0,0.0,time,0.0,0.0,0.0,0.0,0.0
1665,0.01,4,1.0,0.1,1.0,0.25,0.5,0.0,0.0,0.0,0.0,0.0,0.0,0.0,0.0,0.0,time,0.0,0.0,0.0,0.0,0.0
1666,0.01,4,1.0,0.1,1.0,0.25,0.75,0.0,0.0,0.0,0.0,0.0,0.0,0.0,0.0,0.0,time,0.0,0.0,0.0,0.0,0.0
1667,0.01,4,1.0,0.1,1.0,0.25,1.0,0.0,0.0,0.0,0.0,0.0,0.0,0.0,0.0,0.0,time,0.0,0.0,0.0,0.0,0.0
1668,0.01,4,1.0,0.1,1.0,0.5,0.25,0.0,0.0,0.0,0.0,0.0,0.0,0.0,0.0,0.0,time,0.0,0.0,0.0,0.0,0.0
1669,0.01,4,1.0,0.1,1.0,0.5,0.5,0.0,0.0,0.0,0.0,0.0,0.0,0.0,0.0,0.0,time,0.0,0.0,0.0,0.0,0.0
1670,0.01,4,1.0,0.1,1.0,0.5,0.75,0.0,0.0,0.0,0.0,0.0,0.0,0.0,0.0,0.0,time,0.0,0.0,0.0,0.0,0.0
1671,0.01,4,1.0,0.1,1.0,0.5,1.0,0.0,0.0,0.0,0.0,0.0,0.0,0.0,0.0,0.0,time,0.0,0.0,0.0,0.0,0.0
1672,0.01,4,1.0,0.1,1.0,0.75,0.25,0.0,0.0,0.0,0.0,0.0,0.0,0.0,0.0,0.0,time,0.0,0.0,0.0,0.0,0.0
1673,0.01,4,1.0,0.1,1.0,0.75,0.5,0.0,0.0,0.0,0.0,0.0,0.0,0.0,0.0,0.0,time,0.0,0.0,0.0,0.0,0.0
1674,0.01,4,1.0,0.1,1.0,0.75,0.75,0.0,0.0,0.0,0.0,0.0,0.0,0.0,0.0,0.0,time,0.0,0.0,0.0,0.0,0.0
1675,0.01,4,1.0,0.1,1.0,0.75,1.0,0.0,0.0,0.0,0.0,0.0,0.0,0.0,0.0,0.0,time,0.0,0.0,0.0,0.0,0.0
1676,0.01,4,1.0,0.1,1.0,1.0,0.25,0.0,0.0,0.0,0.0,0.0,0.0,0.0,0.0,0.0,time,0.0,0.0,0.0,0.0,0.0
1677,0.01,4,1.0,0.1,1.0,1.0,0.5,0.0,0.0,0.0,0.0,0.0,0.0,0.0,0.0,0.0,time,0.0,0.0,0.0,0.0,0.0
1678,0.01,4,1.0,0.1,1.0,1.0,0.75,0.0,0.0,0.0,0.0,0.0,0.0,0.0,0.0,0.0,time,0.0,0.0,0.0,0.0,0.0
1679,0.01,4,1.0,0.1,1.0,1.0,1.0,0.0,0.0,0.0,0.0,0.0,0.0,0.0,0.0,0.0,time,0.0,0.0,0.0,0.0,0.0
1680,0.01,4,1.0,1.0,0.0,0.25,0.25,0.0,0.0,0.0,0.0,0.0,0.0,0.0,0.0,0.0,time,0.0,0.0,0.0,0.0,0.0
1681,0.01,4,1.0,1.0,0.0,0.25,0.5,0.0,0.0,0.0,0.0,0.0,0.0,0.0,0.0,0.0,time,0.0,0.0,0.0,0.0,0.0
1682,0.01,4,1.0,1.0,0.0,0.25,0.75,0.0,0.0,0.0,0.0,0.0,0.0,0.0,0.0,0.0,time,0.0,0.0,0.0,0.0,0.0
1683,0.01,4,1.0,1.0,0.0,0.25,1.0,0.0,0.0,0.0,0.0,0.0,0.0,0.0,0.0,0.0,time,0.0,0.0,0.0,0.0,0.0
1684,0.01,4,1.0,1.0,0.0,0.5,0.25,0.0,0.0,0.0,0.0,0.0,0.0,0.0,0.0,0.0,time,0.0,0.0,0.0,0.0,0.0
1685,0.01,4,1.0,1.0,0.0,0.5,0.5,0.0,0.0,0.0,0.0,0.0,0.0,0.0,0.0,0.0,time,0.0,0.0,0.0,0.0,0.0
1686,0.01,4,1.0,1.0,0.0,0.5,0.75,0.0,0.0,0.0,0.0,0.0,0.0,0.0,0.0,0.0,time,0.0,0.0,0.0,0.0,0.0
1687,0.01,4,1.0,1.0,0.0,0.5,1.0,0.0,0.0,0.0,0.0,0.0,0.0,0.0,0.0,0.0,time,0.0,0.0,0.0,0.0,0.0
1688,0.01,4,1.0,1.0,0.0,0.75,0.25,0.0,0.0,0.0,0.0,0.0,0.0,0.0,0.0,0.0,time,0.0,0.0,0.0,0.0,0.0
1689,0.01,4,1.0,1.0,0.0,0.75,0.5,0.0,0.0,0.0,0.0,0.0,0.0,0.0,0.0,0.0,time,0.0,0.0,0.0,0.0,0.0
1690,0.01,4,1.0,1.0,0.0,0.75,0.75,0.0,0.0,0.0,0.0,0.0,0.0,0.0,0.0,0.0,time,0.0,0.0,0.0,0.0,0.0
1691,0.01,4,1.0,1.0,0.0,0.75,1.0,0.0,0.0,0.0,0.0,0.0,0.0,0.0,0.0,0.0,time,0.0,0.0,0.0,0.0,0.0
1692,0.01,4,1.0,1.0,0.0,1.0,0.25,0.0,0.0,0.0,0.0,0.0,0.0,0.0,0.0,0.0,time,0.0,0.0,0.0,0.0,0.0
1693,0.01,4,1.0,1.0,0.0,1.0,0.5,0.0,0.0,0.0,0.0,0.0,0.0,0.0,0.0,0.0,time,0.0,0.0,0.0,0.0,0.0
1694,0.01,4,1.0,1.0,0.0,1.0,0.75,0.0,0.0,0.0,0.0,0.0,0.0,0.0,0.0,0.0,time,0.0,0.0,0.0,0.0,0.0
1695,0.01,4,1.0,1.0,0.0,1.0,1.0,0.0,0.0,0.0,0.0,0.0,0.0,0.0,0.0,0.0,time,0.0,0.0,0.0,0.0,0.0
1696,0.01,4,1.0,1.0,0.1,0.25,0.25,0.0,0.0,0.0,0.0,0.0,0.0,0.0,0.0,0.0,time,0.0,0.0,0.0,0.0,0.0
1697,0.01,4,1.0,1.0,0.1,0.25,0.5,0.0,0.0,0.0,0.0,0.0,0.0,0.0,0.0,0.0,time,0.0,0.0,0.0,0.0,0.0
1698,0.01,4,1.0,1.0,0.1,0.25,0.75,0.0,0.0,0.0,0.0,0.0,0.0,0.0,0.0,0.0,time,0.0,0.0,0.0,0.0,0.0
1699,0.01,4,1.0,1.0,0.1,0.25,1.0,0.0,0.0,0.0,0.0,0.0,0.0,0.0,0.0,0.0,time,0.0,0.0,0.0,0.0,0.0
1700,0.01,4,1.0,1.0,0.1,0.5,0.25,0.0,0.0,0.0,0.0,0.0,0.0,0.0,0.0,0.0,time,0.0,0.0,0.0,0.0,0.0
1701,0.01,4,1.0,1.0,0.1,0.5,0.5,0.0,0.0,0.0,0.0,0.0,0.0,0.0,0.0,0.0,time,0.0,0.0,0.0,0.0,0.0
1702,0.01,4,1.0,1.0,0.1,0.5,0.75,0.0,0.0,0.0,0.0,0.0,0.0,0.0,0.0,0.0,time,0.0,0.0,0.0,0.0,0.0
1703,0.01,4,1.0,1.0,0.1,0.5,1.0,0.0,0.0,0.0,0.0,0.0,0.0,0.0,0.0,0.0,time,0.0,0.0,0.0,0.0,0.0
1704,0.01,4,1.0,1.0,0.1,0.75,0.25,0.0,0.0,0.0,0.0,0.0,0.0,0.0,0.0,0.0,time,0.0,0.0,0.0,0.0,0.0
1705,0.01,4,1.0,1.0,0.1,0.75,0.5,0.0,0.0,0.0,0.0,0.0,0.0,0.0,0.0,0.0,time,0.0,0.0,0.0,0.0,0.0
1706,0.01,4,1.0,1.0,0.1,0.75,0.75,0.0,0.0,0.0,0.0,0.0,0.0,0.0,0.0,0.0,time,0.0,0.0,0.0,0.0,0.0
1707,0.01,4,1.0,1.0,0.1,0.75,1.0,0.0,0.0,0.0,0.0,0.0,0.0,0.0,0.0,0.0,time,0.0,0.0,0.0,0.0,0.0
1708,0.01,4,1.0,1.0,0.1,1.0,0.25,0.0,0.0,0.0,0.0,0.0,0.0,0.0,0.0,0.0,time,0.0,0.0,0.0,0.0,0.0
1709,0.01,4,1.0,1.0,0.1,1.0,0.5,0.0,0.0,0.0,0.0,0.0,0.0,0.0,0.0,0.0,time,0.0,0.0,0.0,0.0,0.0
1710,0.01,4,1.0,1.0,0.1,1.0,0.75,0.0,0.0,0.0,0.0,0.0,0.0,0.0,0.0,0.0,time,0.0,0.0,0.0,0.0,0.0
1711,0.01,4,1.0,1.0,0.1,1.0,1.0,0.0,0.0,0.0,0.0,0.0,0.0,0.0,0.0,0.0,time,0.0,0.0,0.0,0.0,0.0
1712,0.01,4,1.0,1.0,1.0,0.25,0.25,0.0,0.0,0.0,0.0,0.0,0.0,0.0,0.0,0.0,time,0.0,0.0,0.0,0.0,0.0
1713,0.01,4,1.0,1.0,1.0,0.25,0.5,0.0,0.0,0.0,0.0,0.0,0.0,0.0,0.0,0.0,time,0.0,0.0,0.0,0.0,0.0
1714,0.01,4,1.0,1.0,1.0,0.25,0.75,0.0,0.0,0.0,0.0,0.0,0.0,0.0,0.0,0.0,time,0.0,0.0,0.0,0.0,0.0
1715,0.01,4,1.0,1.0,1.0,0.25,1.0,0.0,0.0,0.0,0.0,0.0,0.0,0.0,0.0,0.0,time,0.0,0.0,0.0,0.0,0.0
1716,0.01,4,1.0,1.0,1.0,0.5,0.25,0.0,0.0,0.0,0.0,0.0,0.0,0.0,0.0,0.0,time,0.0,0.0,0.0,0.0,0.0
1717,0.01,4,1.0,1.0,1.0,0.5,0.5,0.0,0.0,0.0,0.0,0.0,0.0,0.0,0.0,0.0,time,0.0,0.0,0.0,0.0,0.0
1718,0.01,4,1.0,1.0,1.0,0.5,0.75,0.0,0.0,0.0,0.0,0.0,0.0,0.0,0.0,0.0,time,0.0,0.0,0.0,0.0,0.0
1719,0.01,4,1.0,1.0,1.0,0.5,1.0,0.0,0.0,0.0,0.0,0.0,0.0,0.0,0.0,0.0,time,0.0,0.0,0.0,0.0,0.0
1720,0.01,4,1.0,1.0,1.0,0.75,0.25,0.0,0.0,0.0,0.0,0.0,0.0,0.0,0.0,0.0,time,0.0,0.0,0.0,0.0,0.0
1721,0.01,4,1.0,1.0,1.0,0.75,0.5,0.0,0.0,0.0,0.0,0.0,0.0,0.0,0.0,0.0,time,0.0,0.0,0.0,0.0,0.0
1722,0.01,4,1.0,1.0,1.0,0.75,0.75,0.0,0.0,0.0,0.0,0.0,0.0,0.0,0.0,0.0,time,0.0,0.0,0.0,0.0,0.0
1723,0.01,4,1.0,1.0,1.0,0.75,1.0,0.0,0.0,0.0,0.0,0.0,0.0,0.0,0.0,0.0,time,0.0,0.0,0.0,0.0,0.0
1724,0.01,4,1.0,1.0,1.0,1.0,0.25,0.0,0.0,0.0,0.0,0.0,0.0,0.0,0.0,0.0,time,0.0,0.0,0.0,0.0,0.0
1725,0.01,4,1.0,1.0,1.0,1.0,0.5,0.0,0.0,0.0,0.0,0.0,0.0,0.0,0.0,0.0,time,0.0,0.0,0.0,0.0,0.0
1726,0.01,4,1.0,1.0,1.0,1.0,0.75,0.0,0.0,0.0,0.0,0.0,0.0,0.0,0.0,0.0,time,0.0,0.0,0.0,0.0,0.0
1727,0.01,4,1.0,1.0,1.0,1.0,1.0,0.0,0.0,0.0,0.0,0.0,0.0,0.0,0.0,0.0,time,0.0,0.0,0.0,0.0,0.0
1728,0.1,1,0.0,0.0,0.0,0.25,0.25,0.0,0.0,0.0,0.0,0.0,0.0,0.0,0.0,0.0,time,0.0,0.0,0.0,0.0,0.0
1729,0.1,1,0.0,0.0,0.0,0.25,0.5,0.0,0.0,0.0,0.0,0.0,0.0,0.0,0.0,0.0,time,0.0,0.0,0.0,0.0,0.0
1730,0.1,1,0.0,0.0,0.0,0.25,0.75,0.0,0.0,0.0,0.0,0.0,0.0,0.0,0.0,0.0,time,0.0,0.0,0.0,0.0,0.0
1731,0.1,1,0.0,0.0,0.0,0.25,1.0,0.0,0.0,0.0,0.0,0.0,0.0,0.0,0.0,0.0,time,0.0,0.0,0.0,0.0,0.0
1732,0.1,1,0.0,0.0,0.0,0.5,0.25,0.0,0.0,0.0,0.0,0.0,0.0,0.0,0.0,0.0,time,0.0,0.0,0.0,0.0,0.0
1733,0.1,1,0.0,0.0,0.0,0.5,0.5,0.0,0.0,0.0,0.0,0.0,0.0,0.0,0.0,0.0,time,0.0,0.0,0.0,0.0,0.0
1734,0.1,1,0.0,0.0,0.0,0.5,0.75,0.0,0.0,0.0,0.0,0.0,0.0,0.0,0.0,0.0,time,0.0,0.0,0.0,0.0,0.0
1735,0.1,1,0.0,0.0,0.0,0.5,1.0,0.0,0.0,0.0,0.0,0.0,0.0,0.0,0.0,0.0,time,0.0,0.0,0.0,0.0,0.0
1736,0.1,1,0.0,0.0,0.0,0.75,0.25,0.0,0.0,0.0,0.0,0.0,0.0,0.0,0.0,0.0,time,0.0,0.0,0.0,0.0,0.0
1737,0.1,1,0.0,0.0,0.0,0.75,0.5,0.0,0.0,0.0,0.0,0.0,0.0,0.0,0.0,0.0,time,0.0,0.0,0.0,0.0,0.0
1738,0.1,1,0.0,0.0,0.0,0.75,0.75,0.0,0.0,0.0,0.0,0.0,0.0,0.0,0.0,0.0,time,0.0,0.0,0.0,0.0,0.0
1739,0.1,1,0.0,0.0,0.0,0.75,1.0,0.0,0.0,0.0,0.0,0.0,0.0,0.0,0.0,0.0,time,0.0,0.0,0.0,0.0,0.0
1740,0.1,1,0.0,0.0,0.0,1.0,0.25,0.0,0.0,0.0,0.0,0.0,0.0,0.0,0.0,0.0,time,0.0,0.0,0.0,0.0,0.0
1741,0.1,1,0.0,0.0,0.0,1.0,0.5,0.0,0.0,0.0,0.0,0.0,0.0,0.0,0.0,0.0,time,0.0,0.0,0.0,0.0,0.0
1742,0.1,1,0.0,0.0,0.0,1.0,0.75,0.0,0.0,0.0,0.0,0.0,0.0,0.0,0.0,0.0,time,0.0,0.0,0.0,0.0,0.0
1743,0.1,1,0.0,0.0,0.0,1.0,1.0,0.0,0.0,0.0,0.0,0.0,0.0,0.0,0.0,0.0,time,0.0,0.0,0.0,0.0,0.0
1744,0.1,1,0.0,0.0,0.1,0.25,0.25,0.0,0.0,0.0,0.0,0.0,0.0,0.0,0.0,0.0,time,0.0,0.0,0.0,0.0,0.0
1745,0.1,1,0.0,0.0,0.1,0.25,0.5,0.0,0.0,0.0,0.0,0.0,0.0,0.0,0.0,0.0,time,0.0,0.0,0.0,0.0,0.0
1746,0.1,1,0.0,0.0,0.1,0.25,0.75,0.0,0.0,0.0,0.0,0.0,0.0,0.0,0.0,0.0,time,0.0,0.0,0.0,0.0,0.0
1747,0.1,1,0.0,0.0,0.1,0.25,1.0,0.0,0.0,0.0,0.0,0.0,0.0,0.0,0.0,0.0,time,0.0,0.0,0.0,0.0,0.0
1748,0.1,1,0.0,0.0,0.1,0.5,0.25,0.0,0.0,0.0,0.0,0.0,0.0,0.0,0.0,0.0,time,0.0,0.0,0.0,0.0,0.0
1749,0.1,1,0.0,0.0,0.1,0.5,0.5,0.0,0.0,0.0,0.0,0.0,0.0,0.0,0.0,0.0,time,0.0,0.0,0.0,0.0,0.0
1750,0.1,1,0.0,0.0,0.1,0.5,0.75,0.0,0.0,0.0,0.0,0.0,0.0,0.0,0.0,0.0,time,0.0,0.0,0.0,0.0,0.0
1751,0.1,1,0.0,0.0,0.1,0.5,1.0,0.0,0.0,0.0,0.0,0.0,0.0,0.0,0.0,0.0,time,0.0,0.0,0.0,0.0,0.0
1752,0.1,1,0.0,0.0,0.1,0.75,0.25,0.0,0.0,0.0,0.0,0.0,0.0,0.0,0.0,0.0,time,0.0,0.0,0.0,0.0,0.0
1753,0.1,1,0.0,0.0,0.1,0.75,0.5,0.0,0.0,0.0,0.0,0.0,0.0,0.0,0.0,0.0,time,0.0,0.0,0.0,0.0,0.0
1754,0.1,1,0.0,0.0,0.1,0.75,0.75,0.0,0.0,0.0,0.0,0.0,0.0,0.0,0.0,0.0,time,0.0,0.0,0.0,0.0,0.0
1755,0.1,1,0.0,0.0,0.1,0.75,1.0,0.0,0.0,0.0,0.0,0.0,0.0,0.0,0.0,0.0,time,0.0,0.0,0.0,0.0,0.0
1756,0.1,1,0.0,0.0,0.1,1.0,0.25,0.0,0.0,0.0,0.0,0.0,0.0,0.0,0.0,0.0,time,0.0,0.0,0.0,0.0,0.0
1757,0.1,1,0.0,0.0,0.1,1.0,0.5,0.0,0.0,0.0,0.0,0.0,0.0,0.0,0.0,0.0,time,0.0,0.0,0.0,0.0,0.0
1758,0.1,1,0.0,0.0,0.1,1.0,0.75,0.0,0.0,0.0,0.0,0.0,0.0,0.0,0.0,0.0,time,0.0,0.0,0.0,0.0,0.0
1759,0.1,1,0.0,0.0,0.1,1.0,1.0,0.0,0.0,0.0,0.0,0.0,0.0,0.0,0.0,0.0,time,0.0,0.0,0.0,0.0,0.0
1760,0.1,1,0.0,0.0,1.0,0.25,0.25,0.0,0.0,0.0,0.0,0.0,0.0,0.0,0.0,0.0,time,0.0,0.0,0.0,0.0,0.0
1761,0.1,1,0.0,0.0,1.0,0.25,0.5,0.0,0.0,0.0,0.0,0.0,0.0,0.0,0.0,0.0,time,0.0,0.0,0.0,0.0,0.0
1762,0.1,1,0.0,0.0,1.0,0.25,0.75,0.0,0.0,0.0,0.0,0.0,0.0,0.0,0.0,0.0,time,0.0,0.0,0.0,0.0,0.0
1763,0.1,1,0.0,0.0,1.0,0.25,1.0,0.0,0.0,0.0,0.0,0.0,0.0,0.0,0.0,0.0,time,0.0,0.0,0.0,0.0,0.0
1764,0.1,1,0.0,0.0,1.0,0.5,0.25,0.0,0.0,0.0,0.0,0.0,0.0,0.0,0.0,0.0,time,0.0,0.0,0.0,0.0,0.0
1765,0.1,1,0.0,0.0,1.0,0.5,0.5,0.0,0.0,0.0,0.0,0.0,0.0,0.0,0.0,0.0,time,0.0,0.0,0.0,0.0,0.0
1766,0.1,1,0.0,0.0,1.0,0.5,0.75,0.0,0.0,0.0,0.0,0.0,0.0,0.0,0.0,0.0,time,0.0,0.0,0.0,0.0,0.0
1767,0.1,1,0.0,0.0,1.0,0.5,1.0,0.0,0.0,0.0,0.0,0.0,0.0,0.0,0.0,0.0,time,0.0,0.0,0.0,0.0,0.0
1768,0.1,1,0.0,0.0,1.0,0.75,0.25,0.0,0.0,0.0,0.0,0.0,0.0,0.0,0.0,0.0,time,0.0,0.0,0.0,0.0,0.0
1769,0.1,1,0.0,0.0,1.0,0.75,0.5,0.0,0.0,0.0,0.0,0.0,0.0,0.0,0.0,0.0,time,0.0,0.0,0.0,0.0,0.0
1770,0.1,1,0.0,0.0,1.0,0.75,0.75,0.0,0.0,0.0,0.0,0.0,0.0,0.0,0.0,0.0,time,0.0,0.0,0.0,0.0,0.0
1771,0.1,1,0.0,0.0,1.0,0.75,1.0,0.0,0.0,0.0,0.0,0.0,0.0,0.0,0.0,0.0,time,0.0,0.0,0.0,0.0,0.0
1772,0.1,1,0.0,0.0,1.0,1.0,0.25,0.0,0.0,0.0,0.0,0.0,0.0,0.0,0.0,0.0,time,0.0,0.0,0.0,0.0,0.0
1773,0.1,1,0.0,0.0,1.0,1.0,0.5,0.0,0.0,0.0,0.0,0.0,0.0,0.0,0.0,0.0,time,0.0,0.0,0.0,0.0,0.0
1774,0.1,1,0.0,0.0,1.0,1.0,0.75,0.0,0.0,0.0,0.0,0.0,0.0,0.0,0.0,0.0,time,0.0,0.0,0.0,0.0,0.0
1775,0.1,1,0.0,0.0,1.0,1.0,1.0,0.0,0.0,0.0,0.0,0.0,0.0,0.0,0.0,0.0,time,0.0,0.0,0.0,0.0,0.0
1776,0.1,1,0.0,0.1,0.0,0.25,0.25,0.0,0.0,0.0,0.0,0.0,0.0,0.0,0.0,0.0,time,0.0,0.0,0.0,0.0,0.0
1777,0.1,1,0.0,0.1,0.0,0.25,0.5,0.0,0.0,0.0,0.0,0.0,0.0,0.0,0.0,0.0,time,0.0,0.0,0.0,0.0,0.0
1778,0.1,1,0.0,0.1,0.0,0.25,0.75,0.0,0.0,0.0,0.0,0.0,0.0,0.0,0.0,0.0,time,0.0,0.0,0.0,0.0,0.0
1779,0.1,1,0.0,0.1,0.0,0.25,1.0,0.0,0.0,0.0,0.0,0.0,0.0,0.0,0.0,0.0,time,0.0,0.0,0.0,0.0,0.0
1780,0.1,1,0.0,0.1,0.0,0.5,0.25,0.0,0.0,0.0,0.0,0.0,0.0,0.0,0.0,0.0,time,0.0,0.0,0.0,0.0,0.0
1781,0.1,1,0.0,0.1,0.0,0.5,0.5,0.0,0.0,0.0,0.0,0.0,0.0,0.0,0.0,0.0,time,0.0,0.0,0.0,0.0,0.0
1782,0.1,1,0.0,0.1,0.0,0.5,0.75,0.0,0.0,0.0,0.0,0.0,0.0,0.0,0.0,0.0,time,0.0,0.0,0.0,0.0,0.0
1783,0.1,1,0.0,0.1,0.0,0.5,1.0,0.0,0.0,0.0,0.0,0.0,0.0,0.0,0.0,0.0,time,0.0,0.0,0.0,0.0,0.0
1784,0.1,1,0.0,0.1,0.0,0.75,0.25,0.0,0.0,0.0,0.0,0.0,0.0,0.0,0.0,0.0,time,0.0,0.0,0.0,0.0,0.0
1785,0.1,1,0.0,0.1,0.0,0.75,0.5,0.0,0.0,0.0,0.0,0.0,0.0,0.0,0.0,0.0,time,0.0,0.0,0.0,0.0,0.0
1786,0.1,1,0.0,0.1,0.0,0.75,0.75,0.0,0.0,0.0,0.0,0.0,0.0,0.0,0.0,0.0,time,0.0,0.0,0.0,0.0,0.0
1787,0.1,1,0.0,0.1,0.0,0.75,1.0,0.0,0.0,0.0,0.0,0.0,0.0,0.0,0.0,0.0,time,0.0,0.0,0.0,0.0,0.0
1788,0.1,1,0.0,0.1,0.0,1.0,0.25,0.0,0.0,0.0,0.0,0.0,0.0,0.0,0.0,0.0,time,0.0,0.0,0.0,0.0,0.0
1789,0.1,1,0.0,0.1,0.0,1.0,0.5,0.0,0.0,0.0,0.0,0.0,0.0,0.0,0.0,0.0,time,0.0,0.0,0.0,0.0,0.0
1790,0.1,1,0.0,0.1,0.0,1.0,0.75,0.0,0.0,0.0,0.0,0.0,0.0,0.0,0.0,0.0,time,0.0,0.0,0.0,0.0,0.0
1791,0.1,1,0.0,0.1,0.0,1.0,1.0,0.0,0.0,0.0,0.0,0.0,0.0,0.0,0.0,0.0,time,0.0,0.0,0.0,0.0,0.0
1792,0.1,1,0.0,0.1,0.1,0.25,0.25,0.0,0.0,0.0,0.0,0.0,0.0,0.0,0.0,0.0,time,0.0,0.0,0.0,0.0,0.0
1793,0.1,1,0.0,0.1,0.1,0.25,0.5,0.0,0.0,0.0,0.0,0.0,0.0,0.0,0.0,0.0,time,0.0,0.0,0.0,0.0,0.0
1794,0.1,1,0.0,0.1,0.1,0.25,0.75,0.0,0.0,0.0,0.0,0.0,0.0,0.0,0.0,0.0,time,0.0,0.0,0.0,0.0,0.0
1795,0.1,1,0.0,0.1,0.1,0.25,1.0,0.0,0.0,0.0,0.0,0.0,0.0,0.0,0.0,0.0,time,0.0,0.0,0.0,0.0,0.0
1796,0.1,1,0.0,0.1,0.1,0.5,0.25,0.0,0.0,0.0,0.0,0.0,0.0,0.0,0.0,0.0,time,0.0,0.0,0.0,0.0,0.0
1797,0.1,1,0.0,0.1,0.1,0.5,0.5,0.0,0.0,0.0,0.0,0.0,0.0,0.0,0.0,0.0,time,0.0,0.0,0.0,0.0,0.0
1798,0.1,1,0.0,0.1,0.1,0.5,0.75,0.0,0.0,0.0,0.0,0.0,0.0,0.0,0.0,0.0,time,0.0,0.0,0.0,0.0,0.0
1799,0.1,1,0.0,0.1,0.1,0.5,1.0,0.0,0.0,0.0,0.0,0.0,0.0,0.0,0.0,0.0,time,0.0,0.0,0.0,0.0,0.0
1800,0.1,1,0.0,0.1,0.1,0.75,0.25,0.0,0.0,0.0,0.0,0.0,0.0,0.0,0.0,0.0,time,0.0,0.0,0.0,0.0,0.0
1801,0.1,1,0.0,0.1,0.1,0.75,0.5,0.0,0.0,0.0,0.0,0.0,0.0,0.0,0.0,0.0,time,0.0,0.0,0.0,0.0,0.0
1802,0.1,1,0.0,0.1,0.1,0.75,0.75,0.0,0.0,0.0,0.0,0.0,0.0,0.0,0.0,0.0,time,0.0,0.0,0.0,0.0,0.0
1803,0.1,1,0.0,0.1,0.1,0.75,1.0,0.0,0.0,0.0,0.0,0.0,0.0,0.0,0.0,0.0,time,0.0,0.0,0.0,0.0,0.0
1804,0.1,1,0.0,0.1,0.1,1.0,0.25,0.0,0.0,0.0,0.0,0.0,0.0,0.0,0.0,0.0,time,0.0,0.0,0.0,0.0,0.0
1805,0.1,1,0.0,0.1,0.1,1.0,0.5,0.0,0.0,0.0,0.0,0.0,0.0,0.0,0.0,0.0,time,0.0,0.0,0.0,0.0,0.0
1806,0.1,1,0.0,0.1,0.1,1.0,0.75,0.0,0.0,0.0,0.0,0.0,0.0,0.0,0.0,0.0,time,0.0,0.0,0.0,0.0,0.0
1807,0.1,1,0.0,0.1,0.1,1.0,1.0,0.0,0.0,0.0,0.0,0.0,0.0,0.0,0.0,0.0,time,0.0,0.0,0.0,0.0,0.0
1808,0.1,1,0.0,0.1,1.0,0.25,0.25,0.0,0.0,0.0,0.0,0.0,0.0,0.0,0.0,0.0,time,0.0,0.0,0.0,0.0,0.0
1809,0.1,1,0.0,0.1,1.0,0.25,0.5,0.0,0.0,0.0,0.0,0.0,0.0,0.0,0.0,0.0,time,0.0,0.0,0.0,0.0,0.0
1810,0.1,1,0.0,0.1,1.0,0.25,0.75,0.0,0.0,0.0,0.0,0.0,0.0,0.0,0.0,0.0,time,0.0,0.0,0.0,0.0,0.0
1811,0.1,1,0.0,0.1,1.0,0.25,1.0,0.0,0.0,0.0,0.0,0.0,0.0,0.0,0.0,0.0,time,0.0,0.0,0.0,0.0,0.0
1812,0.1,1,0.0,0.1,1.0,0.5,0.25,0.0,0.0,0.0,0.0,0.0,0.0,0.0,0.0,0.0,time,0.0,0.0,0.0,0.0,0.0
1813,0.1,1,0.0,0.1,1.0,0.5,0.5,0.0,0.0,0.0,0.0,0.0,0.0,0.0,0.0,0.0,time,0.0,0.0,0.0,0.0,0.0
1814,0.1,1,0.0,0.1,1.0,0.5,0.75,0.0,0.0,0.0,0.0,0.0,0.0,0.0,0.0,0.0,time,0.0,0.0,0.0,0.0,0.0
1815,0.1,1,0.0,0.1,1.0,0.5,1.0,0.0,0.0,0.0,0.0,0.0,0.0,0.0,0.0,0.0,time,0.0,0.0,0.0,0.0,0.0
1816,0.1,1,0.0,0.1,1.0,0.75,0.25,0.0,0.0,0.0,0.0,0.0,0.0,0.0,0.0,0.0,time,0.0,0.0,0.0,0.0,0.0
1817,0.1,1,0.0,0.1,1.0,0.75,0.5,0.0,0.0,0.0,0.0,0.0,0.0,0.0,0.0,0.0,time,0.0,0.0,0.0,0.0,0.0
1818,0.1,1,0.0,0.1,1.0,0.75,0.75,0.0,0.0,0.0,0.0,0.0,0.0,0.0,0.0,0.0,time,0.0,0.0,0.0,0.0,0.0
1819,0.1,1,0.0,0.1,1.0,0.75,1.0,0.0,0.0,0.0,0.0,0.0,0.0,0.0,0.0,0.0,time,0.0,0.0,0.0,0.0,0.0
1820,0.1,1,0.0,0.1,1.0,1.0,0.25,0.0,0.0,0.0,0.0,0.0,0.0,0.0,0.0,0.0,time,0.0,0.0,0.0,0.0,0.0
1821,0.1,1,0.0,0.1,1.0,1.0,0.5,0.0,0.0,0.0,0.0,0.0,0.0,0.0,0.0,0.0,time,0.0,0.0,0.0,0.0,0.0
1822,0.1,1,0.0,0.1,1.0,1.0,0.75,0.0,0.0,0.0,0.0,0.0,0.0,0.0,0.0,0.0,time,0.0,0.0,0.0,0.0,0.0
1823,0.1,1,0.0,0.1,1.0,1.0,1.0,0.0,0.0,0.0,0.0,0.0,0.0,0.0,0.0,0.0,time,0.0,0.0,0.0,0.0,0.0
1824,0.1,1,0.0,1.0,0.0,0.25,0.25,0.0,0.0,0.0,0.0,0.0,0.0,0.0,0.0,0.0,time,0.0,0.0,0.0,0.0,0.0
1825,0.1,1,0.0,1.0,0.0,0.25,0.5,0.0,0.0,0.0,0.0,0.0,0.0,0.0,0.0,0.0,time,0.0,0.0,0.0,0.0,0.0
1826,0.1,1,0.0,1.0,0.0,0.25,0.75,0.0,0.0,0.0,0.0,0.0,0.0,0.0,0.0,0.0,time,0.0,0.0,0.0,0.0,0.0
1827,0.1,1,0.0,1.0,0.0,0.25,1.0,0.0,0.0,0.0,0.0,0.0,0.0,0.0,0.0,0.0,time,0.0,0.0,0.0,0.0,0.0
1828,0.1,1,0.0,1.0,0.0,0.5,0.25,0.0,0.0,0.0,0.0,0.0,0.0,0.0,0.0,0.0,time,0.0,0.0,0.0,0.0,0.0
1829,0.1,1,0.0,1.0,0.0,0.5,0.5,0.0,0.0,0.0,0.0,0.0,0.0,0.0,0.0,0.0,time,0.0,0.0,0.0,0.0,0.0
1830,0.1,1,0.0,1.0,0.0,0.5,0.75,0.0,0.0,0.0,0.0,0.0,0.0,0.0,0.0,0.0,time,0.0,0.0,0.0,0.0,0.0
1831,0.1,1,0.0,1.0,0.0,0.5,1.0,0.0,0.0,0.0,0.0,0.0,0.0,0.0,0.0,0.0,time,0.0,0.0,0.0,0.0,0.0
1832,0.1,1,0.0,1.0,0.0,0.75,0.25,0.0,0.0,0.0,0.0,0.0,0.0,0.0,0.0,0.0,time,0.0,0.0,0.0,0.0,0.0
1833,0.1,1,0.0,1.0,0.0,0.75,0.5,0.0,0.0,0.0,0.0,0.0,0.0,0.0,0.0,0.0,time,0.0,0.0,0.0,0.0,0.0
1834,0.1,1,0.0,1.0,0.0,0.75,0.75,0.0,0.0,0.0,0.0,0.0,0.0,0.0,0.0,0.0,time,0.0,0.0,0.0,0.0,0.0
1835,0.1,1,0.0,1.0,0.0,0.75,1.0,0.0,0.0,0.0,0.0,0.0,0.0,0.0,0.0,0.0,time,0.0,0.0,0.0,0.0,0.0
1836,0.1,1,0.0,1.0,0.0,1.0,0.25,0.0,0.0,0.0,0.0,0.0,0.0,0.0,0.0,0.0,time,0.0,0.0,0.0,0.0,0.0
1837,0.1,1,0.0,1.0,0.0,1.0,0.5,0.0,0.0,0.0,0.0,0.0,0.0,0.0,0.0,0.0,time,0.0,0.0,0.0,0.0,0.0
1838,0.1,1,0.0,1.0,0.0,1.0,0.75,0.0,0.0,0.0,0.0,0.0,0.0,0.0,0.0,0.0,time,0.0,0.0,0.0,0.0,0.0
1839,0.1,1,0.0,1.0,0.0,1.0,1.0,0.0,0.0,0.0,0.0,0.0,0.0,0.0,0.0,0.0,time,0.0,0.0,0.0,0.0,0.0
1840,0.1,1,0.0,1.0,0.1,0.25,0.25,0.0,0.0,0.0,0.0,0.0,0.0,0.0,0.0,0.0,time,0.0,0.0,0.0,0.0,0.0
1841,0.1,1,0.0,1.0,0.1,0.25,0.5,0.0,0.0,0.0,0.0,0.0,0.0,0.0,0.0,0.0,time,0.0,0.0,0.0,0.0,0.0
1842,0.1,1,0.0,1.0,0.1,0.25,0.75,0.0,0.0,0.0,0.0,0.0,0.0,0.0,0.0,0.0,time,0.0,0.0,0.0,0.0,0.0
1843,0.1,1,0.0,1.0,0.1,0.25,1.0,0.0,0.0,0.0,0.0,0.0,0.0,0.0,0.0,0.0,time,0.0,0.0,0.0,0.0,0.0
1844,0.1,1,0.0,1.0,0.1,0.5,0.25,0.0,0.0,0.0,0.0,0.0,0.0,0.0,0.0,0.0,time,0.0,0.0,0.0,0.0,0.0
1845,0.1,1,0.0,1.0,0.1,0.5,0.5,0.0,0.0,0.0,0.0,0.0,0.0,0.0,0.0,0.0,time,0.0,0.0,0.0,0.0,0.0
1846,0.1,1,0.0,1.0,0.1,0.5,0.75,0.0,0.0,0.0,0.0,0.0,0.0,0.0,0.0,0.0,time,0.0,0.0,0.0,0.0,0.0
1847,0.1,1,0.0,1.0,0.1,0.5,1.0,0.0,0.0,0.0,0.0,0.0,0.0,0.0,0.0,0.0,time,0.0,0.0,0.0,0.0,0.0
1848,0.1,1,0.0,1.0,0.1,0.75,0.25,0.0,0.0,0.0,0.0,0.0,0.0,0.0,0.0,0.0,time,0.0,0.0,0.0,0.0,0.0
1849,0.1,1,0.0,1.0,0.1,0.75,0.5,0.0,0.0,0.0,0.0,0.0,0.0,0.0,0.0,0.0,time,0.0,0.0,0.0,0.0,0.0
1850,0.1,1,0.0,1.0,0.1,0.75,0.75,0.0,0.0,0.0,0.0,0.0,0.0,0.0,0.0,0.0,time,0.0,0.0,0.0,0.0,0.0
1851,0.1,1,0.0,1.0,0.1,0.75,1.0,0.0,0.0,0.0,0.0,0.0,0.0,0.0,0.0,0.0,time,0.0,0.0,0.0,0.0,0.0
1852,0.1,1,0.0,1.0,0.1,1.0,0.25,0.0,0.0,0.0,0.0,0.0,0.0,0.0,0.0,0.0,time,0.0,0.0,0.0,0.0,0.0
1853,0.1,1,0.0,1.0,0.1,1.0,0.5,0.0,0.0,0.0,0.0,0.0,0.0,0.0,0.0,0.0,time,0.0,0.0,0.0,0.0,0.0
1854,0.1,1,0.0,1.0,0.1,1.0,0.75,0.0,0.0,0.0,0.0,0.0,0.0,0.0,0.0,0.0,time,0.0,0.0,0.0,0.0,0.0
1855,0.1,1,0.0,1.0,0.1,1.0,1.0,0.0,0.0,0.0,0.0,0.0,0.0,0.0,0.0,0.0,time,0.0,0.0,0.0,0.0,0.0
1856,0.1,1,0.0,1.0,1.0,0.25,0.25,0.0,0.0,0.0,0.0,0.0,0.0,0.0,0.0,0.0,time,0.0,0.0,0.0,0.0,0.0
1857,0.1,1,0.0,1.0,1.0,0.25,0.5,0.0,0.0,0.0,0.0,0.0,0.0,0.0,0.0,0.0,time,0.0,0.0,0.0,0.0,0.0
1858,0.1,1,0.0,1.0,1.0,0.25,0.75,0.0,0.0,0.0,0.0,0.0,0.0,0.0,0.0,0.0,time,0.0,0.0,0.0,0.0,0.0
1859,0.1,1,0.0,1.0,1.0,0.25,1.0,0.0,0.0,0.0,0.0,0.0,0.0,0.0,0.0,0.0,time,0.0,0.0,0.0,0.0,0.0
1860,0.1,1,0.0,1.0,1.0,0.5,0.25,0.0,0.0,0.0,0.0,0.0,0.0,0.0,0.0,0.0,time,0.0,0.0,0.0,0.0,0.0
1861,0.1,1,0.0,1.0,1.0,0.5,0.5,0.0,0.0,0.0,0.0,0.0,0.0,0.0,0.0,0.0,time,0.0,0.0,0.0,0.0,0.0
1862,0.1,1,0.0,1.0,1.0,0.5,0.75,0.0,0.0,0.0,0.0,0.0,0.0,0.0,0.0,0.0,time,0.0,0.0,0.0,0.0,0.0
1863,0.1,1,0.0,1.0,1.0,0.5,1.0,0.0,0.0,0.0,0.0,0.0,0.0,0.0,0.0,0.0,time,0.0,0.0,0.0,0.0,0.0
1864,0.1,1,0.0,1.0,1.0,0.75,0.25,0.0,0.0,0.0,0.0,0.0,0.0,0.0,0.0,0.0,time,0.0,0.0,0.0,0.0,0.0
1865,0.1,1,0.0,1.0,1.0,0.75,0.5,0.0,0.0,0.0,0.0,0.0,0.0,0.0,0.0,0.0,time,0.0,0.0,0.0,0.0,0.0
1866,0.1,1,0.0,1.0,1.0,0.75,0.75,0.0,0.0,0.0,0.0,0.0,0.0,0.0,0.0,0.0,time,0.0,0.0,0.0,0.0,0.0
1867,0.1,1,0.0,1.0,1.0,0.75,1.0,0.0,0.0,0.0,0.0,0.0,0.0,0.0,0.0,0.0,time,0.0,0.0,0.0,0.0,0.0
1868,0.1,1,0.0,1.0,1.0,1.0,0.25,0.0,0.0,0.0,0.0,0.0,0.0,0.0,0.0,0.0,time,0.0,0.0,0.0,0.0,0.0
1869,0.1,1,0.0,1.0,1.0,1.0,0.5,0.0,0.0,0.0,0.0,0.0,0.0,0.0,0.0,0.0,time,0.0,0.0,0.0,0.0,0.0
1870,0.1,1,0.0,1.0,1.0,1.0,0.75,0.0,0.0,0.0,0.0,0.0,0.0,0.0,0.0,0.0,time,0.0,0.0,0.0,0.0,0.0
1871,0.1,1,0.0,1.0,1.0,1.0,1.0,0.0,0.0,0.0,0.0,0.0,0.0,0.0,0.0,0.0,time,0.0,0.0,0.0,0.0,0.0
1872,0.1,1,0.1,0.0,0.0,0.25,0.25,0.0,0.0,0.0,0.0,0.0,0.0,0.0,0.0,0.0,time,0.0,0.0,0.0,0.0,0.0
1873,0.1,1,0.1,0.0,0.0,0.25,0.5,0.0,0.0,0.0,0.0,0.0,0.0,0.0,0.0,0.0,time,0.0,0.0,0.0,0.0,0.0
1874,0.1,1,0.1,0.0,0.0,0.25,0.75,0.0,0.0,0.0,0.0,0.0,0.0,0.0,0.0,0.0,time,0.0,0.0,0.0,0.0,0.0
1875,0.1,1,0.1,0.0,0.0,0.25,1.0,0.0,0.0,0.0,0.0,0.0,0.0,0.0,0.0,0.0,time,0.0,0.0,0.0,0.0,0.0
1876,0.1,1,0.1,0.0,0.0,0.5,0.25,0.0,0.0,0.0,0.0,0.0,0.0,0.0,0.0,0.0,time,0.0,0.0,0.0,0.0,0.0
1877,0.1,1,0.1,0.0,0.0,0.5,0.5,0.0,0.0,0.0,0.0,0.0,0.0,0.0,0.0,0.0,time,0.0,0.0,0.0,0.0,0.0
1878,0.1,1,0.1,0.0,0.0,0.5,0.75,0.0,0.0,0.0,0.0,0.0,0.0,0.0,0.0,0.0,time,0.0,0.0,0.0,0.0,0.0
1879,0.1,1,0.1,0.0,0.0,0.5,1.0,0.0,0.0,0.0,0.0,0.0,0.0,0.0,0.0,0.0,time,0.0,0.0,0.0,0.0,0.0
1880,0.1,1,0.1,0.0,0.0,0.75,0.25,0.0,0.0,0.0,0.0,0.0,0.0,0.0,0.0,0.0,time,0.0,0.0,0.0,0.0,0.0
1881,0.1,1,0.1,0.0,0.0,0.75,0.5,0.0,0.0,0.0,0.0,0.0,0.0,0.0,0.0,0.0,time,0.0,0.0,0.0,0.0,0.0
1882,0.1,1,0.1,0.0,0.0,0.75,0.75,0.0,0.0,0.0,0.0,0.0,0.0,0.0,0.0,0.0,time,0.0,0.0,0.0,0.0,0.0
1883,0.1,1,0.1,0.0,0.0,0.75,1.0,0.0,0.0,0.0,0.0,0.0,0.0,0.0,0.0,0.0,time,0.0,0.0,0.0,0.0,0.0
1884,0.1,1,0.1,0.0,0.0,1.0,0.25,0.0,0.0,0.0,0.0,0.0,0.0,0.0,0.0,0.0,time,0.0,0.0,0.0,0.0,0.0
1885,0.1,1,0.1,0.0,0.0,1.0,0.5,0.0,0.0,0.0,0.0,0.0,0.0,0.0,0.0,0.0,time,0.0,0.0,0.0,0.0,0.0
1886,0.1,1,0.1,0.0,0.0,1.0,0.75,0.0,0.0,0.0,0.0,0.0,0.0,0.0,0.0,0.0,time,0.0,0.0,0.0,0.0,0.0
1887,0.1,1,0.1,0.0,0.0,1.0,1.0,0.0,0.0,0.0,0.0,0.0,0.0,0.0,0.0,0.0,time,0.0,0.0,0.0,0.0,0.0
1888,0.1,1,0.1,0.0,0.1,0.25,0.25,0.0,0.0,0.0,0.0,0.0,0.0,0.0,0.0,0.0,time,0.0,0.0,0.0,0.0,0.0
1889,0.1,1,0.1,0.0,0.1,0.25,0.5,0.0,0.0,0.0,0.0,0.0,0.0,0.0,0.0,0.0,time,0.0,0.0,0.0,0.0,0.0
1890,0.1,1,0.1,0.0,0.1,0.25,0.75,0.0,0.0,0.0,0.0,0.0,0.0,0.0,0.0,0.0,time,0.0,0.0,0.0,0.0,0.0
1891,0.1,1,0.1,0.0,0.1,0.25,1.0,0.0,0.0,0.0,0.0,0.0,0.0,0.0,0.0,0.0,time,0.0,0.0,0.0,0.0,0.0
1892,0.1,1,0.1,0.0,0.1,0.5,0.25,0.0,0.0,0.0,0.0,0.0,0.0,0.0,0.0,0.0,time,0.0,0.0,0.0,0.0,0.0
1893,0.1,1,0.1,0.0,0.1,0.5,0.5,0.0,0.0,0.0,0.0,0.0,0.0,0.0,0.0,0.0,time,0.0,0.0,0.0,0.0,0.0
1894,0.1,1,0.1,0.0,0.1,0.5,0.75,0.0,0.0,0.0,0.0,0.0,0.0,0.0,0.0,0.0,time,0.0,0.0,0.0,0.0,0.0
1895,0.1,1,0.1,0.0,0.1,0.5,1.0,0.0,0.0,0.0,0.0,0.0,0.0,0.0,0.0,0.0,time,0.0,0.0,0.0,0.0,0.0
1896,0.1,1,0.1,0.0,0.1,0.75,0.25,0.0,0.0,0.0,0.0,0.0,0.0,0.0,0.0,0.0,time,0.0,0.0,0.0,0.0,0.0
1897,0.1,1,0.1,0.0,0.1,0.75,0.5,0.0,0.0,0.0,0.0,0.0,0.0,0.0,0.0,0.0,time,0.0,0.0,0.0,0.0,0.0
1898,0.1,1,0.1,0.0,0.1,0.75,0.75,0.0,0.0,0.0,0.0,0.0,0.0,0.0,0.0,0.0,time,0.0,0.0,0.0,0.0,0.0
1899,0.1,1,0.1,0.0,0.1,0.75,1.0,0.0,0.0,0.0,0.0,0.0,0.0,0.0,0.0,0.0,time,0.0,0.0,0.0,0.0,0.0
1900,0.1,1,0.1,0.0,0.1,1.0,0.25,0.0,0.0,0.0,0.0,0.0,0.0,0.0,0.0,0.0,time,0.0,0.0,0.0,0.0,0.0
1901,0.1,1,0.1,0.0,0.1,1.0,0.5,0.0,0.0,0.0,0.0,0.0,0.0,0.0,0.0,0.0,time,0.0,0.0,0.0,0.0,0.0
1902,0.1,1,0.1,0.0,0.1,1.0,0.75,0.0,0.0,0.0,0.0,0.0,0.0,0.0,0.0,0.0,time,0.0,0.0,0.0,0.0,0.0
1903,0.1,1,0.1,0.0,0.1,1.0,1.0,0.0,0.0,0.0,0.0,0.0,0.0,0.0,0.0,0.0,time,0.0,0.0,0.0,0.0,0.0
1904,0.1,1,0.1,0.0,1.0,0.25,0.25,0.0,0.0,0.0,0.0,0.0,0.0,0.0,0.0,0.0,time,0.0,0.0,0.0,0.0,0.0
1905,0.1,1,0.1,0.0,1.0,0.25,0.5,0.0,0.0,0.0,0.0,0.0,0.0,0.0,0.0,0.0,time,0.0,0.0,0.0,0.0,0.0
1906,0.1,1,0.1,0.0,1.0,0.25,0.75,0.0,0.0,0.0,0.0,0.0,0.0,0.0,0.0,0.0,time,0.0,0.0,0.0,0.0,0.0
1907,0.1,1,0.1,0.0,1.0,0.25,1.0,0.0,0.0,0.0,0.0,0.0,0.0,0.0,0.0,0.0,time,0.0,0.0,0.0,0.0,0.0
1908,0.1,1,0.1,0.0,1.0,0.5,0.25,0.0,0.0,0.0,0.0,0.0,0.0,0.0,0.0,0.0,time,0.0,0.0,0.0,0.0,0.0
1909,0.1,1,0.1,0.0,1.0,0.5,0.5,0.0,0.0,0.0,0.0,0.0,0.0,0.0,0.0,0.0,time,0.0,0.0,0.0,0.0,0.0
1910,0.1,1,0.1,0.0,1.0,0.5,0.75,0.0,0.0,0.0,0.0,0.0,0.0,0.0,0.0,0.0,time,0.0,0.0,0.0,0.0,0.0
1911,0.1,1,0.1,0.0,1.0,0.5,1.0,0.0,0.0,0.0,0.0,0.0,0.0,0.0,0.0,0.0,time,0.0,0.0,0.0,0.0,0.0
1912,0.1,1,0.1,0.0,1.0,0.75,0.25,0.0,0.0,0.0,0.0,0.0,0.0,0.0,0.0,0.0,time,0.0,0.0,0.0,0.0,0.0
1913,0.1,1,0.1,0.0,1.0,0.75,0.5,0.0,0.0,0.0,0.0,0.0,0.0,0.0,0.0,0.0,time,0.0,0.0,0.0,0.0,0.0
1914,0.1,1,0.1,0.0,1.0,0.75,0.75,0.0,0.0,0.0,0.0,0.0,0.0,0.0,0.0,0.0,time,0.0,0.0,0.0,0.0,0.0
1915,0.1,1,0.1,0.0,1.0,0.75,1.0,0.0,0.0,0.0,0.0,0.0,0.0,0.0,0.0,0.0,time,0.0,0.0,0.0,0.0,0.0
1916,0.1,1,0.1,0.0,1.0,1.0,0.25,0.0,0.0,0.0,0.0,0.0,0.0,0.0,0.0,0.0,time,0.0,0.0,0.0,0.0,0.0
1917,0.1,1,0.1,0.0,1.0,1.0,0.5,0.0,0.0,0.0,0.0,0.0,0.0,0.0,0.0,0.0,time,0.0,0.0,0.0,0.0,0.0
1918,0.1,1,0.1,0.0,1.0,1.0,0.75,0.0,0.0,0.0,0.0,0.0,0.0,0.0,0.0,0.0,time,0.0,0.0,0.0,0.0,0.0
1919,0.1,1,0.1,0.0,1.0,1.0,1.0,0.0,0.0,0.0,0.0,0.0,0.0,0.0,0.0,0.0,time,0.0,0.0,0.0,0.0,0.0
1920,0.1,1,0.1,0.1,0.0,0.25,0.25,0.0,0.0,0.0,0.0,0.0,0.0,0.0,0.0,0.0,time,0.0,0.0,0.0,0.0,0.0
1921,0.1,1,0.1,0.1,0.0,0.25,0.5,0.0,0.0,0.0,0.0,0.0,0.0,0.0,0.0,0.0,time,0.0,0.0,0.0,0.0,0.0
1922,0.1,1,0.1,0.1,0.0,0.25,0.75,0.0,0.0,0.0,0.0,0.0,0.0,0.0,0.0,0.0,time,0.0,0.0,0.0,0.0,0.0
1923,0.1,1,0.1,0.1,0.0,0.25,1.0,0.0,0.0,0.0,0.0,0.0,0.0,0.0,0.0,0.0,time,0.0,0.0,0.0,0.0,0.0
1924,0.1,1,0.1,0.1,0.0,0.5,0.25,0.0,0.0,0.0,0.0,0.0,0.0,0.0,0.0,0.0,time,0.0,0.0,0.0,0.0,0.0
1925,0.1,1,0.1,0.1,0.0,0.5,0.5,0.0,0.0,0.0,0.0,0.0,0.0,0.0,0.0,0.0,time,0.0,0.0,0.0,0.0,0.0
1926,0.1,1,0.1,0.1,0.0,0.5,0.75,0.0,0.0,0.0,0.0,0.0,0.0,0.0,0.0,0.0,time,0.0,0.0,0.0,0.0,0.0
1927,0.1,1,0.1,0.1,0.0,0.5,1.0,0.0,0.0,0.0,0.0,0.0,0.0,0.0,0.0,0.0,time,0.0,0.0,0.0,0.0,0.0
1928,0.1,1,0.1,0.1,0.0,0.75,0.25,0.0,0.0,0.0,0.0,0.0,0.0,0.0,0.0,0.0,time,0.0,0.0,0.0,0.0,0.0
1929,0.1,1,0.1,0.1,0.0,0.75,0.5,0.0,0.0,0.0,0.0,0.0,0.0,0.0,0.0,0.0,time,0.0,0.0,0.0,0.0,0.0
1930,0.1,1,0.1,0.1,0.0,0.75,0.75,0.0,0.0,0.0,0.0,0.0,0.0,0.0,0.0,0.0,time,0.0,0.0,0.0,0.0,0.0
1931,0.1,1,0.1,0.1,0.0,0.75,1.0,0.0,0.0,0.0,0.0,0.0,0.0,0.0,0.0,0.0,time,0.0,0.0,0.0,0.0,0.0
1932,0.1,1,0.1,0.1,0.0,1.0,0.25,0.0,0.0,0.0,0.0,0.0,0.0,0.0,0.0,0.0,time,0.0,0.0,0.0,0.0,0.0
1933,0.1,1,0.1,0.1,0.0,1.0,0.5,0.0,0.0,0.0,0.0,0.0,0.0,0.0,0.0,0.0,time,0.0,0.0,0.0,0.0,0.0
1934,0.1,1,0.1,0.1,0.0,1.0,0.75,0.0,0.0,0.0,0.0,0.0,0.0,0.0,0.0,0.0,time,0.0,0.0,0.0,0.0,0.0
1935,0.1,1,0.1,0.1,0.0,1.0,1.0,0.0,0.0,0.0,0.0,0.0,0.0,0.0,0.0,0.0,time,0.0,0.0,0.0,0.0,0.0
1936,0.1,1,0.1,0.1,0.1,0.25,0.25,0.0,0.0,0.0,0.0,0.0,0.0,0.0,0.0,0.0,time,0.0,0.0,0.0,0.0,0.0
1937,0.1,1,0.1,0.1,0.1,0.25,0.5,0.0,0.0,0.0,0.0,0.0,0.0,0.0,0.0,0.0,time,0.0,0.0,0.0,0.0,0.0
1938,0.1,1,0.1,0.1,0.1,0.25,0.75,0.0,0.0,0.0,0.0,0.0,0.0,0.0,0.0,0.0,time,0.0,0.0,0.0,0.0,0.0
1939,0.1,1,0.1,0.1,0.1,0.25,1.0,0.0,0.0,0.0,0.0,0.0,0.0,0.0,0.0,0.0,time,0.0,0.0,0.0,0.0,0.0
1940,0.1,1,0.1,0.1,0.1,0.5,0.25,0.0,0.0,0.0,0.0,0.0,0.0,0.0,0.0,0.0,time,0.0,0.0,0.0,0.0,0.0
1941,0.1,1,0.1,0.1,0.1,0.5,0.5,0.0,0.0,0.0,0.0,0.0,0.0,0.0,0.0,0.0,time,0.0,0.0,0.0,0.0,0.0
1942,0.1,1,0.1,0.1,0.1,0.5,0.75,0.0,0.0,0.0,0.0,0.0,0.0,0.0,0.0,0.0,time,0.0,0.0,0.0,0.0,0.0
1943,0.1,1,0.1,0.1,0.1,0.5,1.0,0.0,0.0,0.0,0.0,0.0,0.0,0.0,0.0,0.0,time,0.0,0.0,0.0,0.0,0.0
1944,0.1,1,0.1,0.1,0.1,0.75,0.25,0.0,0.0,0.0,0.0,0.0,0.0,0.0,0.0,0.0,time,0.0,0.0,0.0,0.0,0.0
1945,0.1,1,0.1,0.1,0.1,0.75,0.5,0.0,0.0,0.0,0.0,0.0,0.0,0.0,0.0,0.0,time,0.0,0.0,0.0,0.0,0.0
1946,0.1,1,0.1,0.1,0.1,0.75,0.75,0.0,0.0,0.0,0.0,0.0,0.0,0.0,0.0,0.0,time,0.0,0.0,0.0,0.0,0.0
1947,0.1,1,0.1,0.1,0.1,0.75,1.0,0.0,0.0,0.0,0.0,0.0,0.0,0.0,0.0,0.0,time,0.0,0.0,0.0,0.0,0.0
1948,0.1,1,0.1,0.1,0.1,1.0,0.25,0.0,0.0,0.0,0.0,0.0,0.0,0.0,0.0,0.0,time,0.0,0.0,0.0,0.0,0.0
1949,0.1,1,0.1,0.1,0.1,1.0,0.5,0.0,0.0,0.0,0.0,0.0,0.0,0.0,0.0,0.0,time,0.0,0.0,0.0,0.0,0.0
1950,0.1,1,0.1,0.1,0.1,1.0,0.75,0.0,0.0,0.0,0.0,0.0,0.0,0.0,0.0,0.0,time,0.0,0.0,0.0,0.0,0.0
1951,0.1,1,0.1,0.1,0.1,1.0,1.0,0.0,0.0,0.0,0.0,0.0,0.0,0.0,0.0,0.0,time,0.0,0.0,0.0,0.0,0.0
1952,0.1,1,0.1,0.1,1.0,0.25,0.25,0.0,0.0,0.0,0.0,0.0,0.0,0.0,0.0,0.0,time,0.0,0.0,0.0,0.0,0.0
1953,0.1,1,0.1,0.1,1.0,0.25,0.5,0.0,0.0,0.0,0.0,0.0,0.0,0.0,0.0,0.0,time,0.0,0.0,0.0,0.0,0.0
1954,0.1,1,0.1,0.1,1.0,0.25,0.75,0.0,0.0,0.0,0.0,0.0,0.0,0.0,0.0,0.0,time,0.0,0.0,0.0,0.0,0.0
1955,0.1,1,0.1,0.1,1.0,0.25,1.0,0.0,0.0,0.0,0.0,0.0,0.0,0.0,0.0,0.0,time,0.0,0.0,0.0,0.0,0.0
1956,0.1,1,0.1,0.1,1.0,0.5,0.25,0.0,0.0,0.0,0.0,0.0,0.0,0.0,0.0,0.0,time,0.0,0.0,0.0,0.0,0.0
1957,0.1,1,0.1,0.1,1.0,0.5,0.5,0.0,0.0,0.0,0.0,0.0,0.0,0.0,0.0,0.0,time,0.0,0.0,0.0,0.0,0.0
1958,0.1,1,0.1,0.1,1.0,0.5,0.75,0.0,0.0,0.0,0.0,0.0,0.0,0.0,0.0,0.0,time,0.0,0.0,0.0,0.0,0.0
1959,0.1,1,0.1,0.1,1.0,0.5,1.0,0.0,0.0,0.0,0.0,0.0,0.0,0.0,0.0,0.0,time,0.0,0.0,0.0,0.0,0.0
1960,0.1,1,0.1,0.1,1.0,0.75,0.25,0.0,0.0,0.0,0.0,0.0,0.0,0.0,0.0,0.0,time,0.0,0.0,0.0,0.0,0.0
1961,0.1,1,0.1,0.1,1.0,0.75,0.5,0.0,0.0,0.0,0.0,0.0,0.0,0.0,0.0,0.0,time,0.0,0.0,0.0,0.0,0.0
1962,0.1,1,0.1,0.1,1.0,0.75,0.75,0.0,0.0,0.0,0.0,0.0,0.0,0.0,0.0,0.0,time,0.0,0.0,0.0,0.0,0.0
1963,0.1,1,0.1,0.1,1.0,0.75,1.0,0.0,0.0,0.0,0.0,0.0,0.0,0.0,0.0,0.0,time,0.0,0.0,0.0,0.0,0.0
1964,0.1,1,0.1,0.1,1.0,1.0,0.25,0.0,0.0,0.0,0.0,0.0,0.0,0.0,0.0,0.0,time,0.0,0.0,0.0,0.0,0.0
1965,0.1,1,0.1,0.1,1.0,1.0,0.5,0.0,0.0,0.0,0.0,0.0,0.0,0.0,0.0,0.0,time,0.0,0.0,0.0,0.0,0.0
1966,0.1,1,0.1,0.1,1.0,1.0,0.75,0.0,0.0,0.0,0.0,0.0,0.0,0.0,0.0,0.0,time,0.0,0.0,0.0,0.0,0.0
1967,0.1,1,0.1,0.1,1.0,1.0,1.0,0.0,0.0,0.0,0.0,0.0,0.0,0.0,0.0,0.0,time,0.0,0.0,0.0,0.0,0.0
1968,0.1,1,0.1,1.0,0.0,0.25,0.25,0.0,0.0,0.0,0.0,0.0,0.0,0.0,0.0,0.0,time,0.0,0.0,0.0,0.0,0.0
1969,0.1,1,0.1,1.0,0.0,0.25,0.5,0.0,0.0,0.0,0.0,0.0,0.0,0.0,0.0,0.0,time,0.0,0.0,0.0,0.0,0.0
1970,0.1,1,0.1,1.0,0.0,0.25,0.75,0.0,0.0,0.0,0.0,0.0,0.0,0.0,0.0,0.0,time,0.0,0.0,0.0,0.0,0.0
1971,0.1,1,0.1,1.0,0.0,0.25,1.0,0.0,0.0,0.0,0.0,0.0,0.0,0.0,0.0,0.0,time,0.0,0.0,0.0,0.0,0.0
1972,0.1,1,0.1,1.0,0.0,0.5,0.25,0.0,0.0,0.0,0.0,0.0,0.0,0.0,0.0,0.0,time,0.0,0.0,0.0,0.0,0.0
1973,0.1,1,0.1,1.0,0.0,0.5,0.5,0.0,0.0,0.0,0.0,0.0,0.0,0.0,0.0,0.0,time,0.0,0.0,0.0,0.0,0.0
1974,0.1,1,0.1,1.0,0.0,0.5,0.75,0.0,0.0,0.0,0.0,0.0,0.0,0.0,0.0,0.0,time,0.0,0.0,0.0,0.0,0.0
1975,0.1,1,0.1,1.0,0.0,0.5,1.0,0.0,0.0,0.0,0.0,0.0,0.0,0.0,0.0,0.0,time,0.0,0.0,0.0,0.0,0.0
1976,0.1,1,0.1,1.0,0.0,0.75,0.25,0.0,0.0,0.0,0.0,0.0,0.0,0.0,0.0,0.0,time,0.0,0.0,0.0,0.0,0.0
1977,0.1,1,0.1,1.0,0.0,0.75,0.5,0.0,0.0,0.0,0.0,0.0,0.0,0.0,0.0,0.0,time,0.0,0.0,0.0,0.0,0.0
1978,0.1,1,0.1,1.0,0.0,0.75,0.75,0.0,0.0,0.0,0.0,0.0,0.0,0.0,0.0,0.0,time,0.0,0.0,0.0,0.0,0.0
1979,0.1,1,0.1,1.0,0.0,0.75,1.0,0.0,0.0,0.0,0.0,0.0,0.0,0.0,0.0,0.0,time,0.0,0.0,0.0,0.0,0.0
1980,0.1,1,0.1,1.0,0.0,1.0,0.25,0.0,0.0,0.0,0.0,0.0,0.0,0.0,0.0,0.0,time,0.0,0.0,0.0,0.0,0.0
1981,0.1,1,0.1,1.0,0.0,1.0,0.5,0.0,0.0,0.0,0.0,0.0,0.0,0.0,0.0,0.0,time,0.0,0.0,0.0,0.0,0.0
1982,0.1,1,0.1,1.0,0.0,1.0,0.75,0.0,0.0,0.0,0.0,0.0,0.0,0.0,0.0,0.0,time,0.0,0.0,0.0,0.0,0.0
1983,0.1,1,0.1,1.0,0.0,1.0,1.0,0.0,0.0,0.0,0.0,0.0,0.0,0.0,0.0,0.0,time,0.0,0.0,0.0,0.0,0.0
1984,0.1,1,0.1,1.0,0.1,0.25,0.25,0.0,0.0,0.0,0.0,0.0,0.0,0.0,0.0,0.0,time,0.0,0.0,0.0,0.0,0.0
1985,0.1,1,0.1,1.0,0.1,0.25,0.5,0.0,0.0,0.0,0.0,0.0,0.0,0.0,0.0,0.0,time,0.0,0.0,0.0,0.0,0.0
1986,0.1,1,0.1,1.0,0.1,0.25,0.75,0.0,0.0,0.0,0.0,0.0,0.0,0.0,0.0,0.0,time,0.0,0.0,0.0,0.0,0.0
1987,0.1,1,0.1,1.0,0.1,0.25,1.0,0.0,0.0,0.0,0.0,0.0,0.0,0.0,0.0,0.0,time,0.0,0.0,0.0,0.0,0.0
1988,0.1,1,0.1,1.0,0.1,0.5,0.25,0.0,0.0,0.0,0.0,0.0,0.0,0.0,0.0,0.0,time,0.0,0.0,0.0,0.0,0.0
1989,0.1,1,0.1,1.0,0.1,0.5,0.5,0.0,0.0,0.0,0.0,0.0,0.0,0.0,0.0,0.0,time,0.0,0.0,0.0,0.0,0.0
1990,0.1,1,0.1,1.0,0.1,0.5,0.75,0.0,0.0,0.0,0.0,0.0,0.0,0.0,0.0,0.0,time,0.0,0.0,0.0,0.0,0.0
1991,0.1,1,0.1,1.0,0.1,0.5,1.0,0.0,0.0,0.0,0.0,0.0,0.0,0.0,0.0,0.0,time,0.0,0.0,0.0,0.0,0.0
1992,0.1,1,0.1,1.0,0.1,0.75,0.25,0.0,0.0,0.0,0.0,0.0,0.0,0.0,0.0,0.0,time,0.0,0.0,0.0,0.0,0.0
1993,0.1,1,0.1,1.0,0.1,0.75,0.5,0.0,0.0,0.0,0.0,0.0,0.0,0.0,0.0,0.0,time,0.0,0.0,0.0,0.0,0.0
1994,0.1,1,0.1,1.0,0.1,0.75,0.75,0.0,0.0,0.0,0.0,0.0,0.0,0.0,0.0,0.0,time,0.0,0.0,0.0,0.0,0.0
1995,0.1,1,0.1,1.0,0.1,0.75,1.0,0.0,0.0,0.0,0.0,0.0,0.0,0.0,0.0,0.0,time,0.0,0.0,0.0,0.0,0.0
1996,0.1,1,0.1,1.0,0.1,1.0,0.25,0.0,0.0,0.0,0.0,0.0,0.0,0.0,0.0,0.0,time,0.0,0.0,0.0,0.0,0.0
1997,0.1,1,0.1,1.0,0.1,1.0,0.5,0.0,0.0,0.0,0.0,0.0,0.0,0.0,0.0,0.0,time,0.0,0.0,0.0,0.0,0.0
1998,0.1,1,0.1,1.0,0.1,1.0,0.75,0.0,0.0,0.0,0.0,0.0,0.0,0.0,0.0,0.0,time,0.0,0.0,0.0,0.0,0.0
1999,0.1,1,0.1,1.0,0.1,1.0,1.0,0.0,0.0,0.0,0.0,0.0,0.0,0.0,0.0,0.0,time,0.0,0.0,0.0,0.0,0.0
2000,0.1,1,0.1,1.0,1.0,0.25,0.25,0.0,0.0,0.0,0.0,0.0,0.0,0.0,0.0,0.0,time,0.0,0.0,0.0,0.0,0.0
2001,0.1,1,0.1,1.0,1.0,0.25,0.5,0.0,0.0,0.0,0.0,0.0,0.0,0.0,0.0,0.0,time,0.0,0.0,0.0,0.0,0.0
2002,0.1,1,0.1,1.0,1.0,0.25,0.75,0.0,0.0,0.0,0.0,0.0,0.0,0.0,0.0,0.0,time,0.0,0.0,0.0,0.0,0.0
2003,0.1,1,0.1,1.0,1.0,0.25,1.0,0.0,0.0,0.0,0.0,0.0,0.0,0.0,0.0,0.0,time,0.0,0.0,0.0,0.0,0.0
2004,0.1,1,0.1,1.0,1.0,0.5,0.25,0.0,0.0,0.0,0.0,0.0,0.0,0.0,0.0,0.0,time,0.0,0.0,0.0,0.0,0.0
2005,0.1,1,0.1,1.0,1.0,0.5,0.5,0.0,0.0,0.0,0.0,0.0,0.0,0.0,0.0,0.0,time,0.0,0.0,0.0,0.0,0.0
2006,0.1,1,0.1,1.0,1.0,0.5,0.75,0.0,0.0,0.0,0.0,0.0,0.0,0.0,0.0,0.0,time,0.0,0.0,0.0,0.0,0.0
2007,0.1,1,0.1,1.0,1.0,0.5,1.0,0.0,0.0,0.0,0.0,0.0,0.0,0.0,0.0,0.0,time,0.0,0.0,0.0,0.0,0.0
2008,0.1,1,0.1,1.0,1.0,0.75,0.25,0.0,0.0,0.0,0.0,0.0,0.0,0.0,0.0,0.0,time,0.0,0.0,0.0,0.0,0.0
2009,0.1,1,0.1,1.0,1.0,0.75,0.5,0.0,0.0,0.0,0.0,0.0,0.0,0.0,0.0,0.0,time,0.0,0.0,0.0,0.0,0.0
2010,0.1,1,0.1,1.0,1.0,0.75,0.75,0.0,0.0,0.0,0.0,0.0,0.0,0.0,0.0,0.0,time,0.0,0.0,0.0,0.0,0.0
2011,0.1,1,0.1,1.0,1.0,0.75,1.0,0.0,0.0,0.0,0.0,0.0,0.0,0.0,0.0,0.0,time,0.0,0.0,0.0,0.0,0.0
2012,0.1,1,0.1,1.0,1.0,1.0,0.25,0.0,0.0,0.0,0.0,0.0,0.0,0.0,0.0,0.0,time,0.0,0.0,0.0,0.0,0.0
2013,0.1,1,0.1,1.0,1.0,1.0,0.5,0.0,0.0,0.0,0.0,0.0,0.0,0.0,0.0,0.0,time,0.0,0.0,0.0,0.0,0.0
2014,0.1,1,0.1,1.0,1.0,1.0,0.75,0.0,0.0,0.0,0.0,0.0,0.0,0.0,0.0,0.0,time,0.0,0.0,0.0,0.0,0.0
2015,0.1,1,0.1,1.0,1.0,1.0,1.0,0.0,0.0,0.0,0.0,0.0,0.0,0.0,0.0,0.0,time,0.0,0.0,0.0,0.0,0.0
2016,0.1,1,1.0,0.0,0.0,0.25,0.25,0.0,0.0,0.0,0.0,0.0,0.0,0.0,0.0,0.0,time,0.0,0.0,0.0,0.0,0.0
2017,0.1,1,1.0,0.0,0.0,0.25,0.5,0.0,0.0,0.0,0.0,0.0,0.0,0.0,0.0,0.0,time,0.0,0.0,0.0,0.0,0.0
2018,0.1,1,1.0,0.0,0.0,0.25,0.75,0.0,0.0,0.0,0.0,0.0,0.0,0.0,0.0,0.0,time,0.0,0.0,0.0,0.0,0.0
2019,0.1,1,1.0,0.0,0.0,0.25,1.0,0.0,0.0,0.0,0.0,0.0,0.0,0.0,0.0,0.0,time,0.0,0.0,0.0,0.0,0.0
2020,0.1,1,1.0,0.0,0.0,0.5,0.25,0.0,0.0,0.0,0.0,0.0,0.0,0.0,0.0,0.0,time,0.0,0.0,0.0,0.0,0.0
2021,0.1,1,1.0,0.0,0.0,0.5,0.5,0.0,0.0,0.0,0.0,0.0,0.0,0.0,0.0,0.0,time,0.0,0.0,0.0,0.0,0.0
2022,0.1,1,1.0,0.0,0.0,0.5,0.75,0.0,0.0,0.0,0.0,0.0,0.0,0.0,0.0,0.0,time,0.0,0.0,0.0,0.0,0.0
2023,0.1,1,1.0,0.0,0.0,0.5,1.0,0.0,0.0,0.0,0.0,0.0,0.0,0.0,0.0,0.0,time,0.0,0.0,0.0,0.0,0.0
2024,0.1,1,1.0,0.0,0.0,0.75,0.25,0.0,0.0,0.0,0.0,0.0,0.0,0.0,0.0,0.0,time,0.0,0.0,0.0,0.0,0.0
2025,0.1,1,1.0,0.0,0.0,0.75,0.5,0.0,0.0,0.0,0.0,0.0,0.0,0.0,0.0,0.0,time,0.0,0.0,0.0,0.0,0.0
2026,0.1,1,1.0,0.0,0.0,0.75,0.75,0.0,0.0,0.0,0.0,0.0,0.0,0.0,0.0,0.0,time,0.0,0.0,0.0,0.0,0.0
2027,0.1,1,1.0,0.0,0.0,0.75,1.0,0.0,0.0,0.0,0.0,0.0,0.0,0.0,0.0,0.0,time,0.0,0.0,0.0,0.0,0.0
2028,0.1,1,1.0,0.0,0.0,1.0,0.25,0.0,0.0,0.0,0.0,0.0,0.0,0.0,0.0,0.0,time,0.0,0.0,0.0,0.0,0.0
2029,0.1,1,1.0,0.0,0.0,1.0,0.5,0.0,0.0,0.0,0.0,0.0,0.0,0.0,0.0,0.0,time,0.0,0.0,0.0,0.0,0.0
2030,0.1,1,1.0,0.0,0.0,1.0,0.75,0.0,0.0,0.0,0.0,0.0,0.0,0.0,0.0,0.0,time,0.0,0.0,0.0,0.0,0.0
2031,0.1,1,1.0,0.0,0.0,1.0,1.0,0.0,0.0,0.0,0.0,0.0,0.0,0.0,0.0,0.0,time,0.0,0.0,0.0,0.0,0.0
2032,0.1,1,1.0,0.0,0.1,0.25,0.25,0.0,0.0,0.0,0.0,0.0,0.0,0.0,0.0,0.0,time,0.0,0.0,0.0,0.0,0.0
2033,0.1,1,1.0,0.0,0.1,0.25,0.5,0.0,0.0,0.0,0.0,0.0,0.0,0.0,0.0,0.0,time,0.0,0.0,0.0,0.0,0.0
2034,0.1,1,1.0,0.0,0.1,0.25,0.75,0.0,0.0,0.0,0.0,0.0,0.0,0.0,0.0,0.0,time,0.0,0.0,0.0,0.0,0.0
2035,0.1,1,1.0,0.0,0.1,0.25,1.0,0.0,0.0,0.0,0.0,0.0,0.0,0.0,0.0,0.0,time,0.0,0.0,0.0,0.0,0.0
2036,0.1,1,1.0,0.0,0.1,0.5,0.25,0.0,0.0,0.0,0.0,0.0,0.0,0.0,0.0,0.0,time,0.0,0.0,0.0,0.0,0.0
2037,0.1,1,1.0,0.0,0.1,0.5,0.5,0.0,0.0,0.0,0.0,0.0,0.0,0.0,0.0,0.0,time,0.0,0.0,0.0,0.0,0.0
2038,0.1,1,1.0,0.0,0.1,0.5,0.75,0.0,0.0,0.0,0.0,0.0,0.0,0.0,0.0,0.0,time,0.0,0.0,0.0,0.0,0.0
2039,0.1,1,1.0,0.0,0.1,0.5,1.0,0.0,0.0,0.0,0.0,0.0,0.0,0.0,0.0,0.0,time,0.0,0.0,0.0,0.0,0.0
2040,0.1,1,1.0,0.0,0.1,0.75,0.25,0.0,0.0,0.0,0.0,0.0,0.0,0.0,0.0,0.0,time,0.0,0.0,0.0,0.0,0.0
2041,0.1,1,1.0,0.0,0.1,0.75,0.5,0.0,0.0,0.0,0.0,0.0,0.0,0.0,0.0,0.0,time,0.0,0.0,0.0,0.0,0.0
2042,0.1,1,1.0,0.0,0.1,0.75,0.75,0.0,0.0,0.0,0.0,0.0,0.0,0.0,0.0,0.0,time,0.0,0.0,0.0,0.0,0.0
2043,0.1,1,1.0,0.0,0.1,0.75,1.0,0.0,0.0,0.0,0.0,0.0,0.0,0.0,0.0,0.0,time,0.0,0.0,0.0,0.0,0.0
2044,0.1,1,1.0,0.0,0.1,1.0,0.25,0.0,0.0,0.0,0.0,0.0,0.0,0.0,0.0,0.0,time,0.0,0.0,0.0,0.0,0.0
2045,0.1,1,1.0,0.0,0.1,1.0,0.5,0.0,0.0,0.0,0.0,0.0,0.0,0.0,0.0,0.0,time,0.0,0.0,0.0,0.0,0.0
2046,0.1,1,1.0,0.0,0.1,1.0,0.75,0.0,0.0,0.0,0.0,0.0,0.0,0.0,0.0,0.0,time,0.0,0.0,0.0,0.0,0.0
2047,0.1,1,1.0,0.0,0.1,1.0,1.0,0.0,0.0,0.0,0.0,0.0,0.0,0.0,0.0,0.0,time,0.0,0.0,0.0,0.0,0.0
2048,0.1,1,1.0,0.0,1.0,0.25,0.25,0.0,0.0,0.0,0.0,0.0,0.0,0.0,0.0,0.0,time,0.0,0.0,0.0,0.0,0.0
2049,0.1,1,1.0,0.0,1.0,0.25,0.5,0.0,0.0,0.0,0.0,0.0,0.0,0.0,0.0,0.0,time,0.0,0.0,0.0,0.0,0.0
2050,0.1,1,1.0,0.0,1.0,0.25,0.75,0.0,0.0,0.0,0.0,0.0,0.0,0.0,0.0,0.0,time,0.0,0.0,0.0,0.0,0.0
2051,0.1,1,1.0,0.0,1.0,0.25,1.0,0.0,0.0,0.0,0.0,0.0,0.0,0.0,0.0,0.0,time,0.0,0.0,0.0,0.0,0.0
2052,0.1,1,1.0,0.0,1.0,0.5,0.25,0.0,0.0,0.0,0.0,0.0,0.0,0.0,0.0,0.0,time,0.0,0.0,0.0,0.0,0.0
2053,0.1,1,1.0,0.0,1.0,0.5,0.5,0.0,0.0,0.0,0.0,0.0,0.0,0.0,0.0,0.0,time,0.0,0.0,0.0,0.0,0.0
2054,0.1,1,1.0,0.0,1.0,0.5,0.75,0.0,0.0,0.0,0.0,0.0,0.0,0.0,0.0,0.0,time,0.0,0.0,0.0,0.0,0.0
2055,0.1,1,1.0,0.0,1.0,0.5,1.0,0.0,0.0,0.0,0.0,0.0,0.0,0.0,0.0,0.0,time,0.0,0.0,0.0,0.0,0.0
2056,0.1,1,1.0,0.0,1.0,0.75,0.25,0.0,0.0,0.0,0.0,0.0,0.0,0.0,0.0,0.0,time,0.0,0.0,0.0,0.0,0.0
2057,0.1,1,1.0,0.0,1.0,0.75,0.5,0.0,0.0,0.0,0.0,0.0,0.0,0.0,0.0,0.0,time,0.0,0.0,0.0,0.0,0.0
2058,0.1,1,1.0,0.0,1.0,0.75,0.75,0.0,0.0,0.0,0.0,0.0,0.0,0.0,0.0,0.0,time,0.0,0.0,0.0,0.0,0.0
2059,0.1,1,1.0,0.0,1.0,0.75,1.0,0.0,0.0,0.0,0.0,0.0,0.0,0.0,0.0,0.0,time,0.0,0.0,0.0,0.0,0.0
2060,0.1,1,1.0,0.0,1.0,1.0,0.25,0.0,0.0,0.0,0.0,0.0,0.0,0.0,0.0,0.0,time,0.0,0.0,0.0,0.0,0.0
2061,0.1,1,1.0,0.0,1.0,1.0,0.5,0.0,0.0,0.0,0.0,0.0,0.0,0.0,0.0,0.0,time,0.0,0.0,0.0,0.0,0.0
2062,0.1,1,1.0,0.0,1.0,1.0,0.75,0.0,0.0,0.0,0.0,0.0,0.0,0.0,0.0,0.0,time,0.0,0.0,0.0,0.0,0.0
2063,0.1,1,1.0,0.0,1.0,1.0,1.0,0.0,0.0,0.0,0.0,0.0,0.0,0.0,0.0,0.0,time,0.0,0.0,0.0,0.0,0.0
2064,0.1,1,1.0,0.1,0.0,0.25,0.25,0.0,0.0,0.0,0.0,0.0,0.0,0.0,0.0,0.0,time,0.0,0.0,0.0,0.0,0.0
2065,0.1,1,1.0,0.1,0.0,0.25,0.5,0.0,0.0,0.0,0.0,0.0,0.0,0.0,0.0,0.0,time,0.0,0.0,0.0,0.0,0.0
2066,0.1,1,1.0,0.1,0.0,0.25,0.75,0.0,0.0,0.0,0.0,0.0,0.0,0.0,0.0,0.0,time,0.0,0.0,0.0,0.0,0.0
2067,0.1,1,1.0,0.1,0.0,0.25,1.0,0.0,0.0,0.0,0.0,0.0,0.0,0.0,0.0,0.0,time,0.0,0.0,0.0,0.0,0.0
2068,0.1,1,1.0,0.1,0.0,0.5,0.25,0.0,0.0,0.0,0.0,0.0,0.0,0.0,0.0,0.0,time,0.0,0.0,0.0,0.0,0.0
2069,0.1,1,1.0,0.1,0.0,0.5,0.5,0.0,0.0,0.0,0.0,0.0,0.0,0.0,0.0,0.0,time,0.0,0.0,0.0,0.0,0.0
2070,0.1,1,1.0,0.1,0.0,0.5,0.75,0.0,0.0,0.0,0.0,0.0,0.0,0.0,0.0,0.0,time,0.0,0.0,0.0,0.0,0.0
2071,0.1,1,1.0,0.1,0.0,0.5,1.0,0.0,0.0,0.0,0.0,0.0,0.0,0.0,0.0,0.0,time,0.0,0.0,0.0,0.0,0.0
2072,0.1,1,1.0,0.1,0.0,0.75,0.25,0.0,0.0,0.0,0.0,0.0,0.0,0.0,0.0,0.0,time,0.0,0.0,0.0,0.0,0.0
2073,0.1,1,1.0,0.1,0.0,0.75,0.5,0.0,0.0,0.0,0.0,0.0,0.0,0.0,0.0,0.0,time,0.0,0.0,0.0,0.0,0.0
2074,0.1,1,1.0,0.1,0.0,0.75,0.75,0.0,0.0,0.0,0.0,0.0,0.0,0.0,0.0,0.0,time,0.0,0.0,0.0,0.0,0.0
2075,0.1,1,1.0,0.1,0.0,0.75,1.0,0.0,0.0,0.0,0.0,0.0,0.0,0.0,0.0,0.0,time,0.0,0.0,0.0,0.0,0.0
2076,0.1,1,1.0,0.1,0.0,1.0,0.25,0.0,0.0,0.0,0.0,0.0,0.0,0.0,0.0,0.0,time,0.0,0.0,0.0,0.0,0.0
2077,0.1,1,1.0,0.1,0.0,1.0,0.5,0.0,0.0,0.0,0.0,0.0,0.0,0.0,0.0,0.0,time,0.0,0.0,0.0,0.0,0.0
2078,0.1,1,1.0,0.1,0.0,1.0,0.75,0.0,0.0,0.0,0.0,0.0,0.0,0.0,0.0,0.0,time,0.0,0.0,0.0,0.0,0.0
2079,0.1,1,1.0,0.1,0.0,1.0,1.0,0.0,0.0,0.0,0.0,0.0,0.0,0.0,0.0,0.0,time,0.0,0.0,0.0,0.0,0.0
2080,0.1,1,1.0,0.1,0.1,0.25,0.25,0.0,0.0,0.0,0.0,0.0,0.0,0.0,0.0,0.0,time,0.0,0.0,0.0,0.0,0.0
2081,0.1,1,1.0,0.1,0.1,0.25,0.5,0.0,0.0,0.0,0.0,0.0,0.0,0.0,0.0,0.0,time,0.0,0.0,0.0,0.0,0.0
2082,0.1,1,1.0,0.1,0.1,0.25,0.75,0.0,0.0,0.0,0.0,0.0,0.0,0.0,0.0,0.0,time,0.0,0.0,0.0,0.0,0.0
2083,0.1,1,1.0,0.1,0.1,0.25,1.0,0.0,0.0,0.0,0.0,0.0,0.0,0.0,0.0,0.0,time,0.0,0.0,0.0,0.0,0.0
2084,0.1,1,1.0,0.1,0.1,0.5,0.25,0.0,0.0,0.0,0.0,0.0,0.0,0.0,0.0,0.0,time,0.0,0.0,0.0,0.0,0.0
2085,0.1,1,1.0,0.1,0.1,0.5,0.5,0.0,0.0,0.0,0.0,0.0,0.0,0.0,0.0,0.0,time,0.0,0.0,0.0,0.0,0.0
2086,0.1,1,1.0,0.1,0.1,0.5,0.75,0.0,0.0,0.0,0.0,0.0,0.0,0.0,0.0,0.0,time,0.0,0.0,0.0,0.0,0.0
2087,0.1,1,1.0,0.1,0.1,0.5,1.0,0.0,0.0,0.0,0.0,0.0,0.0,0.0,0.0,0.0,time,0.0,0.0,0.0,0.0,0.0
2088,0.1,1,1.0,0.1,0.1,0.75,0.25,0.0,0.0,0.0,0.0,0.0,0.0,0.0,0.0,0.0,time,0.0,0.0,0.0,0.0,0.0
2089,0.1,1,1.0,0.1,0.1,0.75,0.5,0.0,0.0,0.0,0.0,0.0,0.0,0.0,0.0,0.0,time,0.0,0.0,0.0,0.0,0.0
2090,0.1,1,1.0,0.1,0.1,0.75,0.75,0.0,0.0,0.0,0.0,0.0,0.0,0.0,0.0,0.0,time,0.0,0.0,0.0,0.0,0.0
2091,0.1,1,1.0,0.1,0.1,0.75,1.0,0.0,0.0,0.0,0.0,0.0,0.0,0.0,0.0,0.0,time,0.0,0.0,0.0,0.0,0.0
2092,0.1,1,1.0,0.1,0.1,1.0,0.25,0.0,0.0,0.0,0.0,0.0,0.0,0.0,0.0,0.0,time,0.0,0.0,0.0,0.0,0.0
2093,0.1,1,1.0,0.1,0.1,1.0,0.5,0.0,0.0,0.0,0.0,0.0,0.0,0.0,0.0,0.0,time,0.0,0.0,0.0,0.0,0.0
2094,0.1,1,1.0,0.1,0.1,1.0,0.75,0.0,0.0,0.0,0.0,0.0,0.0,0.0,0.0,0.0,time,0.0,0.0,0.0,0.0,0.0
2095,0.1,1,1.0,0.1,0.1,1.0,1.0,0.0,0.0,0.0,0.0,0.0,0.0,0.0,0.0,0.0,time,0.0,0.0,0.0,0.0,0.0
2096,0.1,1,1.0,0.1,1.0,0.25,0.25,0.0,0.0,0.0,0.0,0.0,0.0,0.0,0.0,0.0,time,0.0,0.0,0.0,0.0,0.0
2097,0.1,1,1.0,0.1,1.0,0.25,0.5,0.0,0.0,0.0,0.0,0.0,0.0,0.0,0.0,0.0,time,0.0,0.0,0.0,0.0,0.0
2098,0.1,1,1.0,0.1,1.0,0.25,0.75,0.0,0.0,0.0,0.0,0.0,0.0,0.0,0.0,0.0,time,0.0,0.0,0.0,0.0,0.0
2099,0.1,1,1.0,0.1,1.0,0.25,1.0,0.0,0.0,0.0,0.0,0.0,0.0,0.0,0.0,0.0,time,0.0,0.0,0.0,0.0,0.0
2100,0.1,1,1.0,0.1,1.0,0.5,0.25,0.0,0.0,0.0,0.0,0.0,0.0,0.0,0.0,0.0,time,0.0,0.0,0.0,0.0,0.0
2101,0.1,1,1.0,0.1,1.0,0.5,0.5,0.0,0.0,0.0,0.0,0.0,0.0,0.0,0.0,0.0,time,0.0,0.0,0.0,0.0,0.0
2102,0.1,1,1.0,0.1,1.0,0.5,0.75,0.0,0.0,0.0,0.0,0.0,0.0,0.0,0.0,0.0,time,0.0,0.0,0.0,0.0,0.0
2103,0.1,1,1.0,0.1,1.0,0.5,1.0,0.0,0.0,0.0,0.0,0.0,0.0,0.0,0.0,0.0,time,0.0,0.0,0.0,0.0,0.0
2104,0.1,1,1.0,0.1,1.0,0.75,0.25,0.0,0.0,0.0,0.0,0.0,0.0,0.0,0.0,0.0,time,0.0,0.0,0.0,0.0,0.0
2105,0.1,1,1.0,0.1,1.0,0.75,0.5,0.0,0.0,0.0,0.0,0.0,0.0,0.0,0.0,0.0,time,0.0,0.0,0.0,0.0,0.0
2106,0.1,1,1.0,0.1,1.0,0.75,0.75,0.0,0.0,0.0,0.0,0.0,0.0,0.0,0.0,0.0,time,0.0,0.0,0.0,0.0,0.0
2107,0.1,1,1.0,0.1,1.0,0.75,1.0,0.0,0.0,0.0,0.0,0.0,0.0,0.0,0.0,0.0,time,0.0,0.0,0.0,0.0,0.0
2108,0.1,1,1.0,0.1,1.0,1.0,0.25,0.0,0.0,0.0,0.0,0.0,0.0,0.0,0.0,0.0,time,0.0,0.0,0.0,0.0,0.0
2109,0.1,1,1.0,0.1,1.0,1.0,0.5,0.0,0.0,0.0,0.0,0.0,0.0,0.0,0.0,0.0,time,0.0,0.0,0.0,0.0,0.0
2110,0.1,1,1.0,0.1,1.0,1.0,0.75,0.0,0.0,0.0,0.0,0.0,0.0,0.0,0.0,0.0,time,0.0,0.0,0.0,0.0,0.0
2111,0.1,1,1.0,0.1,1.0,1.0,1.0,0.0,0.0,0.0,0.0,0.0,0.0,0.0,0.0,0.0,time,0.0,0.0,0.0,0.0,0.0
2112,0.1,1,1.0,1.0,0.0,0.25,0.25,0.0,0.0,0.0,0.0,0.0,0.0,0.0,0.0,0.0,time,0.0,0.0,0.0,0.0,0.0
2113,0.1,1,1.0,1.0,0.0,0.25,0.5,0.0,0.0,0.0,0.0,0.0,0.0,0.0,0.0,0.0,time,0.0,0.0,0.0,0.0,0.0
2114,0.1,1,1.0,1.0,0.0,0.25,0.75,0.0,0.0,0.0,0.0,0.0,0.0,0.0,0.0,0.0,time,0.0,0.0,0.0,0.0,0.0
2115,0.1,1,1.0,1.0,0.0,0.25,1.0,0.0,0.0,0.0,0.0,0.0,0.0,0.0,0.0,0.0,time,0.0,0.0,0.0,0.0,0.0
2116,0.1,1,1.0,1.0,0.0,0.5,0.25,0.0,0.0,0.0,0.0,0.0,0.0,0.0,0.0,0.0,time,0.0,0.0,0.0,0.0,0.0
2117,0.1,1,1.0,1.0,0.0,0.5,0.5,0.0,0.0,0.0,0.0,0.0,0.0,0.0,0.0,0.0,time,0.0,0.0,0.0,0.0,0.0
2118,0.1,1,1.0,1.0,0.0,0.5,0.75,0.0,0.0,0.0,0.0,0.0,0.0,0.0,0.0,0.0,time,0.0,0.0,0.0,0.0,0.0
2119,0.1,1,1.0,1.0,0.0,0.5,1.0,0.0,0.0,0.0,0.0,0.0,0.0,0.0,0.0,0.0,time,0.0,0.0,0.0,0.0,0.0
2120,0.1,1,1.0,1.0,0.0,0.75,0.25,0.0,0.0,0.0,0.0,0.0,0.0,0.0,0.0,0.0,time,0.0,0.0,0.0,0.0,0.0
2121,0.1,1,1.0,1.0,0.0,0.75,0.5,0.0,0.0,0.0,0.0,0.0,0.0,0.0,0.0,0.0,time,0.0,0.0,0.0,0.0,0.0
2122,0.1,1,1.0,1.0,0.0,0.75,0.75,0.0,0.0,0.0,0.0,0.0,0.0,0.0,0.0,0.0,time,0.0,0.0,0.0,0.0,0.0
2123,0.1,1,1.0,1.0,0.0,0.75,1.0,0.0,0.0,0.0,0.0,0.0,0.0,0.0,0.0,0.0,time,0.0,0.0,0.0,0.0,0.0
2124,0.1,1,1.0,1.0,0.0,1.0,0.25,0.0,0.0,0.0,0.0,0.0,0.0,0.0,0.0,0.0,time,0.0,0.0,0.0,0.0,0.0
2125,0.1,1,1.0,1.0,0.0,1.0,0.5,0.0,0.0,0.0,0.0,0.0,0.0,0.0,0.0,0.0,time,0.0,0.0,0.0,0.0,0.0
2126,0.1,1,1.0,1.0,0.0,1.0,0.75,0.0,0.0,0.0,0.0,0.0,0.0,0.0,0.0,0.0,time,0.0,0.0,0.0,0.0,0.0
2127,0.1,1,1.0,1.0,0.0,1.0,1.0,0.0,0.0,0.0,0.0,0.0,0.0,0.0,0.0,0.0,time,0.0,0.0,0.0,0.0,0.0
2128,0.1,1,1.0,1.0,0.1,0.25,0.25,0.0,0.0,0.0,0.0,0.0,0.0,0.0,0.0,0.0,time,0.0,0.0,0.0,0.0,0.0
2129,0.1,1,1.0,1.0,0.1,0.25,0.5,0.0,0.0,0.0,0.0,0.0,0.0,0.0,0.0,0.0,time,0.0,0.0,0.0,0.0,0.0
2130,0.1,1,1.0,1.0,0.1,0.25,0.75,0.0,0.0,0.0,0.0,0.0,0.0,0.0,0.0,0.0,time,0.0,0.0,0.0,0.0,0.0
2131,0.1,1,1.0,1.0,0.1,0.25,1.0,0.0,0.0,0.0,0.0,0.0,0.0,0.0,0.0,0.0,time,0.0,0.0,0.0,0.0,0.0
2132,0.1,1,1.0,1.0,0.1,0.5,0.25,0.0,0.0,0.0,0.0,0.0,0.0,0.0,0.0,0.0,time,0.0,0.0,0.0,0.0,0.0
2133,0.1,1,1.0,1.0,0.1,0.5,0.5,0.0,0.0,0.0,0.0,0.0,0.0,0.0,0.0,0.0,time,0.0,0.0,0.0,0.0,0.0
2134,0.1,1,1.0,1.0,0.1,0.5,0.75,0.0,0.0,0.0,0.0,0.0,0.0,0.0,0.0,0.0,time,0.0,0.0,0.0,0.0,0.0
2135,0.1,1,1.0,1.0,0.1,0.5,1.0,0.0,0.0,0.0,0.0,0.0,0.0,0.0,0.0,0.0,time,0.0,0.0,0.0,0.0,0.0
2136,0.1,1,1.0,1.0,0.1,0.75,0.25,0.0,0.0,0.0,0.0,0.0,0.0,0.0,0.0,0.0,time,0.0,0.0,0.0,0.0,0.0
2137,0.1,1,1.0,1.0,0.1,0.75,0.5,0.0,0.0,0.0,0.0,0.0,0.0,0.0,0.0,0.0,time,0.0,0.0,0.0,0.0,0.0
2138,0.1,1,1.0,1.0,0.1,0.75,0.75,0.0,0.0,0.0,0.0,0.0,0.0,0.0,0.0,0.0,time,0.0,0.0,0.0,0.0,0.0
2139,0.1,1,1.0,1.0,0.1,0.75,1.0,0.0,0.0,0.0,0.0,0.0,0.0,0.0,0.0,0.0,time,0.0,0.0,0.0,0.0,0.0
2140,0.1,1,1.0,1.0,0.1,1.0,0.25,0.0,0.0,0.0,0.0,0.0,0.0,0.0,0.0,0.0,time,0.0,0.0,0.0,0.0,0.0
2141,0.1,1,1.0,1.0,0.1,1.0,0.5,0.0,0.0,0.0,0.0,0.0,0.0,0.0,0.0,0.0,time,0.0,0.0,0.0,0.0,0.0
2142,0.1,1,1.0,1.0,0.1,1.0,0.75,0.0,0.0,0.0,0.0,0.0,0.0,0.0,0.0,0.0,time,0.0,0.0,0.0,0.0,0.0
2143,0.1,1,1.0,1.0,0.1,1.0,1.0,0.0,0.0,0.0,0.0,0.0,0.0,0.0,0.0,0.0,time,0.0,0.0,0.0,0.0,0.0
2144,0.1,1,1.0,1.0,1.0,0.25,0.25,0.0,0.0,0.0,0.0,0.0,0.0,0.0,0.0,0.0,time,0.0,0.0,0.0,0.0,0.0
2145,0.1,1,1.0,1.0,1.0,0.25,0.5,0.0,0.0,0.0,0.0,0.0,0.0,0.0,0.0,0.0,time,0.0,0.0,0.0,0.0,0.0
2146,0.1,1,1.0,1.0,1.0,0.25,0.75,0.0,0.0,0.0,0.0,0.0,0.0,0.0,0.0,0.0,time,0.0,0.0,0.0,0.0,0.0
2147,0.1,1,1.0,1.0,1.0,0.25,1.0,0.0,0.0,0.0,0.0,0.0,0.0,0.0,0.0,0.0,time,0.0,0.0,0.0,0.0,0.0
2148,0.1,1,1.0,1.0,1.0,0.5,0.25,0.0,0.0,0.0,0.0,0.0,0.0,0.0,0.0,0.0,time,0.0,0.0,0.0,0.0,0.0
2149,0.1,1,1.0,1.0,1.0,0.5,0.5,0.0,0.0,0.0,0.0,0.0,0.0,0.0,0.0,0.0,time,0.0,0.0,0.0,0.0,0.0
2150,0.1,1,1.0,1.0,1.0,0.5,0.75,0.0,0.0,0.0,0.0,0.0,0.0,0.0,0.0,0.0,time,0.0,0.0,0.0,0.0,0.0
2151,0.1,1,1.0,1.0,1.0,0.5,1.0,0.0,0.0,0.0,0.0,0.0,0.0,0.0,0.0,0.0,time,0.0,0.0,0.0,0.0,0.0
2152,0.1,1,1.0,1.0,1.0,0.75,0.25,0.0,0.0,0.0,0.0,0.0,0.0,0.0,0.0,0.0,time,0.0,0.0,0.0,0.0,0.0
2153,0.1,1,1.0,1.0,1.0,0.75,0.5,0.0,0.0,0.0,0.0,0.0,0.0,0.0,0.0,0.0,time,0.0,0.0,0.0,0.0,0.0
2154,0.1,1,1.0,1.0,1.0,0.75,0.75,0.0,0.0,0.0,0.0,0.0,0.0,0.0,0.0,0.0,time,0.0,0.0,0.0,0.0,0.0
2155,0.1,1,1.0,1.0,1.0,0.75,1.0,0.0,0.0,0.0,0.0,0.0,0.0,0.0,0.0,0.0,time,0.0,0.0,0.0,0.0,0.0
2156,0.1,1,1.0,1.0,1.0,1.0,0.25,0.0,0.0,0.0,0.0,0.0,0.0,0.0,0.0,0.0,time,0.0,0.0,0.0,0.0,0.0
2157,0.1,1,1.0,1.0,1.0,1.0,0.5,0.0,0.0,0.0,0.0,0.0,0.0,0.0,0.0,0.0,time,0.0,0.0,0.0,0.0,0.0
2158,0.1,1,1.0,1.0,1.0,1.0,0.75,0.0,0.0,0.0,0.0,0.0,0.0,0.0,0.0,0.0,time,0.0,0.0,0.0,0.0,0.0
2159,0.1,1,1.0,1.0,1.0,1.0,1.0,0.0,0.0,0.0,0.0,0.0,0.0,0.0,0.0,0.0,time,0.0,0.0,0.0,0.0,0.0
2160,0.1,2,0.0,0.0,0.0,0.25,0.25,0.0,0.0,0.0,0.0,0.0,0.0,0.0,0.0,0.0,time,0.0,0.0,0.0,0.0,0.0
2161,0.1,2,0.0,0.0,0.0,0.25,0.5,0.0,0.0,0.0,0.0,0.0,0.0,0.0,0.0,0.0,time,0.0,0.0,0.0,0.0,0.0
2162,0.1,2,0.0,0.0,0.0,0.25,0.75,0.0,0.0,0.0,0.0,0.0,0.0,0.0,0.0,0.0,time,0.0,0.0,0.0,0.0,0.0
2163,0.1,2,0.0,0.0,0.0,0.25,1.0,0.0,0.0,0.0,0.0,0.0,0.0,0.0,0.0,0.0,time,0.0,0.0,0.0,0.0,0.0
2164,0.1,2,0.0,0.0,0.0,0.5,0.25,0.0,0.0,0.0,0.0,0.0,0.0,0.0,0.0,0.0,time,0.0,0.0,0.0,0.0,0.0
2165,0.1,2,0.0,0.0,0.0,0.5,0.5,0.0,0.0,0.0,0.0,0.0,0.0,0.0,0.0,0.0,time,0.0,0.0,0.0,0.0,0.0
2166,0.1,2,0.0,0.0,0.0,0.5,0.75,0.0,0.0,0.0,0.0,0.0,0.0,0.0,0.0,0.0,time,0.0,0.0,0.0,0.0,0.0
2167,0.1,2,0.0,0.0,0.0,0.5,1.0,0.0,0.0,0.0,0.0,0.0,0.0,0.0,0.0,0.0,time,0.0,0.0,0.0,0.0,0.0
2168,0.1,2,0.0,0.0,0.0,0.75,0.25,0.0,0.0,0.0,0.0,0.0,0.0,0.0,0.0,0.0,time,0.0,0.0,0.0,0.0,0.0
2169,0.1,2,0.0,0.0,0.0,0.75,0.5,0.0,0.0,0.0,0.0,0.0,0.0,0.0,0.0,0.0,time,0.0,0.0,0.0,0.0,0.0
2170,0.1,2,0.0,0.0,0.0,0.75,0.75,0.0,0.0,0.0,0.0,0.0,0.0,0.0,0.0,0.0,time,0.0,0.0,0.0,0.0,0.0
2171,0.1,2,0.0,0.0,0.0,0.75,1.0,0.0,0.0,0.0,0.0,0.0,0.0,0.0,0.0,0.0,time,0.0,0.0,0.0,0.0,0.0
2172,0.1,2,0.0,0.0,0.0,1.0,0.25,0.0,0.0,0.0,0.0,0.0,0.0,0.0,0.0,0.0,time,0.0,0.0,0.0,0.0,0.0
2173,0.1,2,0.0,0.0,0.0,1.0,0.5,0.0,0.0,0.0,0.0,0.0,0.0,0.0,0.0,0.0,time,0.0,0.0,0.0,0.0,0.0
2174,0.1,2,0.0,0.0,0.0,1.0,0.75,0.0,0.0,0.0,0.0,0.0,0.0,0.0,0.0,0.0,time,0.0,0.0,0.0,0.0,0.0
2175,0.1,2,0.0,0.0,0.0,1.0,1.0,0.0,0.0,0.0,0.0,0.0,0.0,0.0,0.0,0.0,time,0.0,0.0,0.0,0.0,0.0
2176,0.1,2,0.0,0.0,0.1,0.25,0.25,0.0,0.0,0.0,0.0,0.0,0.0,0.0,0.0,0.0,time,0.0,0.0,0.0,0.0,0.0
2177,0.1,2,0.0,0.0,0.1,0.25,0.5,0.0,0.0,0.0,0.0,0.0,0.0,0.0,0.0,0.0,time,0.0,0.0,0.0,0.0,0.0
2178,0.1,2,0.0,0.0,0.1,0.25,0.75,0.0,0.0,0.0,0.0,0.0,0.0,0.0,0.0,0.0,time,0.0,0.0,0.0,0.0,0.0
2179,0.1,2,0.0,0.0,0.1,0.25,1.0,0.0,0.0,0.0,0.0,0.0,0.0,0.0,0.0,0.0,time,0.0,0.0,0.0,0.0,0.0
2180,0.1,2,0.0,0.0,0.1,0.5,0.25,0.0,0.0,0.0,0.0,0.0,0.0,0.0,0.0,0.0,time,0.0,0.0,0.0,0.0,0.0
2181,0.1,2,0.0,0.0,0.1,0.5,0.5,0.0,0.0,0.0,0.0,0.0,0.0,0.0,0.0,0.0,time,0.0,0.0,0.0,0.0,0.0
2182,0.1,2,0.0,0.0,0.1,0.5,0.75,0.0,0.0,0.0,0.0,0.0,0.0,0.0,0.0,0.0,time,0.0,0.0,0.0,0.0,0.0
2183,0.1,2,0.0,0.0,0.1,0.5,1.0,0.0,0.0,0.0,0.0,0.0,0.0,0.0,0.0,0.0,time,0.0,0.0,0.0,0.0,0.0
2184,0.1,2,0.0,0.0,0.1,0.75,0.25,0.0,0.0,0.0,0.0,0.0,0.0,0.0,0.0,0.0,time,0.0,0.0,0.0,0.0,0.0
2185,0.1,2,0.0,0.0,0.1,0.75,0.5,0.0,0.0,0.0,0.0,0.0,0.0,0.0,0.0,0.0,time,0.0,0.0,0.0,0.0,0.0
2186,0.1,2,0.0,0.0,0.1,0.75,0.75,0.0,0.0,0.0,0.0,0.0,0.0,0.0,0.0,0.0,time,0.0,0.0,0.0,0.0,0.0
2187,0.1,2,0.0,0.0,0.1,0.75,1.0,0.0,0.0,0.0,0.0,0.0,0.0,0.0,0.0,0.0,time,0.0,0.0,0.0,0.0,0.0
2188,0.1,2,0.0,0.0,0.1,1.0,0.25,0.0,0.0,0.0,0.0,0.0,0.0,0.0,0.0,0.0,time,0.0,0.0,0.0,0.0,0.0
2189,0.1,2,0.0,0.0,0.1,1.0,0.5,0.0,0.0,0.0,0.0,0.0,0.0,0.0,0.0,0.0,time,0.0,0.0,0.0,0.0,0.0
2190,0.1,2,0.0,0.0,0.1,1.0,0.75,0.0,0.0,0.0,0.0,0.0,0.0,0.0,0.0,0.0,time,0.0,0.0,0.0,0.0,0.0
2191,0.1,2,0.0,0.0,0.1,1.0,1.0,0.0,0.0,0.0,0.0,0.0,0.0,0.0,0.0,0.0,time,0.0,0.0,0.0,0.0,0.0
2192,0.1,2,0.0,0.0,1.0,0.25,0.25,0.0,0.0,0.0,0.0,0.0,0.0,0.0,0.0,0.0,time,0.0,0.0,0.0,0.0,0.0
2193,0.1,2,0.0,0.0,1.0,0.25,0.5,0.0,0.0,0.0,0.0,0.0,0.0,0.0,0.0,0.0,time,0.0,0.0,0.0,0.0,0.0
2194,0.1,2,0.0,0.0,1.0,0.25,0.75,0.0,0.0,0.0,0.0,0.0,0.0,0.0,0.0,0.0,time,0.0,0.0,0.0,0.0,0.0
2195,0.1,2,0.0,0.0,1.0,0.25,1.0,0.0,0.0,0.0,0.0,0.0,0.0,0.0,0.0,0.0,time,0.0,0.0,0.0,0.0,0.0
2196,0.1,2,0.0,0.0,1.0,0.5,0.25,0.0,0.0,0.0,0.0,0.0,0.0,0.0,0.0,0.0,time,0.0,0.0,0.0,0.0,0.0
2197,0.1,2,0.0,0.0,1.0,0.5,0.5,0.0,0.0,0.0,0.0,0.0,0.0,0.0,0.0,0.0,time,0.0,0.0,0.0,0.0,0.0
2198,0.1,2,0.0,0.0,1.0,0.5,0.75,0.0,0.0,0.0,0.0,0.0,0.0,0.0,0.0,0.0,time,0.0,0.0,0.0,0.0,0.0
2199,0.1,2,0.0,0.0,1.0,0.5,1.0,0.0,0.0,0.0,0.0,0.0,0.0,0.0,0.0,0.0,time,0.0,0.0,0.0,0.0,0.0
2200,0.1,2,0.0,0.0,1.0,0.75,0.25,0.0,0.0,0.0,0.0,0.0,0.0,0.0,0.0,0.0,time,0.0,0.0,0.0,0.0,0.0
2201,0.1,2,0.0,0.0,1.0,0.75,0.5,0.0,0.0,0.0,0.0,0.0,0.0,0.0,0.0,0.0,time,0.0,0.0,0.0,0.0,0.0
2202,0.1,2,0.0,0.0,1.0,0.75,0.75,0.0,0.0,0.0,0.0,0.0,0.0,0.0,0.0,0.0,time,0.0,0.0,0.0,0.0,0.0
2203,0.1,2,0.0,0.0,1.0,0.75,1.0,0.0,0.0,0.0,0.0,0.0,0.0,0.0,0.0,0.0,time,0.0,0.0,0.0,0.0,0.0
2204,0.1,2,0.0,0.0,1.0,1.0,0.25,0.0,0.0,0.0,0.0,0.0,0.0,0.0,0.0,0.0,time,0.0,0.0,0.0,0.0,0.0
2205,0.1,2,0.0,0.0,1.0,1.0,0.5,0.0,0.0,0.0,0.0,0.0,0.0,0.0,0.0,0.0,time,0.0,0.0,0.0,0.0,0.0
2206,0.1,2,0.0,0.0,1.0,1.0,0.75,0.0,0.0,0.0,0.0,0.0,0.0,0.0,0.0,0.0,time,0.0,0.0,0.0,0.0,0.0
2207,0.1,2,0.0,0.0,1.0,1.0,1.0,0.0,0.0,0.0,0.0,0.0,0.0,0.0,0.0,0.0,time,0.0,0.0,0.0,0.0,0.0
2208,0.1,2,0.0,0.1,0.0,0.25,0.25,0.0,0.0,0.0,0.0,0.0,0.0,0.0,0.0,0.0,time,0.0,0.0,0.0,0.0,0.0
2209,0.1,2,0.0,0.1,0.0,0.25,0.5,0.0,0.0,0.0,0.0,0.0,0.0,0.0,0.0,0.0,time,0.0,0.0,0.0,0.0,0.0
2210,0.1,2,0.0,0.1,0.0,0.25,0.75,0.0,0.0,0.0,0.0,0.0,0.0,0.0,0.0,0.0,time,0.0,0.0,0.0,0.0,0.0
2211,0.1,2,0.0,0.1,0.0,0.25,1.0,0.0,0.0,0.0,0.0,0.0,0.0,0.0,0.0,0.0,time,0.0,0.0,0.0,0.0,0.0
2212,0.1,2,0.0,0.1,0.0,0.5,0.25,0.0,0.0,0.0,0.0,0.0,0.0,0.0,0.0,0.0,time,0.0,0.0,0.0,0.0,0.0
2213,0.1,2,0.0,0.1,0.0,0.5,0.5,0.0,0.0,0.0,0.0,0.0,0.0,0.0,0.0,0.0,time,0.0,0.0,0.0,0.0,0.0
2214,0.1,2,0.0,0.1,0.0,0.5,0.75,0.0,0.0,0.0,0.0,0.0,0.0,0.0,0.0,0.0,time,0.0,0.0,0.0,0.0,0.0
2215,0.1,2,0.0,0.1,0.0,0.5,1.0,0.0,0.0,0.0,0.0,0.0,0.0,0.0,0.0,0.0,time,0.0,0.0,0.0,0.0,0.0
2216,0.1,2,0.0,0.1,0.0,0.75,0.25,0.0,0.0,0.0,0.0,0.0,0.0,0.0,0.0,0.0,time,0.0,0.0,0.0,0.0,0.0
2217,0.1,2,0.0,0.1,0.0,0.75,0.5,0.0,0.0,0.0,0.0,0.0,0.0,0.0,0.0,0.0,time,0.0,0.0,0.0,0.0,0.0
2218,0.1,2,0.0,0.1,0.0,0.75,0.75,0.0,0.0,0.0,0.0,0.0,0.0,0.0,0.0,0.0,time,0.0,0.0,0.0,0.0,0.0
2219,0.1,2,0.0,0.1,0.0,0.75,1.0,0.0,0.0,0.0,0.0,0.0,0.0,0.0,0.0,0.0,time,0.0,0.0,0.0,0.0,0.0
2220,0.1,2,0.0,0.1,0.0,1.0,0.25,0.0,0.0,0.0,0.0,0.0,0.0,0.0,0.0,0.0,time,0.0,0.0,0.0,0.0,0.0
2221,0.1,2,0.0,0.1,0.0,1.0,0.5,0.0,0.0,0.0,0.0,0.0,0.0,0.0,0.0,0.0,time,0.0,0.0,0.0,0.0,0.0
2222,0.1,2,0.0,0.1,0.0,1.0,0.75,0.0,0.0,0.0,0.0,0.0,0.0,0.0,0.0,0.0,time,0.0,0.0,0.0,0.0,0.0
2223,0.1,2,0.0,0.1,0.0,1.0,1.0,0.0,0.0,0.0,0.0,0.0,0.0,0.0,0.0,0.0,time,0.0,0.0,0.0,0.0,0.0
2224,0.1,2,0.0,0.1,0.1,0.25,0.25,0.0,0.0,0.0,0.0,0.0,0.0,0.0,0.0,0.0,time,0.0,0.0,0.0,0.0,0.0
2225,0.1,2,0.0,0.1,0.1,0.25,0.5,0.0,0.0,0.0,0.0,0.0,0.0,0.0,0.0,0.0,time,0.0,0.0,0.0,0.0,0.0
2226,0.1,2,0.0,0.1,0.1,0.25,0.75,0.0,0.0,0.0,0.0,0.0,0.0,0.0,0.0,0.0,time,0.0,0.0,0.0,0.0,0.0
2227,0.1,2,0.0,0.1,0.1,0.25,1.0,0.0,0.0,0.0,0.0,0.0,0.0,0.0,0.0,0.0,time,0.0,0.0,0.0,0.0,0.0
2228,0.1,2,0.0,0.1,0.1,0.5,0.25,0.0,0.0,0.0,0.0,0.0,0.0,0.0,0.0,0.0,time,0.0,0.0,0.0,0.0,0.0
2229,0.1,2,0.0,0.1,0.1,0.5,0.5,0.0,0.0,0.0,0.0,0.0,0.0,0.0,0.0,0.0,time,0.0,0.0,0.0,0.0,0.0
2230,0.1,2,0.0,0.1,0.1,0.5,0.75,0.0,0.0,0.0,0.0,0.0,0.0,0.0,0.0,0.0,time,0.0,0.0,0.0,0.0,0.0
2231,0.1,2,0.0,0.1,0.1,0.5,1.0,0.0,0.0,0.0,0.0,0.0,0.0,0.0,0.0,0.0,time,0.0,0.0,0.0,0.0,0.0
2232,0.1,2,0.0,0.1,0.1,0.75,0.25,0.0,0.0,0.0,0.0,0.0,0.0,0.0,0.0,0.0,time,0.0,0.0,0.0,0.0,0.0
2233,0.1,2,0.0,0.1,0.1,0.75,0.5,0.0,0.0,0.0,0.0,0.0,0.0,0.0,0.0,0.0,time,0.0,0.0,0.0,0.0,0.0
2234,0.1,2,0.0,0.1,0.1,0.75,0.75,0.0,0.0,0.0,0.0,0.0,0.0,0.0,0.0,0.0,time,0.0,0.0,0.0,0.0,0.0
2235,0.1,2,0.0,0.1,0.1,0.75,1.0,0.0,0.0,0.0,0.0,0.0,0.0,0.0,0.0,0.0,time,0.0,0.0,0.0,0.0,0.0
2236,0.1,2,0.0,0.1,0.1,1.0,0.25,0.0,0.0,0.0,0.0,0.0,0.0,0.0,0.0,0.0,time,0.0,0.0,0.0,0.0,0.0
2237,0.1,2,0.0,0.1,0.1,1.0,0.5,0.0,0.0,0.0,0.0,0.0,0.0,0.0,0.0,0.0,time,0.0,0.0,0.0,0.0,0.0
2238,0.1,2,0.0,0.1,0.1,1.0,0.75,0.0,0.0,0.0,0.0,0.0,0.0,0.0,0.0,0.0,time,0.0,0.0,0.0,0.0,0.0
2239,0.1,2,0.0,0.1,0.1,1.0,1.0,0.0,0.0,0.0,0.0,0.0,0.0,0.0,0.0,0.0,time,0.0,0.0,0.0,0.0,0.0
2240,0.1,2,0.0,0.1,1.0,0.25,0.25,0.0,0.0,0.0,0.0,0.0,0.0,0.0,0.0,0.0,time,0.0,0.0,0.0,0.0,0.0
2241,0.1,2,0.0,0.1,1.0,0.25,0.5,0.0,0.0,0.0,0.0,0.0,0.0,0.0,0.0,0.0,time,0.0,0.0,0.0,0.0,0.0
2242,0.1,2,0.0,0.1,1.0,0.25,0.75,0.0,0.0,0.0,0.0,0.0,0.0,0.0,0.0,0.0,time,0.0,0.0,0.0,0.0,0.0
2243,0.1,2,0.0,0.1,1.0,0.25,1.0,0.0,0.0,0.0,0.0,0.0,0.0,0.0,0.0,0.0,time,0.0,0.0,0.0,0.0,0.0
2244,0.1,2,0.0,0.1,1.0,0.5,0.25,0.0,0.0,0.0,0.0,0.0,0.0,0.0,0.0,0.0,time,0.0,0.0,0.0,0.0,0.0
2245,0.1,2,0.0,0.1,1.0,0.5,0.5,0.0,0.0,0.0,0.0,0.0,0.0,0.0,0.0,0.0,time,0.0,0.0,0.0,0.0,0.0
2246,0.1,2,0.0,0.1,1.0,0.5,0.75,0.0,0.0,0.0,0.0,0.0,0.0,0.0,0.0,0.0,time,0.0,0.0,0.0,0.0,0.0
2247,0.1,2,0.0,0.1,1.0,0.5,1.0,0.0,0.0,0.0,0.0,0.0,0.0,0.0,0.0,0.0,time,0.0,0.0,0.0,0.0,0.0
2248,0.1,2,0.0,0.1,1.0,0.75,0.25,0.0,0.0,0.0,0.0,0.0,0.0,0.0,0.0,0.0,time,0.0,0.0,0.0,0.0,0.0
2249,0.1,2,0.0,0.1,1.0,0.75,0.5,0.0,0.0,0.0,0.0,0.0,0.0,0.0,0.0,0.0,time,0.0,0.0,0.0,0.0,0.0
2250,0.1,2,0.0,0.1,1.0,0.75,0.75,0.0,0.0,0.0,0.0,0.0,0.0,0.0,0.0,0.0,time,0.0,0.0,0.0,0.0,0.0
2251,0.1,2,0.0,0.1,1.0,0.75,1.0,0.0,0.0,0.0,0.0,0.0,0.0,0.0,0.0,0.0,time,0.0,0.0,0.0,0.0,0.0
2252,0.1,2,0.0,0.1,1.0,1.0,0.25,0.0,0.0,0.0,0.0,0.0,0.0,0.0,0.0,0.0,time,0.0,0.0,0.0,0.0,0.0
2253,0.1,2,0.0,0.1,1.0,1.0,0.5,0.0,0.0,0.0,0.0,0.0,0.0,0.0,0.0,0.0,time,0.0,0.0,0.0,0.0,0.0
2254,0.1,2,0.0,0.1,1.0,1.0,0.75,0.0,0.0,0.0,0.0,0.0,0.0,0.0,0.0,0.0,time,0.0,0.0,0.0,0.0,0.0
2255,0.1,2,0.0,0.1,1.0,1.0,1.0,0.0,0.0,0.0,0.0,0.0,0.0,0.0,0.0,0.0,time,0.0,0.0,0.0,0.0,0.0
2256,0.1,2,0.0,1.0,0.0,0.25,0.25,0.0,0.0,0.0,0.0,0.0,0.0,0.0,0.0,0.0,time,0.0,0.0,0.0,0.0,0.0
2257,0.1,2,0.0,1.0,0.0,0.25,0.5,0.0,0.0,0.0,0.0,0.0,0.0,0.0,0.0,0.0,time,0.0,0.0,0.0,0.0,0.0
2258,0.1,2,0.0,1.0,0.0,0.25,0.75,0.0,0.0,0.0,0.0,0.0,0.0,0.0,0.0,0.0,time,0.0,0.0,0.0,0.0,0.0
2259,0.1,2,0.0,1.0,0.0,0.25,1.0,0.0,0.0,0.0,0.0,0.0,0.0,0.0,0.0,0.0,time,0.0,0.0,0.0,0.0,0.0
2260,0.1,2,0.0,1.0,0.0,0.5,0.25,0.0,0.0,0.0,0.0,0.0,0.0,0.0,0.0,0.0,time,0.0,0.0,0.0,0.0,0.0
2261,0.1,2,0.0,1.0,0.0,0.5,0.5,0.0,0.0,0.0,0.0,0.0,0.0,0.0,0.0,0.0,time,0.0,0.0,0.0,0.0,0.0
2262,0.1,2,0.0,1.0,0.0,0.5,0.75,0.0,0.0,0.0,0.0,0.0,0.0,0.0,0.0,0.0,time,0.0,0.0,0.0,0.0,0.0
2263,0.1,2,0.0,1.0,0.0,0.5,1.0,0.0,0.0,0.0,0.0,0.0,0.0,0.0,0.0,0.0,time,0.0,0.0,0.0,0.0,0.0
2264,0.1,2,0.0,1.0,0.0,0.75,0.25,0.0,0.0,0.0,0.0,0.0,0.0,0.0,0.0,0.0,time,0.0,0.0,0.0,0.0,0.0
2265,0.1,2,0.0,1.0,0.0,0.75,0.5,0.0,0.0,0.0,0.0,0.0,0.0,0.0,0.0,0.0,time,0.0,0.0,0.0,0.0,0.0
2266,0.1,2,0.0,1.0,0.0,0.75,0.75,0.0,0.0,0.0,0.0,0.0,0.0,0.0,0.0,0.0,time,0.0,0.0,0.0,0.0,0.0
2267,0.1,2,0.0,1.0,0.0,0.75,1.0,0.0,0.0,0.0,0.0,0.0,0.0,0.0,0.0,0.0,time,0.0,0.0,0.0,0.0,0.0
2268,0.1,2,0.0,1.0,0.0,1.0,0.25,0.0,0.0,0.0,0.0,0.0,0.0,0.0,0.0,0.0,time,0.0,0.0,0.0,0.0,0.0
2269,0.1,2,0.0,1.0,0.0,1.0,0.5,0.0,0.0,0.0,0.0,0.0,0.0,0.0,0.0,0.0,time,0.0,0.0,0.0,0.0,0.0
2270,0.1,2,0.0,1.0,0.0,1.0,0.75,0.0,0.0,0.0,0.0,0.0,0.0,0.0,0.0,0.0,time,0.0,0.0,0.0,0.0,0.0
2271,0.1,2,0.0,1.0,0.0,1.0,1.0,0.0,0.0,0.0,0.0,0.0,0.0,0.0,0.0,0.0,time,0.0,0.0,0.0,0.0,0.0
2272,0.1,2,0.0,1.0,0.1,0.25,0.25,0.0,0.0,0.0,0.0,0.0,0.0,0.0,0.0,0.0,time,0.0,0.0,0.0,0.0,0.0
2273,0.1,2,0.0,1.0,0.1,0.25,0.5,0.0,0.0,0.0,0.0,0.0,0.0,0.0,0.0,0.0,time,0.0,0.0,0.0,0.0,0.0
2274,0.1,2,0.0,1.0,0.1,0.25,0.75,0.0,0.0,0.0,0.0,0.0,0.0,0.0,0.0,0.0,time,0.0,0.0,0.0,0.0,0.0
2275,0.1,2,0.0,1.0,0.1,0.25,1.0,0.0,0.0,0.0,0.0,0.0,0.0,0.0,0.0,0.0,time,0.0,0.0,0.0,0.0,0.0
2276,0.1,2,0.0,1.0,0.1,0.5,0.25,0.0,0.0,0.0,0.0,0.0,0.0,0.0,0.0,0.0,time,0.0,0.0,0.0,0.0,0.0
2277,0.1,2,0.0,1.0,0.1,0.5,0.5,0.0,0.0,0.0,0.0,0.0,0.0,0.0,0.0,0.0,time,0.0,0.0,0.0,0.0,0.0
2278,0.1,2,0.0,1.0,0.1,0.5,0.75,0.0,0.0,0.0,0.0,0.0,0.0,0.0,0.0,0.0,time,0.0,0.0,0.0,0.0,0.0
2279,0.1,2,0.0,1.0,0.1,0.5,1.0,0.0,0.0,0.0,0.0,0.0,0.0,0.0,0.0,0.0,time,0.0,0.0,0.0,0.0,0.0
2280,0.1,2,0.0,1.0,0.1,0.75,0.25,0.0,0.0,0.0,0.0,0.0,0.0,0.0,0.0,0.0,time,0.0,0.0,0.0,0.0,0.0
2281,0.1,2,0.0,1.0,0.1,0.75,0.5,0.0,0.0,0.0,0.0,0.0,0.0,0.0,0.0,0.0,time,0.0,0.0,0.0,0.0,0.0
2282,0.1,2,0.0,1.0,0.1,0.75,0.75,0.0,0.0,0.0,0.0,0.0,0.0,0.0,0.0,0.0,time,0.0,0.0,0.0,0.0,0.0
2283,0.1,2,0.0,1.0,0.1,0.75,1.0,0.0,0.0,0.0,0.0,0.0,0.0,0.0,0.0,0.0,time,0.0,0.0,0.0,0.0,0.0
2284,0.1,2,0.0,1.0,0.1,1.0,0.25,0.0,0.0,0.0,0.0,0.0,0.0,0.0,0.0,0.0,time,0.0,0.0,0.0,0.0,0.0
2285,0.1,2,0.0,1.0,0.1,1.0,0.5,0.0,0.0,0.0,0.0,0.0,0.0,0.0,0.0,0.0,time,0.0,0.0,0.0,0.0,0.0
2286,0.1,2,0.0,1.0,0.1,1.0,0.75,0.0,0.0,0.0,0.0,0.0,0.0,0.0,0.0,0.0,time,0.0,0.0,0.0,0.0,0.0
2287,0.1,2,0.0,1.0,0.1,1.0,1.0,0.0,0.0,0.0,0.0,0.0,0.0,0.0,0.0,0.0,time,0.0,0.0,0.0,0.0,0.0
2288,0.1,2,0.0,1.0,1.0,0.25,0.25,0.0,0.0,0.0,0.0,0.0,0.0,0.0,0.0,0.0,time,0.0,0.0,0.0,0.0,0.0
2289,0.1,2,0.0,1.0,1.0,0.25,0.5,0.0,0.0,0.0,0.0,0.0,0.0,0.0,0.0,0.0,time,0.0,0.0,0.0,0.0,0.0
2290,0.1,2,0.0,1.0,1.0,0.25,0.75,0.0,0.0,0.0,0.0,0.0,0.0,0.0,0.0,0.0,time,0.0,0.0,0.0,0.0,0.0
2291,0.1,2,0.0,1.0,1.0,0.25,1.0,0.0,0.0,0.0,0.0,0.0,0.0,0.0,0.0,0.0,time,0.0,0.0,0.0,0.0,0.0
2292,0.1,2,0.0,1.0,1.0,0.5,0.25,0.0,0.0,0.0,0.0,0.0,0.0,0.0,0.0,0.0,time,0.0,0.0,0.0,0.0,0.0
2293,0.1,2,0.0,1.0,1.0,0.5,0.5,0.0,0.0,0.0,0.0,0.0,0.0,0.0,0.0,0.0,time,0.0,0.0,0.0,0.0,0.0
2294,0.1,2,0.0,1.0,1.0,0.5,0.75,0.0,0.0,0.0,0.0,0.0,0.0,0.0,0.0,0.0,time,0.0,0.0,0.0,0.0,0.0
2295,0.1,2,0.0,1.0,1.0,0.5,1.0,0.0,0.0,0.0,0.0,0.0,0.0,0.0,0.0,0.0,time,0.0,0.0,0.0,0.0,0.0
2296,0.1,2,0.0,1.0,1.0,0.75,0.25,0.0,0.0,0.0,0.0,0.0,0.0,0.0,0.0,0.0,time,0.0,0.0,0.0,0.0,0.0
2297,0.1,2,0.0,1.0,1.0,0.75,0.5,0.0,0.0,0.0,0.0,0.0,0.0,0.0,0.0,0.0,time,0.0,0.0,0.0,0.0,0.0
2298,0.1,2,0.0,1.0,1.0,0.75,0.75,0.0,0.0,0.0,0.0,0.0,0.0,0.0,0.0,0.0,time,0.0,0.0,0.0,0.0,0.0
2299,0.1,2,0.0,1.0,1.0,0.75,1.0,0.0,0.0,0.0,0.0,0.0,0.0,0.0,0.0,0.0,time,0.0,0.0,0.0,0.0,0.0
2300,0.1,2,0.0,1.0,1.0,1.0,0.25,0.0,0.0,0.0,0.0,0.0,0.0,0.0,0.0,0.0,time,0.0,0.0,0.0,0.0,0.0
2301,0.1,2,0.0,1.0,1.0,1.0,0.5,0.0,0.0,0.0,0.0,0.0,0.0,0.0,0.0,0.0,time,0.0,0.0,0.0,0.0,0.0
2302,0.1,2,0.0,1.0,1.0,1.0,0.75,0.0,0.0,0.0,0.0,0.0,0.0,0.0,0.0,0.0,time,0.0,0.0,0.0,0.0,0.0
2303,0.1,2,0.0,1.0,1.0,1.0,1.0,0.0,0.0,0.0,0.0,0.0,0.0,0.0,0.0,0.0,time,0.0,0.0,0.0,0.0,0.0
2304,0.1,2,0.1,0.0,0.0,0.25,0.25,0.0,0.0,0.0,0.0,0.0,0.0,0.0,0.0,0.0,time,0.0,0.0,0.0,0.0,0.0
2305,0.1,2,0.1,0.0,0.0,0.25,0.5,0.0,0.0,0.0,0.0,0.0,0.0,0.0,0.0,0.0,time,0.0,0.0,0.0,0.0,0.0
2306,0.1,2,0.1,0.0,0.0,0.25,0.75,0.0,0.0,0.0,0.0,0.0,0.0,0.0,0.0,0.0,time,0.0,0.0,0.0,0.0,0.0
2307,0.1,2,0.1,0.0,0.0,0.25,1.0,0.0,0.0,0.0,0.0,0.0,0.0,0.0,0.0,0.0,time,0.0,0.0,0.0,0.0,0.0
2308,0.1,2,0.1,0.0,0.0,0.5,0.25,0.0,0.0,0.0,0.0,0.0,0.0,0.0,0.0,0.0,time,0.0,0.0,0.0,0.0,0.0
2309,0.1,2,0.1,0.0,0.0,0.5,0.5,0.0,0.0,0.0,0.0,0.0,0.0,0.0,0.0,0.0,time,0.0,0.0,0.0,0.0,0.0
2310,0.1,2,0.1,0.0,0.0,0.5,0.75,0.0,0.0,0.0,0.0,0.0,0.0,0.0,0.0,0.0,time,0.0,0.0,0.0,0.0,0.0
2311,0.1,2,0.1,0.0,0.0,0.5,1.0,0.0,0.0,0.0,0.0,0.0,0.0,0.0,0.0,0.0,time,0.0,0.0,0.0,0.0,0.0
2312,0.1,2,0.1,0.0,0.0,0.75,0.25,0.0,0.0,0.0,0.0,0.0,0.0,0.0,0.0,0.0,time,0.0,0.0,0.0,0.0,0.0
2313,0.1,2,0.1,0.0,0.0,0.75,0.5,0.0,0.0,0.0,0.0,0.0,0.0,0.0,0.0,0.0,time,0.0,0.0,0.0,0.0,0.0
2314,0.1,2,0.1,0.0,0.0,0.75,0.75,0.0,0.0,0.0,0.0,0.0,0.0,0.0,0.0,0.0,time,0.0,0.0,0.0,0.0,0.0
2315,0.1,2,0.1,0.0,0.0,0.75,1.0,0.0,0.0,0.0,0.0,0.0,0.0,0.0,0.0,0.0,time,0.0,0.0,0.0,0.0,0.0
2316,0.1,2,0.1,0.0,0.0,1.0,0.25,0.0,0.0,0.0,0.0,0.0,0.0,0.0,0.0,0.0,time,0.0,0.0,0.0,0.0,0.0
2317,0.1,2,0.1,0.0,0.0,1.0,0.5,0.0,0.0,0.0,0.0,0.0,0.0,0.0,0.0,0.0,time,0.0,0.0,0.0,0.0,0.0
2318,0.1,2,0.1,0.0,0.0,1.0,0.75,0.0,0.0,0.0,0.0,0.0,0.0,0.0,0.0,0.0,time,0.0,0.0,0.0,0.0,0.0
2319,0.1,2,0.1,0.0,0.0,1.0,1.0,0.0,0.0,0.0,0.0,0.0,0.0,0.0,0.0,0.0,time,0.0,0.0,0.0,0.0,0.0
2320,0.1,2,0.1,0.0,0.1,0.25,0.25,0.0,0.0,0.0,0.0,0.0,0.0,0.0,0.0,0.0,time,0.0,0.0,0.0,0.0,0.0
2321,0.1,2,0.1,0.0,0.1,0.25,0.5,0.0,0.0,0.0,0.0,0.0,0.0,0.0,0.0,0.0,time,0.0,0.0,0.0,0.0,0.0
2322,0.1,2,0.1,0.0,0.1,0.25,0.75,0.0,0.0,0.0,0.0,0.0,0.0,0.0,0.0,0.0,time,0.0,0.0,0.0,0.0,0.0
2323,0.1,2,0.1,0.0,0.1,0.25,1.0,0.0,0.0,0.0,0.0,0.0,0.0,0.0,0.0,0.0,time,0.0,0.0,0.0,0.0,0.0
2324,0.1,2,0.1,0.0,0.1,0.5,0.25,0.0,0.0,0.0,0.0,0.0,0.0,0.0,0.0,0.0,time,0.0,0.0,0.0,0.0,0.0
2325,0.1,2,0.1,0.0,0.1,0.5,0.5,0.0,0.0,0.0,0.0,0.0,0.0,0.0,0.0,0.0,time,0.0,0.0,0.0,0.0,0.0
2326,0.1,2,0.1,0.0,0.1,0.5,0.75,0.0,0.0,0.0,0.0,0.0,0.0,0.0,0.0,0.0,time,0.0,0.0,0.0,0.0,0.0
2327,0.1,2,0.1,0.0,0.1,0.5,1.0,0.0,0.0,0.0,0.0,0.0,0.0,0.0,0.0,0.0,time,0.0,0.0,0.0,0.0,0.0
2328,0.1,2,0.1,0.0,0.1,0.75,0.25,0.0,0.0,0.0,0.0,0.0,0.0,0.0,0.0,0.0,time,0.0,0.0,0.0,0.0,0.0
2329,0.1,2,0.1,0.0,0.1,0.75,0.5,0.0,0.0,0.0,0.0,0.0,0.0,0.0,0.0,0.0,time,0.0,0.0,0.0,0.0,0.0
2330,0.1,2,0.1,0.0,0.1,0.75,0.75,0.0,0.0,0.0,0.0,0.0,0.0,0.0,0.0,0.0,time,0.0,0.0,0.0,0.0,0.0
2331,0.1,2,0.1,0.0,0.1,0.75,1.0,0.0,0.0,0.0,0.0,0.0,0.0,0.0,0.0,0.0,time,0.0,0.0,0.0,0.0,0.0
2332,0.1,2,0.1,0.0,0.1,1.0,0.25,0.0,0.0,0.0,0.0,0.0,0.0,0.0,0.0,0.0,time,0.0,0.0,0.0,0.0,0.0
2333,0.1,2,0.1,0.0,0.1,1.0,0.5,0.0,0.0,0.0,0.0,0.0,0.0,0.0,0.0,0.0,time,0.0,0.0,0.0,0.0,0.0
2334,0.1,2,0.1,0.0,0.1,1.0,0.75,0.0,0.0,0.0,0.0,0.0,0.0,0.0,0.0,0.0,time,0.0,0.0,0.0,0.0,0.0
2335,0.1,2,0.1,0.0,0.1,1.0,1.0,0.0,0.0,0.0,0.0,0.0,0.0,0.0,0.0,0.0,time,0.0,0.0,0.0,0.0,0.0
2336,0.1,2,0.1,0.0,1.0,0.25,0.25,0.0,0.0,0.0,0.0,0.0,0.0,0.0,0.0,0.0,time,0.0,0.0,0.0,0.0,0.0
2337,0.1,2,0.1,0.0,1.0,0.25,0.5,0.0,0.0,0.0,0.0,0.0,0.0,0.0,0.0,0.0,time,0.0,0.0,0.0,0.0,0.0
2338,0.1,2,0.1,0.0,1.0,0.25,0.75,0.0,0.0,0.0,0.0,0.0,0.0,0.0,0.0,0.0,time,0.0,0.0,0.0,0.0,0.0
2339,0.1,2,0.1,0.0,1.0,0.25,1.0,0.0,0.0,0.0,0.0,0.0,0.0,0.0,0.0,0.0,time,0.0,0.0,0.0,0.0,0.0
2340,0.1,2,0.1,0.0,1.0,0.5,0.25,0.0,0.0,0.0,0.0,0.0,0.0,0.0,0.0,0.0,time,0.0,0.0,0.0,0.0,0.0
2341,0.1,2,0.1,0.0,1.0,0.5,0.5,0.0,0.0,0.0,0.0,0.0,0.0,0.0,0.0,0.0,time,0.0,0.0,0.0,0.0,0.0
2342,0.1,2,0.1,0.0,1.0,0.5,0.75,0.0,0.0,0.0,0.0,0.0,0.0,0.0,0.0,0.0,time,0.0,0.0,0.0,0.0,0.0
2343,0.1,2,0.1,0.0,1.0,0.5,1.0,0.0,0.0,0.0,0.0,0.0,0.0,0.0,0.0,0.0,time,0.0,0.0,0.0,0.0,0.0
2344,0.1,2,0.1,0.0,1.0,0.75,0.25,0.0,0.0,0.0,0.0,0.0,0.0,0.0,0.0,0.0,time,0.0,0.0,0.0,0.0,0.0
2345,0.1,2,0.1,0.0,1.0,0.75,0.5,0.0,0.0,0.0,0.0,0.0,0.0,0.0,0.0,0.0,time,0.0,0.0,0.0,0.0,0.0
2346,0.1,2,0.1,0.0,1.0,0.75,0.75,0.0,0.0,0.0,0.0,0.0,0.0,0.0,0.0,0.0,time,0.0,0.0,0.0,0.0,0.0
2347,0.1,2,0.1,0.0,1.0,0.75,1.0,0.0,0.0,0.0,0.0,0.0,0.0,0.0,0.0,0.0,time,0.0,0.0,0.0,0.0,0.0
2348,0.1,2,0.1,0.0,1.0,1.0,0.25,0.0,0.0,0.0,0.0,0.0,0.0,0.0,0.0,0.0,time,0.0,0.0,0.0,0.0,0.0
2349,0.1,2,0.1,0.0,1.0,1.0,0.5,0.0,0.0,0.0,0.0,0.0,0.0,0.0,0.0,0.0,time,0.0,0.0,0.0,0.0,0.0
2350,0.1,2,0.1,0.0,1.0,1.0,0.75,0.0,0.0,0.0,0.0,0.0,0.0,0.0,0.0,0.0,time,0.0,0.0,0.0,0.0,0.0
2351,0.1,2,0.1,0.0,1.0,1.0,1.0,0.0,0.0,0.0,0.0,0.0,0.0,0.0,0.0,0.0,time,0.0,0.0,0.0,0.0,0.0
2352,0.1,2,0.1,0.1,0.0,0.25,0.25,0.0,0.0,0.0,0.0,0.0,0.0,0.0,0.0,0.0,time,0.0,0.0,0.0,0.0,0.0
2353,0.1,2,0.1,0.1,0.0,0.25,0.5,0.0,0.0,0.0,0.0,0.0,0.0,0.0,0.0,0.0,time,0.0,0.0,0.0,0.0,0.0
2354,0.1,2,0.1,0.1,0.0,0.25,0.75,0.0,0.0,0.0,0.0,0.0,0.0,0.0,0.0,0.0,time,0.0,0.0,0.0,0.0,0.0
2355,0.1,2,0.1,0.1,0.0,0.25,1.0,0.0,0.0,0.0,0.0,0.0,0.0,0.0,0.0,0.0,time,0.0,0.0,0.0,0.0,0.0
2356,0.1,2,0.1,0.1,0.0,0.5,0.25,0.0,0.0,0.0,0.0,0.0,0.0,0.0,0.0,0.0,time,0.0,0.0,0.0,0.0,0.0
2357,0.1,2,0.1,0.1,0.0,0.5,0.5,0.0,0.0,0.0,0.0,0.0,0.0,0.0,0.0,0.0,time,0.0,0.0,0.0,0.0,0.0
2358,0.1,2,0.1,0.1,0.0,0.5,0.75,0.0,0.0,0.0,0.0,0.0,0.0,0.0,0.0,0.0,time,0.0,0.0,0.0,0.0,0.0
2359,0.1,2,0.1,0.1,0.0,0.5,1.0,0.0,0.0,0.0,0.0,0.0,0.0,0.0,0.0,0.0,time,0.0,0.0,0.0,0.0,0.0
2360,0.1,2,0.1,0.1,0.0,0.75,0.25,0.0,0.0,0.0,0.0,0.0,0.0,0.0,0.0,0.0,time,0.0,0.0,0.0,0.0,0.0
2361,0.1,2,0.1,0.1,0.0,0.75,0.5,0.0,0.0,0.0,0.0,0.0,0.0,0.0,0.0,0.0,time,0.0,0.0,0.0,0.0,0.0
2362,0.1,2,0.1,0.1,0.0,0.75,0.75,0.0,0.0,0.0,0.0,0.0,0.0,0.0,0.0,0.0,time,0.0,0.0,0.0,0.0,0.0
2363,0.1,2,0.1,0.1,0.0,0.75,1.0,0.0,0.0,0.0,0.0,0.0,0.0,0.0,0.0,0.0,time,0.0,0.0,0.0,0.0,0.0
2364,0.1,2,0.1,0.1,0.0,1.0,0.25,0.0,0.0,0.0,0.0,0.0,0.0,0.0,0.0,0.0,time,0.0,0.0,0.0,0.0,0.0
2365,0.1,2,0.1,0.1,0.0,1.0,0.5,0.0,0.0,0.0,0.0,0.0,0.0,0.0,0.0,0.0,time,0.0,0.0,0.0,0.0,0.0
2366,0.1,2,0.1,0.1,0.0,1.0,0.75,0.0,0.0,0.0,0.0,0.0,0.0,0.0,0.0,0.0,time,0.0,0.0,0.0,0.0,0.0
2367,0.1,2,0.1,0.1,0.0,1.0,1.0,0.0,0.0,0.0,0.0,0.0,0.0,0.0,0.0,0.0,time,0.0,0.0,0.0,0.0,0.0
2368,0.1,2,0.1,0.1,0.1,0.25,0.25,0.0,0.0,0.0,0.0,0.0,0.0,0.0,0.0,0.0,time,0.0,0.0,0.0,0.0,0.0
2369,0.1,2,0.1,0.1,0.1,0.25,0.5,0.0,0.0,0.0,0.0,0.0,0.0,0.0,0.0,0.0,time,0.0,0.0,0.0,0.0,0.0
2370,0.1,2,0.1,0.1,0.1,0.25,0.75,0.0,0.0,0.0,0.0,0.0,0.0,0.0,0.0,0.0,time,0.0,0.0,0.0,0.0,0.0
2371,0.1,2,0.1,0.1,0.1,0.25,1.0,0.0,0.0,0.0,0.0,0.0,0.0,0.0,0.0,0.0,time,0.0,0.0,0.0,0.0,0.0
2372,0.1,2,0.1,0.1,0.1,0.5,0.25,0.0,0.0,0.0,0.0,0.0,0.0,0.0,0.0,0.0,time,0.0,0.0,0.0,0.0,0.0
2373,0.1,2,0.1,0.1,0.1,0.5,0.5,0.0,0.0,0.0,0.0,0.0,0.0,0.0,0.0,0.0,time,0.0,0.0,0.0,0.0,0.0
2374,0.1,2,0.1,0.1,0.1,0.5,0.75,0.0,0.0,0.0,0.0,0.0,0.0,0.0,0.0,0.0,time,0.0,0.0,0.0,0.0,0.0
2375,0.1,2,0.1,0.1,0.1,0.5,1.0,0.0,0.0,0.0,0.0,0.0,0.0,0.0,0.0,0.0,time,0.0,0.0,0.0,0.0,0.0
2376,0.1,2,0.1,0.1,0.1,0.75,0.25,0.0,0.0,0.0,0.0,0.0,0.0,0.0,0.0,0.0,time,0.0,0.0,0.0,0.0,0.0
2377,0.1,2,0.1,0.1,0.1,0.75,0.5,0.0,0.0,0.0,0.0,0.0,0.0,0.0,0.0,0.0,time,0.0,0.0,0.0,0.0,0.0
2378,0.1,2,0.1,0.1,0.1,0.75,0.75,0.0,0.0,0.0,0.0,0.0,0.0,0.0,0.0,0.0,time,0.0,0.0,0.0,0.0,0.0
2379,0.1,2,0.1,0.1,0.1,0.75,1.0,0.0,0.0,0.0,0.0,0.0,0.0,0.0,0.0,0.0,time,0.0,0.0,0.0,0.0,0.0
2380,0.1,2,0.1,0.1,0.1,1.0,0.25,0.0,0.0,0.0,0.0,0.0,0.0,0.0,0.0,0.0,time,0.0,0.0,0.0,0.0,0.0
2381,0.1,2,0.1,0.1,0.1,1.0,0.5,0.0,0.0,0.0,0.0,0.0,0.0,0.0,0.0,0.0,time,0.0,0.0,0.0,0.0,0.0
2382,0.1,2,0.1,0.1,0.1,1.0,0.75,0.0,0.0,0.0,0.0,0.0,0.0,0.0,0.0,0.0,time,0.0,0.0,0.0,0.0,0.0
2383,0.1,2,0.1,0.1,0.1,1.0,1.0,0.0,0.0,0.0,0.0,0.0,0.0,0.0,0.0,0.0,time,0.0,0.0,0.0,0.0,0.0
2384,0.1,2,0.1,0.1,1.0,0.25,0.25,0.0,0.0,0.0,0.0,0.0,0.0,0.0,0.0,0.0,time,0.0,0.0,0.0,0.0,0.0
2385,0.1,2,0.1,0.1,1.0,0.25,0.5,0.0,0.0,0.0,0.0,0.0,0.0,0.0,0.0,0.0,time,0.0,0.0,0.0,0.0,0.0
2386,0.1,2,0.1,0.1,1.0,0.25,0.75,0.0,0.0,0.0,0.0,0.0,0.0,0.0,0.0,0.0,time,0.0,0.0,0.0,0.0,0.0
2387,0.1,2,0.1,0.1,1.0,0.25,1.0,0.0,0.0,0.0,0.0,0.0,0.0,0.0,0.0,0.0,time,0.0,0.0,0.0,0.0,0.0
2388,0.1,2,0.1,0.1,1.0,0.5,0.25,0.0,0.0,0.0,0.0,0.0,0.0,0.0,0.0,0.0,time,0.0,0.0,0.0,0.0,0.0
2389,0.1,2,0.1,0.1,1.0,0.5,0.5,0.0,0.0,0.0,0.0,0.0,0.0,0.0,0.0,0.0,time,0.0,0.0,0.0,0.0,0.0
2390,0.1,2,0.1,0.1,1.0,0.5,0.75,0.0,0.0,0.0,0.0,0.0,0.0,0.0,0.0,0.0,time,0.0,0.0,0.0,0.0,0.0
2391,0.1,2,0.1,0.1,1.0,0.5,1.0,0.0,0.0,0.0,0.0,0.0,0.0,0.0,0.0,0.0,time,0.0,0.0,0.0,0.0,0.0
2392,0.1,2,0.1,0.1,1.0,0.75,0.25,0.0,0.0,0.0,0.0,0.0,0.0,0.0,0.0,0.0,time,0.0,0.0,0.0,0.0,0.0
2393,0.1,2,0.1,0.1,1.0,0.75,0.5,0.0,0.0,0.0,0.0,0.0,0.0,0.0,0.0,0.0,time,0.0,0.0,0.0,0.0,0.0
2394,0.1,2,0.1,0.1,1.0,0.75,0.75,0.0,0.0,0.0,0.0,0.0,0.0,0.0,0.0,0.0,time,0.0,0.0,0.0,0.0,0.0
2395,0.1,2,0.1,0.1,1.0,0.75,1.0,0.0,0.0,0.0,0.0,0.0,0.0,0.0,0.0,0.0,time,0.0,0.0,0.0,0.0,0.0
2396,0.1,2,0.1,0.1,1.0,1.0,0.25,0.0,0.0,0.0,0.0,0.0,0.0,0.0,0.0,0.0,time,0.0,0.0,0.0,0.0,0.0
2397,0.1,2,0.1,0.1,1.0,1.0,0.5,0.0,0.0,0.0,0.0,0.0,0.0,0.0,0.0,0.0,time,0.0,0.0,0.0,0.0,0.0
2398,0.1,2,0.1,0.1,1.0,1.0,0.75,0.0,0.0,0.0,0.0,0.0,0.0,0.0,0.0,0.0,time,0.0,0.0,0.0,0.0,0.0
2399,0.1,2,0.1,0.1,1.0,1.0,1.0,0.0,0.0,0.0,0.0,0.0,0.0,0.0,0.0,0.0,time,0.0,0.0,0.0,0.0,0.0
2400,0.1,2,0.1,1.0,0.0,0.25,0.25,0.0,0.0,0.0,0.0,0.0,0.0,0.0,0.0,0.0,time,0.0,0.0,0.0,0.0,0.0
2401,0.1,2,0.1,1.0,0.0,0.25,0.5,0.0,0.0,0.0,0.0,0.0,0.0,0.0,0.0,0.0,time,0.0,0.0,0.0,0.0,0.0
2402,0.1,2,0.1,1.0,0.0,0.25,0.75,0.0,0.0,0.0,0.0,0.0,0.0,0.0,0.0,0.0,time,0.0,0.0,0.0,0.0,0.0
2403,0.1,2,0.1,1.0,0.0,0.25,1.0,0.0,0.0,0.0,0.0,0.0,0.0,0.0,0.0,0.0,time,0.0,0.0,0.0,0.0,0.0
2404,0.1,2,0.1,1.0,0.0,0.5,0.25,0.0,0.0,0.0,0.0,0.0,0.0,0.0,0.0,0.0,time,0.0,0.0,0.0,0.0,0.0
2405,0.1,2,0.1,1.0,0.0,0.5,0.5,0.0,0.0,0.0,0.0,0.0,0.0,0.0,0.0,0.0,time,0.0,0.0,0.0,0.0,0.0
2406,0.1,2,0.1,1.0,0.0,0.5,0.75,0.0,0.0,0.0,0.0,0.0,0.0,0.0,0.0,0.0,time,0.0,0.0,0.0,0.0,0.0
2407,0.1,2,0.1,1.0,0.0,0.5,1.0,0.0,0.0,0.0,0.0,0.0,0.0,0.0,0.0,0.0,time,0.0,0.0,0.0,0.0,0.0
2408,0.1,2,0.1,1.0,0.0,0.75,0.25,0.0,0.0,0.0,0.0,0.0,0.0,0.0,0.0,0.0,time,0.0,0.0,0.0,0.0,0.0
2409,0.1,2,0.1,1.0,0.0,0.75,0.5,0.0,0.0,0.0,0.0,0.0,0.0,0.0,0.0,0.0,time,0.0,0.0,0.0,0.0,0.0
2410,0.1,2,0.1,1.0,0.0,0.75,0.75,0.0,0.0,0.0,0.0,0.0,0.0,0.0,0.0,0.0,time,0.0,0.0,0.0,0.0,0.0
2411,0.1,2,0.1,1.0,0.0,0.75,1.0,0.0,0.0,0.0,0.0,0.0,0.0,0.0,0.0,0.0,time,0.0,0.0,0.0,0.0,0.0
2412,0.1,2,0.1,1.0,0.0,1.0,0.25,0.0,0.0,0.0,0.0,0.0,0.0,0.0,0.0,0.0,time,0.0,0.0,0.0,0.0,0.0
2413,0.1,2,0.1,1.0,0.0,1.0,0.5,0.0,0.0,0.0,0.0,0.0,0.0,0.0,0.0,0.0,time,0.0,0.0,0.0,0.0,0.0
2414,0.1,2,0.1,1.0,0.0,1.0,0.75,0.0,0.0,0.0,0.0,0.0,0.0,0.0,0.0,0.0,time,0.0,0.0,0.0,0.0,0.0
2415,0.1,2,0.1,1.0,0.0,1.0,1.0,0.0,0.0,0.0,0.0,0.0,0.0,0.0,0.0,0.0,time,0.0,0.0,0.0,0.0,0.0
2416,0.1,2,0.1,1.0,0.1,0.25,0.25,0.0,0.0,0.0,0.0,0.0,0.0,0.0,0.0,0.0,time,0.0,0.0,0.0,0.0,0.0
2417,0.1,2,0.1,1.0,0.1,0.25,0.5,0.0,0.0,0.0,0.0,0.0,0.0,0.0,0.0,0.0,time,0.0,0.0,0.0,0.0,0.0
2418,0.1,2,0.1,1.0,0.1,0.25,0.75,0.0,0.0,0.0,0.0,0.0,0.0,0.0,0.0,0.0,time,0.0,0.0,0.0,0.0,0.0
2419,0.1,2,0.1,1.0,0.1,0.25,1.0,0.0,0.0,0.0,0.0,0.0,0.0,0.0,0.0,0.0,time,0.0,0.0,0.0,0.0,0.0
2420,0.1,2,0.1,1.0,0.1,0.5,0.25,0.0,0.0,0.0,0.0,0.0,0.0,0.0,0.0,0.0,time,0.0,0.0,0.0,0.0,0.0
2421,0.1,2,0.1,1.0,0.1,0.5,0.5,0.0,0.0,0.0,0.0,0.0,0.0,0.0,0.0,0.0,time,0.0,0.0,0.0,0.0,0.0
2422,0.1,2,0.1,1.0,0.1,0.5,0.75,0.0,0.0,0.0,0.0,0.0,0.0,0.0,0.0,0.0,time,0.0,0.0,0.0,0.0,0.0
2423,0.1,2,0.1,1.0,0.1,0.5,1.0,0.0,0.0,0.0,0.0,0.0,0.0,0.0,0.0,0.0,time,0.0,0.0,0.0,0.0,0.0
2424,0.1,2,0.1,1.0,0.1,0.75,0.25,0.0,0.0,0.0,0.0,0.0,0.0,0.0,0.0,0.0,time,0.0,0.0,0.0,0.0,0.0
2425,0.1,2,0.1,1.0,0.1,0.75,0.5,0.0,0.0,0.0,0.0,0.0,0.0,0.0,0.0,0.0,time,0.0,0.0,0.0,0.0,0.0
2426,0.1,2,0.1,1.0,0.1,0.75,0.75,0.0,0.0,0.0,0.0,0.0,0.0,0.0,0.0,0.0,time,0.0,0.0,0.0,0.0,0.0
2427,0.1,2,0.1,1.0,0.1,0.75,1.0,0.0,0.0,0.0,0.0,0.0,0.0,0.0,0.0,0.0,time,0.0,0.0,0.0,0.0,0.0
2428,0.1,2,0.1,1.0,0.1,1.0,0.25,0.0,0.0,0.0,0.0,0.0,0.0,0.0,0.0,0.0,time,0.0,0.0,0.0,0.0,0.0
2429,0.1,2,0.1,1.0,0.1,1.0,0.5,0.0,0.0,0.0,0.0,0.0,0.0,0.0,0.0,0.0,time,0.0,0.0,0.0,0.0,0.0
2430,0.1,2,0.1,1.0,0.1,1.0,0.75,0.0,0.0,0.0,0.0,0.0,0.0,0.0,0.0,0.0,time,0.0,0.0,0.0,0.0,0.0
2431,0.1,2,0.1,1.0,0.1,1.0,1.0,0.0,0.0,0.0,0.0,0.0,0.0,0.0,0.0,0.0,time,0.0,0.0,0.0,0.0,0.0
2432,0.1,2,0.1,1.0,1.0,0.25,0.25,0.0,0.0,0.0,0.0,0.0,0.0,0.0,0.0,0.0,time,0.0,0.0,0.0,0.0,0.0
2433,0.1,2,0.1,1.0,1.0,0.25,0.5,0.0,0.0,0.0,0.0,0.0,0.0,0.0,0.0,0.0,time,0.0,0.0,0.0,0.0,0.0
2434,0.1,2,0.1,1.0,1.0,0.25,0.75,0.0,0.0,0.0,0.0,0.0,0.0,0.0,0.0,0.0,time,0.0,0.0,0.0,0.0,0.0
2435,0.1,2,0.1,1.0,1.0,0.25,1.0,0.0,0.0,0.0,0.0,0.0,0.0,0.0,0.0,0.0,time,0.0,0.0,0.0,0.0,0.0
2436,0.1,2,0.1,1.0,1.0,0.5,0.25,0.0,0.0,0.0,0.0,0.0,0.0,0.0,0.0,0.0,time,0.0,0.0,0.0,0.0,0.0
2437,0.1,2,0.1,1.0,1.0,0.5,0.5,0.0,0.0,0.0,0.0,0.0,0.0,0.0,0.0,0.0,time,0.0,0.0,0.0,0.0,0.0
2438,0.1,2,0.1,1.0,1.0,0.5,0.75,0.0,0.0,0.0,0.0,0.0,0.0,0.0,0.0,0.0,time,0.0,0.0,0.0,0.0,0.0
2439,0.1,2,0.1,1.0,1.0,0.5,1.0,0.0,0.0,0.0,0.0,0.0,0.0,0.0,0.0,0.0,time,0.0,0.0,0.0,0.0,0.0
2440,0.1,2,0.1,1.0,1.0,0.75,0.25,0.0,0.0,0.0,0.0,0.0,0.0,0.0,0.0,0.0,time,0.0,0.0,0.0,0.0,0.0
2441,0.1,2,0.1,1.0,1.0,0.75,0.5,0.0,0.0,0.0,0.0,0.0,0.0,0.0,0.0,0.0,time,0.0,0.0,0.0,0.0,0.0
2442,0.1,2,0.1,1.0,1.0,0.75,0.75,0.0,0.0,0.0,0.0,0.0,0.0,0.0,0.0,0.0,time,0.0,0.0,0.0,0.0,0.0
2443,0.1,2,0.1,1.0,1.0,0.75,1.0,0.0,0.0,0.0,0.0,0.0,0.0,0.0,0.0,0.0,time,0.0,0.0,0.0,0.0,0.0
2444,0.1,2,0.1,1.0,1.0,1.0,0.25,0.0,0.0,0.0,0.0,0.0,0.0,0.0,0.0,0.0,time,0.0,0.0,0.0,0.0,0.0
2445,0.1,2,0.1,1.0,1.0,1.0,0.5,0.0,0.0,0.0,0.0,0.0,0.0,0.0,0.0,0.0,time,0.0,0.0,0.0,0.0,0.0
2446,0.1,2,0.1,1.0,1.0,1.0,0.75,0.0,0.0,0.0,0.0,0.0,0.0,0.0,0.0,0.0,time,0.0,0.0,0.0,0.0,0.0
2447,0.1,2,0.1,1.0,1.0,1.0,1.0,0.0,0.0,0.0,0.0,0.0,0.0,0.0,0.0,0.0,time,0.0,0.0,0.0,0.0,0.0
2448,0.1,2,1.0,0.0,0.0,0.25,0.25,0.0,0.0,0.0,0.0,0.0,0.0,0.0,0.0,0.0,time,0.0,0.0,0.0,0.0,0.0
2449,0.1,2,1.0,0.0,0.0,0.25,0.5,0.0,0.0,0.0,0.0,0.0,0.0,0.0,0.0,0.0,time,0.0,0.0,0.0,0.0,0.0
2450,0.1,2,1.0,0.0,0.0,0.25,0.75,0.0,0.0,0.0,0.0,0.0,0.0,0.0,0.0,0.0,time,0.0,0.0,0.0,0.0,0.0
2451,0.1,2,1.0,0.0,0.0,0.25,1.0,0.0,0.0,0.0,0.0,0.0,0.0,0.0,0.0,0.0,time,0.0,0.0,0.0,0.0,0.0
2452,0.1,2,1.0,0.0,0.0,0.5,0.25,0.0,0.0,0.0,0.0,0.0,0.0,0.0,0.0,0.0,time,0.0,0.0,0.0,0.0,0.0
2453,0.1,2,1.0,0.0,0.0,0.5,0.5,0.0,0.0,0.0,0.0,0.0,0.0,0.0,0.0,0.0,time,0.0,0.0,0.0,0.0,0.0
2454,0.1,2,1.0,0.0,0.0,0.5,0.75,0.0,0.0,0.0,0.0,0.0,0.0,0.0,0.0,0.0,time,0.0,0.0,0.0,0.0,0.0
2455,0.1,2,1.0,0.0,0.0,0.5,1.0,0.0,0.0,0.0,0.0,0.0,0.0,0.0,0.0,0.0,time,0.0,0.0,0.0,0.0,0.0
2456,0.1,2,1.0,0.0,0.0,0.75,0.25,0.0,0.0,0.0,0.0,0.0,0.0,0.0,0.0,0.0,time,0.0,0.0,0.0,0.0,0.0
2457,0.1,2,1.0,0.0,0.0,0.75,0.5,0.0,0.0,0.0,0.0,0.0,0.0,0.0,0.0,0.0,time,0.0,0.0,0.0,0.0,0.0
2458,0.1,2,1.0,0.0,0.0,0.75,0.75,0.0,0.0,0.0,0.0,0.0,0.0,0.0,0.0,0.0,time,0.0,0.0,0.0,0.0,0.0
2459,0.1,2,1.0,0.0,0.0,0.75,1.0,0.0,0.0,0.0,0.0,0.0,0.0,0.0,0.0,0.0,time,0.0,0.0,0.0,0.0,0.0
2460,0.1,2,1.0,0.0,0.0,1.0,0.25,0.0,0.0,0.0,0.0,0.0,0.0,0.0,0.0,0.0,time,0.0,0.0,0.0,0.0,0.0
2461,0.1,2,1.0,0.0,0.0,1.0,0.5,0.0,0.0,0.0,0.0,0.0,0.0,0.0,0.0,0.0,time,0.0,0.0,0.0,0.0,0.0
2462,0.1,2,1.0,0.0,0.0,1.0,0.75,0.0,0.0,0.0,0.0,0.0,0.0,0.0,0.0,0.0,time,0.0,0.0,0.0,0.0,0.0
2463,0.1,2,1.0,0.0,0.0,1.0,1.0,0.0,0.0,0.0,0.0,0.0,0.0,0.0,0.0,0.0,time,0.0,0.0,0.0,0.0,0.0
2464,0.1,2,1.0,0.0,0.1,0.25,0.25,0.0,0.0,0.0,0.0,0.0,0.0,0.0,0.0,0.0,time,0.0,0.0,0.0,0.0,0.0
2465,0.1,2,1.0,0.0,0.1,0.25,0.5,0.0,0.0,0.0,0.0,0.0,0.0,0.0,0.0,0.0,time,0.0,0.0,0.0,0.0,0.0
2466,0.1,2,1.0,0.0,0.1,0.25,0.75,0.0,0.0,0.0,0.0,0.0,0.0,0.0,0.0,0.0,time,0.0,0.0,0.0,0.0,0.0
2467,0.1,2,1.0,0.0,0.1,0.25,1.0,0.0,0.0,0.0,0.0,0.0,0.0,0.0,0.0,0.0,time,0.0,0.0,0.0,0.0,0.0
2468,0.1,2,1.0,0.0,0.1,0.5,0.25,0.0,0.0,0.0,0.0,0.0,0.0,0.0,0.0,0.0,time,0.0,0.0,0.0,0.0,0.0
2469,0.1,2,1.0,0.0,0.1,0.5,0.5,0.0,0.0,0.0,0.0,0.0,0.0,0.0,0.0,0.0,time,0.0,0.0,0.0,0.0,0.0
2470,0.1,2,1.0,0.0,0.1,0.5,0.75,0.0,0.0,0.0,0.0,0.0,0.0,0.0,0.0,0.0,time,0.0,0.0,0.0,0.0,0.0
2471,0.1,2,1.0,0.0,0.1,0.5,1.0,0.0,0.0,0.0,0.0,0.0,0.0,0.0,0.0,0.0,time,0.0,0.0,0.0,0.0,0.0
2472,0.1,2,1.0,0.0,0.1,0.75,0.25,0.0,0.0,0.0,0.0,0.0,0.0,0.0,0.0,0.0,time,0.0,0.0,0.0,0.0,0.0
2473,0.1,2,1.0,0.0,0.1,0.75,0.5,0.0,0.0,0.0,0.0,0.0,0.0,0.0,0.0,0.0,time,0.0,0.0,0.0,0.0,0.0
2474,0.1,2,1.0,0.0,0.1,0.75,0.75,0.0,0.0,0.0,0.0,0.0,0.0,0.0,0.0,0.0,time,0.0,0.0,0.0,0.0,0.0
2475,0.1,2,1.0,0.0,0.1,0.75,1.0,0.0,0.0,0.0,0.0,0.0,0.0,0.0,0.0,0.0,time,0.0,0.0,0.0,0.0,0.0
2476,0.1,2,1.0,0.0,0.1,1.0,0.25,0.0,0.0,0.0,0.0,0.0,0.0,0.0,0.0,0.0,time,0.0,0.0,0.0,0.0,0.0
2477,0.1,2,1.0,0.0,0.1,1.0,0.5,0.0,0.0,0.0,0.0,0.0,0.0,0.0,0.0,0.0,time,0.0,0.0,0.0,0.0,0.0
2478,0.1,2,1.0,0.0,0.1,1.0,0.75,0.0,0.0,0.0,0.0,0.0,0.0,0.0,0.0,0.0,time,0.0,0.0,0.0,0.0,0.0
2479,0.1,2,1.0,0.0,0.1,1.0,1.0,0.0,0.0,0.0,0.0,0.0,0.0,0.0,0.0,0.0,time,0.0,0.0,0.0,0.0,0.0
2480,0.1,2,1.0,0.0,1.0,0.25,0.25,0.0,0.0,0.0,0.0,0.0,0.0,0.0,0.0,0.0,time,0.0,0.0,0.0,0.0,0.0
2481,0.1,2,1.0,0.0,1.0,0.25,0.5,0.0,0.0,0.0,0.0,0.0,0.0,0.0,0.0,0.0,time,0.0,0.0,0.0,0.0,0.0
2482,0.1,2,1.0,0.0,1.0,0.25,0.75,0.0,0.0,0.0,0.0,0.0,0.0,0.0,0.0,0.0,time,0.0,0.0,0.0,0.0,0.0
2483,0.1,2,1.0,0.0,1.0,0.25,1.0,0.0,0.0,0.0,0.0,0.0,0.0,0.0,0.0,0.0,time,0.0,0.0,0.0,0.0,0.0
2484,0.1,2,1.0,0.0,1.0,0.5,0.25,0.0,0.0,0.0,0.0,0.0,0.0,0.0,0.0,0.0,time,0.0,0.0,0.0,0.0,0.0
2485,0.1,2,1.0,0.0,1.0,0.5,0.5,0.0,0.0,0.0,0.0,0.0,0.0,0.0,0.0,0.0,time,0.0,0.0,0.0,0.0,0.0
2486,0.1,2,1.0,0.0,1.0,0.5,0.75,0.0,0.0,0.0,0.0,0.0,0.0,0.0,0.0,0.0,time,0.0,0.0,0.0,0.0,0.0
2487,0.1,2,1.0,0.0,1.0,0.5,1.0,0.0,0.0,0.0,0.0,0.0,0.0,0.0,0.0,0.0,time,0.0,0.0,0.0,0.0,0.0
2488,0.1,2,1.0,0.0,1.0,0.75,0.25,0.0,0.0,0.0,0.0,0.0,0.0,0.0,0.0,0.0,time,0.0,0.0,0.0,0.0,0.0
2489,0.1,2,1.0,0.0,1.0,0.75,0.5,0.0,0.0,0.0,0.0,0.0,0.0,0.0,0.0,0.0,time,0.0,0.0,0.0,0.0,0.0
2490,0.1,2,1.0,0.0,1.0,0.75,0.75,0.0,0.0,0.0,0.0,0.0,0.0,0.0,0.0,0.0,time,0.0,0.0,0.0,0.0,0.0
2491,0.1,2,1.0,0.0,1.0,0.75,1.0,0.0,0.0,0.0,0.0,0.0,0.0,0.0,0.0,0.0,time,0.0,0.0,0.0,0.0,0.0
2492,0.1,2,1.0,0.0,1.0,1.0,0.25,0.0,0.0,0.0,0.0,0.0,0.0,0.0,0.0,0.0,time,0.0,0.0,0.0,0.0,0.0
2493,0.1,2,1.0,0.0,1.0,1.0,0.5,0.0,0.0,0.0,0.0,0.0,0.0,0.0,0.0,0.0,time,0.0,0.0,0.0,0.0,0.0
2494,0.1,2,1.0,0.0,1.0,1.0,0.75,0.0,0.0,0.0,0.0,0.0,0.0,0.0,0.0,0.0,time,0.0,0.0,0.0,0.0,0.0
2495,0.1,2,1.0,0.0,1.0,1.0,1.0,0.0,0.0,0.0,0.0,0.0,0.0,0.0,0.0,0.0,time,0.0,0.0,0.0,0.0,0.0
2496,0.1,2,1.0,0.1,0.0,0.25,0.25,0.0,0.0,0.0,0.0,0.0,0.0,0.0,0.0,0.0,time,0.0,0.0,0.0,0.0,0.0
2497,0.1,2,1.0,0.1,0.0,0.25,0.5,0.0,0.0,0.0,0.0,0.0,0.0,0.0,0.0,0.0,time,0.0,0.0,0.0,0.0,0.0
2498,0.1,2,1.0,0.1,0.0,0.25,0.75,0.0,0.0,0.0,0.0,0.0,0.0,0.0,0.0,0.0,time,0.0,0.0,0.0,0.0,0.0
2499,0.1,2,1.0,0.1,0.0,0.25,1.0,0.0,0.0,0.0,0.0,0.0,0.0,0.0,0.0,0.0,time,0.0,0.0,0.0,0.0,0.0
2500,0.1,2,1.0,0.1,0.0,0.5,0.25,0.0,0.0,0.0,0.0,0.0,0.0,0.0,0.0,0.0,time,0.0,0.0,0.0,0.0,0.0
2501,0.1,2,1.0,0.1,0.0,0.5,0.5,0.0,0.0,0.0,0.0,0.0,0.0,0.0,0.0,0.0,time,0.0,0.0,0.0,0.0,0.0
2502,0.1,2,1.0,0.1,0.0,0.5,0.75,0.0,0.0,0.0,0.0,0.0,0.0,0.0,0.0,0.0,time,0.0,0.0,0.0,0.0,0.0
2503,0.1,2,1.0,0.1,0.0,0.5,1.0,0.0,0.0,0.0,0.0,0.0,0.0,0.0,0.0,0.0,time,0.0,0.0,0.0,0.0,0.0
2504,0.1,2,1.0,0.1,0.0,0.75,0.25,0.0,0.0,0.0,0.0,0.0,0.0,0.0,0.0,0.0,time,0.0,0.0,0.0,0.0,0.0
2505,0.1,2,1.0,0.1,0.0,0.75,0.5,0.0,0.0,0.0,0.0,0.0,0.0,0.0,0.0,0.0,time,0.0,0.0,0.0,0.0,0.0
2506,0.1,2,1.0,0.1,0.0,0.75,0.75,0.0,0.0,0.0,0.0,0.0,0.0,0.0,0.0,0.0,time,0.0,0.0,0.0,0.0,0.0
2507,0.1,2,1.0,0.1,0.0,0.75,1.0,0.0,0.0,0.0,0.0,0.0,0.0,0.0,0.0,0.0,time,0.0,0.0,0.0,0.0,0.0
2508,0.1,2,1.0,0.1,0.0,1.0,0.25,0.0,0.0,0.0,0.0,0.0,0.0,0.0,0.0,0.0,time,0.0,0.0,0.0,0.0,0.0
2509,0.1,2,1.0,0.1,0.0,1.0,0.5,0.0,0.0,0.0,0.0,0.0,0.0,0.0,0.0,0.0,time,0.0,0.0,0.0,0.0,0.0
2510,0.1,2,1.0,0.1,0.0,1.0,0.75,0.0,0.0,0.0,0.0,0.0,0.0,0.0,0.0,0.0,time,0.0,0.0,0.0,0.0,0.0
2511,0.1,2,1.0,0.1,0.0,1.0,1.0,0.0,0.0,0.0,0.0,0.0,0.0,0.0,0.0,0.0,time,0.0,0.0,0.0,0.0,0.0
2512,0.1,2,1.0,0.1,0.1,0.25,0.25,0.0,0.0,0.0,0.0,0.0,0.0,0.0,0.0,0.0,time,0.0,0.0,0.0,0.0,0.0
2513,0.1,2,1.0,0.1,0.1,0.25,0.5,0.0,0.0,0.0,0.0,0.0,0.0,0.0,0.0,0.0,time,0.0,0.0,0.0,0.0,0.0
2514,0.1,2,1.0,0.1,0.1,0.25,0.75,0.0,0.0,0.0,0.0,0.0,0.0,0.0,0.0,0.0,time,0.0,0.0,0.0,0.0,0.0
2515,0.1,2,1.0,0.1,0.1,0.25,1.0,0.0,0.0,0.0,0.0,0.0,0.0,0.0,0.0,0.0,time,0.0,0.0,0.0,0.0,0.0
2516,0.1,2,1.0,0.1,0.1,0.5,0.25,0.0,0.0,0.0,0.0,0.0,0.0,0.0,0.0,0.0,time,0.0,0.0,0.0,0.0,0.0
2517,0.1,2,1.0,0.1,0.1,0.5,0.5,0.0,0.0,0.0,0.0,0.0,0.0,0.0,0.0,0.0,time,0.0,0.0,0.0,0.0,0.0
2518,0.1,2,1.0,0.1,0.1,0.5,0.75,0.0,0.0,0.0,0.0,0.0,0.0,0.0,0.0,0.0,time,0.0,0.0,0.0,0.0,0.0
2519,0.1,2,1.0,0.1,0.1,0.5,1.0,0.0,0.0,0.0,0.0,0.0,0.0,0.0,0.0,0.0,time,0.0,0.0,0.0,0.0,0.0
2520,0.1,2,1.0,0.1,0.1,0.75,0.25,0.0,0.0,0.0,0.0,0.0,0.0,0.0,0.0,0.0,time,0.0,0.0,0.0,0.0,0.0
2521,0.1,2,1.0,0.1,0.1,0.75,0.5,0.0,0.0,0.0,0.0,0.0,0.0,0.0,0.0,0.0,time,0.0,0.0,0.0,0.0,0.0
2522,0.1,2,1.0,0.1,0.1,0.75,0.75,0.0,0.0,0.0,0.0,0.0,0.0,0.0,0.0,0.0,time,0.0,0.0,0.0,0.0,0.0
2523,0.1,2,1.0,0.1,0.1,0.75,1.0,0.0,0.0,0.0,0.0,0.0,0.0,0.0,0.0,0.0,time,0.0,0.0,0.0,0.0,0.0
2524,0.1,2,1.0,0.1,0.1,1.0,0.25,0.0,0.0,0.0,0.0,0.0,0.0,0.0,0.0,0.0,time,0.0,0.0,0.0,0.0,0.0
2525,0.1,2,1.0,0.1,0.1,1.0,0.5,0.0,0.0,0.0,0.0,0.0,0.0,0.0,0.0,0.0,time,0.0,0.0,0.0,0.0,0.0
2526,0.1,2,1.0,0.1,0.1,1.0,0.75,0.0,0.0,0.0,0.0,0.0,0.0,0.0,0.0,0.0,time,0.0,0.0,0.0,0.0,0.0
2527,0.1,2,1.0,0.1,0.1,1.0,1.0,0.0,0.0,0.0,0.0,0.0,0.0,0.0,0.0,0.0,time,0.0,0.0,0.0,0.0,0.0
2528,0.1,2,1.0,0.1,1.0,0.25,0.25,0.0,0.0,0.0,0.0,0.0,0.0,0.0,0.0,0.0,time,0.0,0.0,0.0,0.0,0.0
2529,0.1,2,1.0,0.1,1.0,0.25,0.5,0.0,0.0,0.0,0.0,0.0,0.0,0.0,0.0,0.0,time,0.0,0.0,0.0,0.0,0.0
2530,0.1,2,1.0,0.1,1.0,0.25,0.75,0.0,0.0,0.0,0.0,0.0,0.0,0.0,0.0,0.0,time,0.0,0.0,0.0,0.0,0.0
2531,0.1,2,1.0,0.1,1.0,0.25,1.0,0.0,0.0,0.0,0.0,0.0,0.0,0.0,0.0,0.0,time,0.0,0.0,0.0,0.0,0.0
2532,0.1,2,1.0,0.1,1.0,0.5,0.25,0.0,0.0,0.0,0.0,0.0,0.0,0.0,0.0,0.0,time,0.0,0.0,0.0,0.0,0.0
2533,0.1,2,1.0,0.1,1.0,0.5,0.5,0.0,0.0,0.0,0.0,0.0,0.0,0.0,0.0,0.0,time,0.0,0.0,0.0,0.0,0.0
2534,0.1,2,1.0,0.1,1.0,0.5,0.75,0.0,0.0,0.0,0.0,0.0,0.0,0.0,0.0,0.0,time,0.0,0.0,0.0,0.0,0.0
2535,0.1,2,1.0,0.1,1.0,0.5,1.0,0.0,0.0,0.0,0.0,0.0,0.0,0.0,0.0,0.0,time,0.0,0.0,0.0,0.0,0.0
2536,0.1,2,1.0,0.1,1.0,0.75,0.25,0.0,0.0,0.0,0.0,0.0,0.0,0.0,0.0,0.0,time,0.0,0.0,0.0,0.0,0.0
2537,0.1,2,1.0,0.1,1.0,0.75,0.5,0.0,0.0,0.0,0.0,0.0,0.0,0.0,0.0,0.0,time,0.0,0.0,0.0,0.0,0.0
2538,0.1,2,1.0,0.1,1.0,0.75,0.75,0.0,0.0,0.0,0.0,0.0,0.0,0.0,0.0,0.0,time,0.0,0.0,0.0,0.0,0.0
2539,0.1,2,1.0,0.1,1.0,0.75,1.0,0.0,0.0,0.0,0.0,0.0,0.0,0.0,0.0,0.0,time,0.0,0.0,0.0,0.0,0.0
2540,0.1,2,1.0,0.1,1.0,1.0,0.25,0.0,0.0,0.0,0.0,0.0,0.0,0.0,0.0,0.0,time,0.0,0.0,0.0,0.0,0.0
2541,0.1,2,1.0,0.1,1.0,1.0,0.5,0.0,0.0,0.0,0.0,0.0,0.0,0.0,0.0,0.0,time,0.0,0.0,0.0,0.0,0.0
2542,0.1,2,1.0,0.1,1.0,1.0,0.75,0.0,0.0,0.0,0.0,0.0,0.0,0.0,0.0,0.0,time,0.0,0.0,0.0,0.0,0.0
2543,0.1,2,1.0,0.1,1.0,1.0,1.0,0.0,0.0,0.0,0.0,0.0,0.0,0.0,0.0,0.0,time,0.0,0.0,0.0,0.0,0.0
2544,0.1,2,1.0,1.0,0.0,0.25,0.25,0.0,0.0,0.0,0.0,0.0,0.0,0.0,0.0,0.0,time,0.0,0.0,0.0,0.0,0.0
2545,0.1,2,1.0,1.0,0.0,0.25,0.5,0.0,0.0,0.0,0.0,0.0,0.0,0.0,0.0,0.0,time,0.0,0.0,0.0,0.0,0.0
2546,0.1,2,1.0,1.0,0.0,0.25,0.75,0.0,0.0,0.0,0.0,0.0,0.0,0.0,0.0,0.0,time,0.0,0.0,0.0,0.0,0.0
2547,0.1,2,1.0,1.0,0.0,0.25,1.0,0.0,0.0,0.0,0.0,0.0,0.0,0.0,0.0,0.0,time,0.0,0.0,0.0,0.0,0.0
2548,0.1,2,1.0,1.0,0.0,0.5,0.25,0.0,0.0,0.0,0.0,0.0,0.0,0.0,0.0,0.0,time,0.0,0.0,0.0,0.0,0.0
2549,0.1,2,1.0,1.0,0.0,0.5,0.5,0.0,0.0,0.0,0.0,0.0,0.0,0.0,0.0,0.0,time,0.0,0.0,0.0,0.0,0.0
2550,0.1,2,1.0,1.0,0.0,0.5,0.75,0.0,0.0,0.0,0.0,0.0,0.0,0.0,0.0,0.0,time,0.0,0.0,0.0,0.0,0.0
2551,0.1,2,1.0,1.0,0.0,0.5,1.0,0.0,0.0,0.0,0.0,0.0,0.0,0.0,0.0,0.0,time,0.0,0.0,0.0,0.0,0.0
2552,0.1,2,1.0,1.0,0.0,0.75,0.25,0.0,0.0,0.0,0.0,0.0,0.0,0.0,0.0,0.0,time,0.0,0.0,0.0,0.0,0.0
2553,0.1,2,1.0,1.0,0.0,0.75,0.5,0.0,0.0,0.0,0.0,0.0,0.0,0.0,0.0,0.0,time,0.0,0.0,0.0,0.0,0.0
2554,0.1,2,1.0,1.0,0.0,0.75,0.75,0.0,0.0,0.0,0.0,0.0,0.0,0.0,0.0,0.0,time,0.0,0.0,0.0,0.0,0.0
2555,0.1,2,1.0,1.0,0.0,0.75,1.0,0.0,0.0,0.0,0.0,0.0,0.0,0.0,0.0,0.0,time,0.0,0.0,0.0,0.0,0.0
2556,0.1,2,1.0,1.0,0.0,1.0,0.25,0.0,0.0,0.0,0.0,0.0,0.0,0.0,0.0,0.0,time,0.0,0.0,0.0,0.0,0.0
2557,0.1,2,1.0,1.0,0.0,1.0,0.5,0.0,0.0,0.0,0.0,0.0,0.0,0.0,0.0,0.0,time,0.0,0.0,0.0,0.0,0.0
2558,0.1,2,1.0,1.0,0.0,1.0,0.75,0.0,0.0,0.0,0.0,0.0,0.0,0.0,0.0,0.0,time,0.0,0.0,0.0,0.0,0.0
2559,0.1,2,1.0,1.0,0.0,1.0,1.0,0.0,0.0,0.0,0.0,0.0,0.0,0.0,0.0,0.0,time,0.0,0.0,0.0,0.0,0.0
2560,0.1,2,1.0,1.0,0.1,0.25,0.25,0.0,0.0,0.0,0.0,0.0,0.0,0.0,0.0,0.0,time,0.0,0.0,0.0,0.0,0.0
2561,0.1,2,1.0,1.0,0.1,0.25,0.5,0.0,0.0,0.0,0.0,0.0,0.0,0.0,0.0,0.0,time,0.0,0.0,0.0,0.0,0.0
2562,0.1,2,1.0,1.0,0.1,0.25,0.75,0.0,0.0,0.0,0.0,0.0,0.0,0.0,0.0,0.0,time,0.0,0.0,0.0,0.0,0.0
2563,0.1,2,1.0,1.0,0.1,0.25,1.0,0.0,0.0,0.0,0.0,0.0,0.0,0.0,0.0,0.0,time,0.0,0.0,0.0,0.0,0.0
2564,0.1,2,1.0,1.0,0.1,0.5,0.25,0.0,0.0,0.0,0.0,0.0,0.0,0.0,0.0,0.0,time,0.0,0.0,0.0,0.0,0.0
2565,0.1,2,1.0,1.0,0.1,0.5,0.5,0.0,0.0,0.0,0.0,0.0,0.0,0.0,0.0,0.0,time,0.0,0.0,0.0,0.0,0.0
2566,0.1,2,1.0,1.0,0.1,0.5,0.75,0.0,0.0,0.0,0.0,0.0,0.0,0.0,0.0,0.0,time,0.0,0.0,0.0,0.0,0.0
2567,0.1,2,1.0,1.0,0.1,0.5,1.0,0.0,0.0,0.0,0.0,0.0,0.0,0.0,0.0,0.0,time,0.0,0.0,0.0,0.0,0.0
2568,0.1,2,1.0,1.0,0.1,0.75,0.25,0.0,0.0,0.0,0.0,0.0,0.0,0.0,0.0,0.0,time,0.0,0.0,0.0,0.0,0.0
2569,0.1,2,1.0,1.0,0.1,0.75,0.5,0.0,0.0,0.0,0.0,0.0,0.0,0.0,0.0,0.0,time,0.0,0.0,0.0,0.0,0.0
2570,0.1,2,1.0,1.0,0.1,0.75,0.75,0.0,0.0,0.0,0.0,0.0,0.0,0.0,0.0,0.0,time,0.0,0.0,0.0,0.0,0.0
2571,0.1,2,1.0,1.0,0.1,0.75,1.0,0.0,0.0,0.0,0.0,0.0,0.0,0.0,0.0,0.0,time,0.0,0.0,0.0,0.0,0.0
2572,0.1,2,1.0,1.0,0.1,1.0,0.25,0.0,0.0,0.0,0.0,0.0,0.0,0.0,0.0,0.0,time,0.0,0.0,0.0,0.0,0.0
2573,0.1,2,1.0,1.0,0.1,1.0,0.5,0.0,0.0,0.0,0.0,0.0,0.0,0.0,0.0,0.0,time,0.0,0.0,0.0,0.0,0.0
2574,0.1,2,1.0,1.0,0.1,1.0,0.75,0.0,0.0,0.0,0.0,0.0,0.0,0.0,0.0,0.0,time,0.0,0.0,0.0,0.0,0.0
2575,0.1,2,1.0,1.0,0.1,1.0,1.0,0.0,0.0,0.0,0.0,0.0,0.0,0.0,0.0,0.0,time,0.0,0.0,0.0,0.0,0.0
2576,0.1,2,1.0,1.0,1.0,0.25,0.25,0.0,0.0,0.0,0.0,0.0,0.0,0.0,0.0,0.0,time,0.0,0.0,0.0,0.0,0.0
2577,0.1,2,1.0,1.0,1.0,0.25,0.5,0.0,0.0,0.0,0.0,0.0,0.0,0.0,0.0,0.0,time,0.0,0.0,0.0,0.0,0.0
2578,0.1,2,1.0,1.0,1.0,0.25,0.75,0.0,0.0,0.0,0.0,0.0,0.0,0.0,0.0,0.0,time,0.0,0.0,0.0,0.0,0.0
2579,0.1,2,1.0,1.0,1.0,0.25,1.0,0.0,0.0,0.0,0.0,0.0,0.0,0.0,0.0,0.0,time,0.0,0.0,0.0,0.0,0.0
2580,0.1,2,1.0,1.0,1.0,0.5,0.25,0.0,0.0,0.0,0.0,0.0,0.0,0.0,0.0,0.0,time,0.0,0.0,0.0,0.0,0.0
2581,0.1,2,1.0,1.0,1.0,0.5,0.5,0.0,0.0,0.0,0.0,0.0,0.0,0.0,0.0,0.0,time,0.0,0.0,0.0,0.0,0.0
2582,0.1,2,1.0,1.0,1.0,0.5,0.75,0.0,0.0,0.0,0.0,0.0,0.0,0.0,0.0,0.0,time,0.0,0.0,0.0,0.0,0.0
2583,0.1,2,1.0,1.0,1.0,0.5,1.0,0.0,0.0,0.0,0.0,0.0,0.0,0.0,0.0,0.0,time,0.0,0.0,0.0,0.0,0.0
2584,0.1,2,1.0,1.0,1.0,0.75,0.25,0.0,0.0,0.0,0.0,0.0,0.0,0.0,0.0,0.0,time,0.0,0.0,0.0,0.0,0.0
2585,0.1,2,1.0,1.0,1.0,0.75,0.5,0.0,0.0,0.0,0.0,0.0,0.0,0.0,0.0,0.0,time,0.0,0.0,0.0,0.0,0.0
2586,0.1,2,1.0,1.0,1.0,0.75,0.75,0.0,0.0,0.0,0.0,0.0,0.0,0.0,0.0,0.0,time,0.0,0.0,0.0,0.0,0.0
2587,0.1,2,1.0,1.0,1.0,0.75,1.0,0.0,0.0,0.0,0.0,0.0,0.0,0.0,0.0,0.0,time,0.0,0.0,0.0,0.0,0.0
2588,0.1,2,1.0,1.0,1.0,1.0,0.25,0.0,0.0,0.0,0.0,0.0,0.0,0.0,0.0,0.0,time,0.0,0.0,0.0,0.0,0.0
2589,0.1,2,1.0,1.0,1.0,1.0,0.5,0.0,0.0,0.0,0.0,0.0,0.0,0.0,0.0,0.0,time,0.0,0.0,0.0,0.0,0.0
2590,0.1,2,1.0,1.0,1.0,1.0,0.75,0.0,0.0,0.0,0.0,0.0,0.0,0.0,0.0,0.0,time,0.0,0.0,0.0,0.0,0.0
2591,0.1,2,1.0,1.0,1.0,1.0,1.0,0.0,0.0,0.0,0.0,0.0,0.0,0.0,0.0,0.0,time,0.0,0.0,0.0,0.0,0.0
2592,0.1,3,0.0,0.0,0.0,0.25,0.25,0.0,0.0,0.0,0.0,0.0,0.0,0.0,0.0,0.0,time,0.0,0.0,0.0,0.0,0.0
2593,0.1,3,0.0,0.0,0.0,0.25,0.5,0.0,0.0,0.0,0.0,0.0,0.0,0.0,0.0,0.0,time,0.0,0.0,0.0,0.0,0.0
2594,0.1,3,0.0,0.0,0.0,0.25,0.75,0.0,0.0,0.0,0.0,0.0,0.0,0.0,0.0,0.0,time,0.0,0.0,0.0,0.0,0.0
2595,0.1,3,0.0,0.0,0.0,0.25,1.0,0.0,0.0,0.0,0.0,0.0,0.0,0.0,0.0,0.0,time,0.0,0.0,0.0,0.0,0.0
2596,0.1,3,0.0,0.0,0.0,0.5,0.25,0.0,0.0,0.0,0.0,0.0,0.0,0.0,0.0,0.0,time,0.0,0.0,0.0,0.0,0.0
2597,0.1,3,0.0,0.0,0.0,0.5,0.5,0.0,0.0,0.0,0.0,0.0,0.0,0.0,0.0,0.0,time,0.0,0.0,0.0,0.0,0.0
2598,0.1,3,0.0,0.0,0.0,0.5,0.75,0.0,0.0,0.0,0.0,0.0,0.0,0.0,0.0,0.0,time,0.0,0.0,0.0,0.0,0.0
2599,0.1,3,0.0,0.0,0.0,0.5,1.0,0.0,0.0,0.0,0.0,0.0,0.0,0.0,0.0,0.0,time,0.0,0.0,0.0,0.0,0.0
2600,0.1,3,0.0,0.0,0.0,0.75,0.25,0.0,0.0,0.0,0.0,0.0,0.0,0.0,0.0,0.0,time,0.0,0.0,0.0,0.0,0.0
2601,0.1,3,0.0,0.0,0.0,0.75,0.5,0.0,0.0,0.0,0.0,0.0,0.0,0.0,0.0,0.0,time,0.0,0.0,0.0,0.0,0.0
2602,0.1,3,0.0,0.0,0.0,0.75,0.75,0.0,0.0,0.0,0.0,0.0,0.0,0.0,0.0,0.0,time,0.0,0.0,0.0,0.0,0.0
2603,0.1,3,0.0,0.0,0.0,0.75,1.0,0.0,0.0,0.0,0.0,0.0,0.0,0.0,0.0,0.0,time,0.0,0.0,0.0,0.0,0.0
2604,0.1,3,0.0,0.0,0.0,1.0,0.25,0.0,0.0,0.0,0.0,0.0,0.0,0.0,0.0,0.0,time,0.0,0.0,0.0,0.0,0.0
2605,0.1,3,0.0,0.0,0.0,1.0,0.5,0.0,0.0,0.0,0.0,0.0,0.0,0.0,0.0,0.0,time,0.0,0.0,0.0,0.0,0.0
2606,0.1,3,0.0,0.0,0.0,1.0,0.75,0.0,0.0,0.0,0.0,0.0,0.0,0.0,0.0,0.0,time,0.0,0.0,0.0,0.0,0.0
2607,0.1,3,0.0,0.0,0.0,1.0,1.0,0.0,0.0,0.0,0.0,0.0,0.0,0.0,0.0,0.0,time,0.0,0.0,0.0,0.0,0.0
2608,0.1,3,0.0,0.0,0.1,0.25,0.25,0.0,0.0,0.0,0.0,0.0,0.0,0.0,0.0,0.0,time,0.0,0.0,0.0,0.0,0.0
2609,0.1,3,0.0,0.0,0.1,0.25,0.5,0.0,0.0,0.0,0.0,0.0,0.0,0.0,0.0,0.0,time,0.0,0.0,0.0,0.0,0.0
2610,0.1,3,0.0,0.0,0.1,0.25,0.75,0.0,0.0,0.0,0.0,0.0,0.0,0.0,0.0,0.0,time,0.0,0.0,0.0,0.0,0.0
2611,0.1,3,0.0,0.0,0.1,0.25,1.0,0.0,0.0,0.0,0.0,0.0,0.0,0.0,0.0,0.0,time,0.0,0.0,0.0,0.0,0.0
2612,0.1,3,0.0,0.0,0.1,0.5,0.25,0.0,0.0,0.0,0.0,0.0,0.0,0.0,0.0,0.0,time,0.0,0.0,0.0,0.0,0.0
2613,0.1,3,0.0,0.0,0.1,0.5,0.5,0.0,0.0,0.0,0.0,0.0,0.0,0.0,0.0,0.0,time,0.0,0.0,0.0,0.0,0.0
2614,0.1,3,0.0,0.0,0.1,0.5,0.75,0.0,0.0,0.0,0.0,0.0,0.0,0.0,0.0,0.0,time,0.0,0.0,0.0,0.0,0.0
2615,0.1,3,0.0,0.0,0.1,0.5,1.0,0.0,0.0,0.0,0.0,0.0,0.0,0.0,0.0,0.0,time,0.0,0.0,0.0,0.0,0.0
2616,0.1,3,0.0,0.0,0.1,0.75,0.25,0.0,0.0,0.0,0.0,0.0,0.0,0.0,0.0,0.0,time,0.0,0.0,0.0,0.0,0.0
2617,0.1,3,0.0,0.0,0.1,0.75,0.5,0.0,0.0,0.0,0.0,0.0,0.0,0.0,0.0,0.0,time,0.0,0.0,0.0,0.0,0.0
2618,0.1,3,0.0,0.0,0.1,0.75,0.75,0.0,0.0,0.0,0.0,0.0,0.0,0.0,0.0,0.0,time,0.0,0.0,0.0,0.0,0.0
2619,0.1,3,0.0,0.0,0.1,0.75,1.0,0.0,0.0,0.0,0.0,0.0,0.0,0.0,0.0,0.0,time,0.0,0.0,0.0,0.0,0.0
2620,0.1,3,0.0,0.0,0.1,1.0,0.25,0.0,0.0,0.0,0.0,0.0,0.0,0.0,0.0,0.0,time,0.0,0.0,0.0,0.0,0.0
2621,0.1,3,0.0,0.0,0.1,1.0,0.5,0.0,0.0,0.0,0.0,0.0,0.0,0.0,0.0,0.0,time,0.0,0.0,0.0,0.0,0.0
2622,0.1,3,0.0,0.0,0.1,1.0,0.75,0.0,0.0,0.0,0.0,0.0,0.0,0.0,0.0,0.0,time,0.0,0.0,0.0,0.0,0.0
2623,0.1,3,0.0,0.0,0.1,1.0,1.0,0.0,0.0,0.0,0.0,0.0,0.0,0.0,0.0,0.0,time,0.0,0.0,0.0,0.0,0.0
2624,0.1,3,0.0,0.0,1.0,0.25,0.25,0.0,0.0,0.0,0.0,0.0,0.0,0.0,0.0,0.0,time,0.0,0.0,0.0,0.0,0.0
2625,0.1,3,0.0,0.0,1.0,0.25,0.5,0.0,0.0,0.0,0.0,0.0,0.0,0.0,0.0,0.0,time,0.0,0.0,0.0,0.0,0.0
2626,0.1,3,0.0,0.0,1.0,0.25,0.75,0.0,0.0,0.0,0.0,0.0,0.0,0.0,0.0,0.0,time,0.0,0.0,0.0,0.0,0.0
2627,0.1,3,0.0,0.0,1.0,0.25,1.0,0.0,0.0,0.0,0.0,0.0,0.0,0.0,0.0,0.0,time,0.0,0.0,0.0,0.0,0.0
2628,0.1,3,0.0,0.0,1.0,0.5,0.25,0.0,0.0,0.0,0.0,0.0,0.0,0.0,0.0,0.0,time,0.0,0.0,0.0,0.0,0.0
2629,0.1,3,0.0,0.0,1.0,0.5,0.5,0.0,0.0,0.0,0.0,0.0,0.0,0.0,0.0,0.0,time,0.0,0.0,0.0,0.0,0.0
2630,0.1,3,0.0,0.0,1.0,0.5,0.75,0.0,0.0,0.0,0.0,0.0,0.0,0.0,0.0,0.0,time,0.0,0.0,0.0,0.0,0.0
2631,0.1,3,0.0,0.0,1.0,0.5,1.0,0.0,0.0,0.0,0.0,0.0,0.0,0.0,0.0,0.0,time,0.0,0.0,0.0,0.0,0.0
2632,0.1,3,0.0,0.0,1.0,0.75,0.25,0.0,0.0,0.0,0.0,0.0,0.0,0.0,0.0,0.0,time,0.0,0.0,0.0,0.0,0.0
2633,0.1,3,0.0,0.0,1.0,0.75,0.5,0.0,0.0,0.0,0.0,0.0,0.0,0.0,0.0,0.0,time,0.0,0.0,0.0,0.0,0.0
2634,0.1,3,0.0,0.0,1.0,0.75,0.75,0.0,0.0,0.0,0.0,0.0,0.0,0.0,0.0,0.0,time,0.0,0.0,0.0,0.0,0.0
2635,0.1,3,0.0,0.0,1.0,0.75,1.0,0.0,0.0,0.0,0.0,0.0,0.0,0.0,0.0,0.0,time,0.0,0.0,0.0,0.0,0.0
2636,0.1,3,0.0,0.0,1.0,1.0,0.25,0.0,0.0,0.0,0.0,0.0,0.0,0.0,0.0,0.0,time,0.0,0.0,0.0,0.0,0.0
2637,0.1,3,0.0,0.0,1.0,1.0,0.5,0.0,0.0,0.0,0.0,0.0,0.0,0.0,0.0,0.0,time,0.0,0.0,0.0,0.0,0.0
2638,0.1,3,0.0,0.0,1.0,1.0,0.75,0.0,0.0,0.0,0.0,0.0,0.0,0.0,0.0,0.0,time,0.0,0.0,0.0,0.0,0.0
2639,0.1,3,0.0,0.0,1.0,1.0,1.0,0.0,0.0,0.0,0.0,0.0,0.0,0.0,0.0,0.0,time,0.0,0.0,0.0,0.0,0.0
2640,0.1,3,0.0,0.1,0.0,0.25,0.25,0.0,0.0,0.0,0.0,0.0,0.0,0.0,0.0,0.0,time,0.0,0.0,0.0,0.0,0.0
2641,0.1,3,0.0,0.1,0.0,0.25,0.5,0.0,0.0,0.0,0.0,0.0,0.0,0.0,0.0,0.0,time,0.0,0.0,0.0,0.0,0.0
2642,0.1,3,0.0,0.1,0.0,0.25,0.75,0.0,0.0,0.0,0.0,0.0,0.0,0.0,0.0,0.0,time,0.0,0.0,0.0,0.0,0.0
2643,0.1,3,0.0,0.1,0.0,0.25,1.0,0.0,0.0,0.0,0.0,0.0,0.0,0.0,0.0,0.0,time,0.0,0.0,0.0,0.0,0.0
2644,0.1,3,0.0,0.1,0.0,0.5,0.25,0.0,0.0,0.0,0.0,0.0,0.0,0.0,0.0,0.0,time,0.0,0.0,0.0,0.0,0.0
2645,0.1,3,0.0,0.1,0.0,0.5,0.5,0.0,0.0,0.0,0.0,0.0,0.0,0.0,0.0,0.0,time,0.0,0.0,0.0,0.0,0.0
2646,0.1,3,0.0,0.1,0.0,0.5,0.75,0.0,0.0,0.0,0.0,0.0,0.0,0.0,0.0,0.0,time,0.0,0.0,0.0,0.0,0.0
2647,0.1,3,0.0,0.1,0.0,0.5,1.0,0.0,0.0,0.0,0.0,0.0,0.0,0.0,0.0,0.0,time,0.0,0.0,0.0,0.0,0.0
2648,0.1,3,0.0,0.1,0.0,0.75,0.25,0.0,0.0,0.0,0.0,0.0,0.0,0.0,0.0,0.0,time,0.0,0.0,0.0,0.0,0.0
2649,0.1,3,0.0,0.1,0.0,0.75,0.5,0.0,0.0,0.0,0.0,0.0,0.0,0.0,0.0,0.0,time,0.0,0.0,0.0,0.0,0.0
2650,0.1,3,0.0,0.1,0.0,0.75,0.75,0.0,0.0,0.0,0.0,0.0,0.0,0.0,0.0,0.0,time,0.0,0.0,0.0,0.0,0.0
2651,0.1,3,0.0,0.1,0.0,0.75,1.0,0.0,0.0,0.0,0.0,0.0,0.0,0.0,0.0,0.0,time,0.0,0.0,0.0,0.0,0.0
2652,0.1,3,0.0,0.1,0.0,1.0,0.25,0.0,0.0,0.0,0.0,0.0,0.0,0.0,0.0,0.0,time,0.0,0.0,0.0,0.0,0.0
2653,0.1,3,0.0,0.1,0.0,1.0,0.5,0.0,0.0,0.0,0.0,0.0,0.0,0.0,0.0,0.0,time,0.0,0.0,0.0,0.0,0.0
2654,0.1,3,0.0,0.1,0.0,1.0,0.75,0.0,0.0,0.0,0.0,0.0,0.0,0.0,0.0,0.0,time,0.0,0.0,0.0,0.0,0.0
2655,0.1,3,0.0,0.1,0.0,1.0,1.0,0.0,0.0,0.0,0.0,0.0,0.0,0.0,0.0,0.0,time,0.0,0.0,0.0,0.0,0.0
2656,0.1,3,0.0,0.1,0.1,0.25,0.25,0.0,0.0,0.0,0.0,0.0,0.0,0.0,0.0,0.0,time,0.0,0.0,0.0,0.0,0.0
2657,0.1,3,0.0,0.1,0.1,0.25,0.5,0.0,0.0,0.0,0.0,0.0,0.0,0.0,0.0,0.0,time,0.0,0.0,0.0,0.0,0.0
2658,0.1,3,0.0,0.1,0.1,0.25,0.75,0.0,0.0,0.0,0.0,0.0,0.0,0.0,0.0,0.0,time,0.0,0.0,0.0,0.0,0.0
2659,0.1,3,0.0,0.1,0.1,0.25,1.0,0.0,0.0,0.0,0.0,0.0,0.0,0.0,0.0,0.0,time,0.0,0.0,0.0,0.0,0.0
2660,0.1,3,0.0,0.1,0.1,0.5,0.25,0.0,0.0,0.0,0.0,0.0,0.0,0.0,0.0,0.0,time,0.0,0.0,0.0,0.0,0.0
2661,0.1,3,0.0,0.1,0.1,0.5,0.5,0.0,0.0,0.0,0.0,0.0,0.0,0.0,0.0,0.0,time,0.0,0.0,0.0,0.0,0.0
2662,0.1,3,0.0,0.1,0.1,0.5,0.75,0.0,0.0,0.0,0.0,0.0,0.0,0.0,0.0,0.0,time,0.0,0.0,0.0,0.0,0.0
2663,0.1,3,0.0,0.1,0.1,0.5,1.0,0.0,0.0,0.0,0.0,0.0,0.0,0.0,0.0,0.0,time,0.0,0.0,0.0,0.0,0.0
2664,0.1,3,0.0,0.1,0.1,0.75,0.25,0.0,0.0,0.0,0.0,0.0,0.0,0.0,0.0,0.0,time,0.0,0.0,0.0,0.0,0.0
2665,0.1,3,0.0,0.1,0.1,0.75,0.5,0.0,0.0,0.0,0.0,0.0,0.0,0.0,0.0,0.0,time,0.0,0.0,0.0,0.0,0.0
2666,0.1,3,0.0,0.1,0.1,0.75,0.75,0.0,0.0,0.0,0.0,0.0,0.0,0.0,0.0,0.0,time,0.0,0.0,0.0,0.0,0.0
2667,0.1,3,0.0,0.1,0.1,0.75,1.0,0.0,0.0,0.0,0.0,0.0,0.0,0.0,0.0,0.0,time,0.0,0.0,0.0,0.0,0.0
2668,0.1,3,0.0,0.1,0.1,1.0,0.25,0.0,0.0,0.0,0.0,0.0,0.0,0.0,0.0,0.0,time,0.0,0.0,0.0,0.0,0.0
2669,0.1,3,0.0,0.1,0.1,1.0,0.5,0.0,0.0,0.0,0.0,0.0,0.0,0.0,0.0,0.0,time,0.0,0.0,0.0,0.0,0.0
2670,0.1,3,0.0,0.1,0.1,1.0,0.75,0.0,0.0,0.0,0.0,0.0,0.0,0.0,0.0,0.0,time,0.0,0.0,0.0,0.0,0.0
2671,0.1,3,0.0,0.1,0.1,1.0,1.0,0.0,0.0,0.0,0.0,0.0,0.0,0.0,0.0,0.0,time,0.0,0.0,0.0,0.0,0.0
2672,0.1,3,0.0,0.1,1.0,0.25,0.25,0.0,0.0,0.0,0.0,0.0,0.0,0.0,0.0,0.0,time,0.0,0.0,0.0,0.0,0.0
2673,0.1,3,0.0,0.1,1.0,0.25,0.5,0.0,0.0,0.0,0.0,0.0,0.0,0.0,0.0,0.0,time,0.0,0.0,0.0,0.0,0.0
2674,0.1,3,0.0,0.1,1.0,0.25,0.75,0.0,0.0,0.0,0.0,0.0,0.0,0.0,0.0,0.0,time,0.0,0.0,0.0,0.0,0.0
2675,0.1,3,0.0,0.1,1.0,0.25,1.0,0.0,0.0,0.0,0.0,0.0,0.0,0.0,0.0,0.0,time,0.0,0.0,0.0,0.0,0.0
2676,0.1,3,0.0,0.1,1.0,0.5,0.25,0.0,0.0,0.0,0.0,0.0,0.0,0.0,0.0,0.0,time,0.0,0.0,0.0,0.0,0.0
2677,0.1,3,0.0,0.1,1.0,0.5,0.5,0.0,0.0,0.0,0.0,0.0,0.0,0.0,0.0,0.0,time,0.0,0.0,0.0,0.0,0.0
2678,0.1,3,0.0,0.1,1.0,0.5,0.75,0.0,0.0,0.0,0.0,0.0,0.0,0.0,0.0,0.0,time,0.0,0.0,0.0,0.0,0.0
2679,0.1,3,0.0,0.1,1.0,0.5,1.0,0.0,0.0,0.0,0.0,0.0,0.0,0.0,0.0,0.0,time,0.0,0.0,0.0,0.0,0.0
2680,0.1,3,0.0,0.1,1.0,0.75,0.25,0.0,0.0,0.0,0.0,0.0,0.0,0.0,0.0,0.0,time,0.0,0.0,0.0,0.0,0.0
2681,0.1,3,0.0,0.1,1.0,0.75,0.5,0.0,0.0,0.0,0.0,0.0,0.0,0.0,0.0,0.0,time,0.0,0.0,0.0,0.0,0.0
2682,0.1,3,0.0,0.1,1.0,0.75,0.75,0.0,0.0,0.0,0.0,0.0,0.0,0.0,0.0,0.0,time,0.0,0.0,0.0,0.0,0.0
2683,0.1,3,0.0,0.1,1.0,0.75,1.0,0.0,0.0,0.0,0.0,0.0,0.0,0.0,0.0,0.0,time,0.0,0.0,0.0,0.0,0.0
2684,0.1,3,0.0,0.1,1.0,1.0,0.25,0.0,0.0,0.0,0.0,0.0,0.0,0.0,0.0,0.0,time,0.0,0.0,0.0,0.0,0.0
2685,0.1,3,0.0,0.1,1.0,1.0,0.5,0.0,0.0,0.0,0.0,0.0,0.0,0.0,0.0,0.0,time,0.0,0.0,0.0,0.0,0.0
2686,0.1,3,0.0,0.1,1.0,1.0,0.75,0.0,0.0,0.0,0.0,0.0,0.0,0.0,0.0,0.0,time,0.0,0.0,0.0,0.0,0.0
2687,0.1,3,0.0,0.1,1.0,1.0,1.0,0.0,0.0,0.0,0.0,0.0,0.0,0.0,0.0,0.0,time,0.0,0.0,0.0,0.0,0.0
2688,0.1,3,0.0,1.0,0.0,0.25,0.25,0.0,0.0,0.0,0.0,0.0,0.0,0.0,0.0,0.0,time,0.0,0.0,0.0,0.0,0.0
2689,0.1,3,0.0,1.0,0.0,0.25,0.5,0.0,0.0,0.0,0.0,0.0,0.0,0.0,0.0,0.0,time,0.0,0.0,0.0,0.0,0.0
2690,0.1,3,0.0,1.0,0.0,0.25,0.75,0.0,0.0,0.0,0.0,0.0,0.0,0.0,0.0,0.0,time,0.0,0.0,0.0,0.0,0.0
2691,0.1,3,0.0,1.0,0.0,0.25,1.0,0.0,0.0,0.0,0.0,0.0,0.0,0.0,0.0,0.0,time,0.0,0.0,0.0,0.0,0.0
2692,0.1,3,0.0,1.0,0.0,0.5,0.25,0.0,0.0,0.0,0.0,0.0,0.0,0.0,0.0,0.0,time,0.0,0.0,0.0,0.0,0.0
2693,0.1,3,0.0,1.0,0.0,0.5,0.5,0.0,0.0,0.0,0.0,0.0,0.0,0.0,0.0,0.0,time,0.0,0.0,0.0,0.0,0.0
2694,0.1,3,0.0,1.0,0.0,0.5,0.75,0.0,0.0,0.0,0.0,0.0,0.0,0.0,0.0,0.0,time,0.0,0.0,0.0,0.0,0.0
2695,0.1,3,0.0,1.0,0.0,0.5,1.0,0.0,0.0,0.0,0.0,0.0,0.0,0.0,0.0,0.0,time,0.0,0.0,0.0,0.0,0.0
2696,0.1,3,0.0,1.0,0.0,0.75,0.25,0.0,0.0,0.0,0.0,0.0,0.0,0.0,0.0,0.0,time,0.0,0.0,0.0,0.0,0.0
2697,0.1,3,0.0,1.0,0.0,0.75,0.5,0.0,0.0,0.0,0.0,0.0,0.0,0.0,0.0,0.0,time,0.0,0.0,0.0,0.0,0.0
2698,0.1,3,0.0,1.0,0.0,0.75,0.75,0.0,0.0,0.0,0.0,0.0,0.0,0.0,0.0,0.0,time,0.0,0.0,0.0,0.0,0.0
2699,0.1,3,0.0,1.0,0.0,0.75,1.0,0.0,0.0,0.0,0.0,0.0,0.0,0.0,0.0,0.0,time,0.0,0.0,0.0,0.0,0.0
2700,0.1,3,0.0,1.0,0.0,1.0,0.25,0.0,0.0,0.0,0.0,0.0,0.0,0.0,0.0,0.0,time,0.0,0.0,0.0,0.0,0.0
2701,0.1,3,0.0,1.0,0.0,1.0,0.5,0.0,0.0,0.0,0.0,0.0,0.0,0.0,0.0,0.0,time,0.0,0.0,0.0,0.0,0.0
2702,0.1,3,0.0,1.0,0.0,1.0,0.75,0.0,0.0,0.0,0.0,0.0,0.0,0.0,0.0,0.0,time,0.0,0.0,0.0,0.0,0.0
2703,0.1,3,0.0,1.0,0.0,1.0,1.0,0.0,0.0,0.0,0.0,0.0,0.0,0.0,0.0,0.0,time,0.0,0.0,0.0,0.0,0.0
2704,0.1,3,0.0,1.0,0.1,0.25,0.25,0.0,0.0,0.0,0.0,0.0,0.0,0.0,0.0,0.0,time,0.0,0.0,0.0,0.0,0.0
2705,0.1,3,0.0,1.0,0.1,0.25,0.5,0.0,0.0,0.0,0.0,0.0,0.0,0.0,0.0,0.0,time,0.0,0.0,0.0,0.0,0.0
2706,0.1,3,0.0,1.0,0.1,0.25,0.75,0.0,0.0,0.0,0.0,0.0,0.0,0.0,0.0,0.0,time,0.0,0.0,0.0,0.0,0.0
2707,0.1,3,0.0,1.0,0.1,0.25,1.0,0.0,0.0,0.0,0.0,0.0,0.0,0.0,0.0,0.0,time,0.0,0.0,0.0,0.0,0.0
2708,0.1,3,0.0,1.0,0.1,0.5,0.25,0.0,0.0,0.0,0.0,0.0,0.0,0.0,0.0,0.0,time,0.0,0.0,0.0,0.0,0.0
2709,0.1,3,0.0,1.0,0.1,0.5,0.5,0.0,0.0,0.0,0.0,0.0,0.0,0.0,0.0,0.0,time,0.0,0.0,0.0,0.0,0.0
2710,0.1,3,0.0,1.0,0.1,0.5,0.75,0.0,0.0,0.0,0.0,0.0,0.0,0.0,0.0,0.0,time,0.0,0.0,0.0,0.0,0.0
2711,0.1,3,0.0,1.0,0.1,0.5,1.0,0.0,0.0,0.0,0.0,0.0,0.0,0.0,0.0,0.0,time,0.0,0.0,0.0,0.0,0.0
2712,0.1,3,0.0,1.0,0.1,0.75,0.25,0.0,0.0,0.0,0.0,0.0,0.0,0.0,0.0,0.0,time,0.0,0.0,0.0,0.0,0.0
2713,0.1,3,0.0,1.0,0.1,0.75,0.5,0.0,0.0,0.0,0.0,0.0,0.0,0.0,0.0,0.0,time,0.0,0.0,0.0,0.0,0.0
2714,0.1,3,0.0,1.0,0.1,0.75,0.75,0.0,0.0,0.0,0.0,0.0,0.0,0.0,0.0,0.0,time,0.0,0.0,0.0,0.0,0.0
2715,0.1,3,0.0,1.0,0.1,0.75,1.0,0.0,0.0,0.0,0.0,0.0,0.0,0.0,0.0,0.0,time,0.0,0.0,0.0,0.0,0.0
2716,0.1,3,0.0,1.0,0.1,1.0,0.25,0.0,0.0,0.0,0.0,0.0,0.0,0.0,0.0,0.0,time,0.0,0.0,0.0,0.0,0.0
2717,0.1,3,0.0,1.0,0.1,1.0,0.5,0.0,0.0,0.0,0.0,0.0,0.0,0.0,0.0,0.0,time,0.0,0.0,0.0,0.0,0.0
2718,0.1,3,0.0,1.0,0.1,1.0,0.75,0.0,0.0,0.0,0.0,0.0,0.0,0.0,0.0,0.0,time,0.0,0.0,0.0,0.0,0.0
2719,0.1,3,0.0,1.0,0.1,1.0,1.0,0.0,0.0,0.0,0.0,0.0,0.0,0.0,0.0,0.0,time,0.0,0.0,0.0,0.0,0.0
2720,0.1,3,0.0,1.0,1.0,0.25,0.25,0.0,0.0,0.0,0.0,0.0,0.0,0.0,0.0,0.0,time,0.0,0.0,0.0,0.0,0.0
2721,0.1,3,0.0,1.0,1.0,0.25,0.5,0.0,0.0,0.0,0.0,0.0,0.0,0.0,0.0,0.0,time,0.0,0.0,0.0,0.0,0.0
2722,0.1,3,0.0,1.0,1.0,0.25,0.75,0.0,0.0,0.0,0.0,0.0,0.0,0.0,0.0,0.0,time,0.0,0.0,0.0,0.0,0.0
2723,0.1,3,0.0,1.0,1.0,0.25,1.0,0.0,0.0,0.0,0.0,0.0,0.0,0.0,0.0,0.0,time,0.0,0.0,0.0,0.0,0.0
2724,0.1,3,0.0,1.0,1.0,0.5,0.25,0.0,0.0,0.0,0.0,0.0,0.0,0.0,0.0,0.0,time,0.0,0.0,0.0,0.0,0.0
2725,0.1,3,0.0,1.0,1.0,0.5,0.5,0.0,0.0,0.0,0.0,0.0,0.0,0.0,0.0,0.0,time,0.0,0.0,0.0,0.0,0.0
2726,0.1,3,0.0,1.0,1.0,0.5,0.75,0.0,0.0,0.0,0.0,0.0,0.0,0.0,0.0,0.0,time,0.0,0.0,0.0,0.0,0.0
2727,0.1,3,0.0,1.0,1.0,0.5,1.0,0.0,0.0,0.0,0.0,0.0,0.0,0.0,0.0,0.0,time,0.0,0.0,0.0,0.0,0.0
2728,0.1,3,0.0,1.0,1.0,0.75,0.25,0.0,0.0,0.0,0.0,0.0,0.0,0.0,0.0,0.0,time,0.0,0.0,0.0,0.0,0.0
2729,0.1,3,0.0,1.0,1.0,0.75,0.5,0.0,0.0,0.0,0.0,0.0,0.0,0.0,0.0,0.0,time,0.0,0.0,0.0,0.0,0.0
2730,0.1,3,0.0,1.0,1.0,0.75,0.75,0.0,0.0,0.0,0.0,0.0,0.0,0.0,0.0,0.0,time,0.0,0.0,0.0,0.0,0.0
2731,0.1,3,0.0,1.0,1.0,0.75,1.0,0.0,0.0,0.0,0.0,0.0,0.0,0.0,0.0,0.0,time,0.0,0.0,0.0,0.0,0.0
2732,0.1,3,0.0,1.0,1.0,1.0,0.25,0.0,0.0,0.0,0.0,0.0,0.0,0.0,0.0,0.0,time,0.0,0.0,0.0,0.0,0.0
2733,0.1,3,0.0,1.0,1.0,1.0,0.5,0.0,0.0,0.0,0.0,0.0,0.0,0.0,0.0,0.0,time,0.0,0.0,0.0,0.0,0.0
2734,0.1,3,0.0,1.0,1.0,1.0,0.75,0.0,0.0,0.0,0.0,0.0,0.0,0.0,0.0,0.0,time,0.0,0.0,0.0,0.0,0.0
2735,0.1,3,0.0,1.0,1.0,1.0,1.0,0.0,0.0,0.0,0.0,0.0,0.0,0.0,0.0,0.0,time,0.0,0.0,0.0,0.0,0.0
2736,0.1,3,0.1,0.0,0.0,0.25,0.25,0.0,0.0,0.0,0.0,0.0,0.0,0.0,0.0,0.0,time,0.0,0.0,0.0,0.0,0.0
2737,0.1,3,0.1,0.0,0.0,0.25,0.5,0.0,0.0,0.0,0.0,0.0,0.0,0.0,0.0,0.0,time,0.0,0.0,0.0,0.0,0.0
2738,0.1,3,0.1,0.0,0.0,0.25,0.75,0.0,0.0,0.0,0.0,0.0,0.0,0.0,0.0,0.0,time,0.0,0.0,0.0,0.0,0.0
2739,0.1,3,0.1,0.0,0.0,0.25,1.0,0.0,0.0,0.0,0.0,0.0,0.0,0.0,0.0,0.0,time,0.0,0.0,0.0,0.0,0.0
2740,0.1,3,0.1,0.0,0.0,0.5,0.25,0.0,0.0,0.0,0.0,0.0,0.0,0.0,0.0,0.0,time,0.0,0.0,0.0,0.0,0.0
2741,0.1,3,0.1,0.0,0.0,0.5,0.5,0.0,0.0,0.0,0.0,0.0,0.0,0.0,0.0,0.0,time,0.0,0.0,0.0,0.0,0.0
2742,0.1,3,0.1,0.0,0.0,0.5,0.75,0.0,0.0,0.0,0.0,0.0,0.0,0.0,0.0,0.0,time,0.0,0.0,0.0,0.0,0.0
2743,0.1,3,0.1,0.0,0.0,0.5,1.0,0.0,0.0,0.0,0.0,0.0,0.0,0.0,0.0,0.0,time,0.0,0.0,0.0,0.0,0.0
2744,0.1,3,0.1,0.0,0.0,0.75,0.25,0.0,0.0,0.0,0.0,0.0,0.0,0.0,0.0,0.0,time,0.0,0.0,0.0,0.0,0.0
2745,0.1,3,0.1,0.0,0.0,0.75,0.5,0.0,0.0,0.0,0.0,0.0,0.0,0.0,0.0,0.0,time,0.0,0.0,0.0,0.0,0.0
2746,0.1,3,0.1,0.0,0.0,0.75,0.75,0.0,0.0,0.0,0.0,0.0,0.0,0.0,0.0,0.0,time,0.0,0.0,0.0,0.0,0.0
2747,0.1,3,0.1,0.0,0.0,0.75,1.0,0.0,0.0,0.0,0.0,0.0,0.0,0.0,0.0,0.0,time,0.0,0.0,0.0,0.0,0.0
2748,0.1,3,0.1,0.0,0.0,1.0,0.25,0.0,0.0,0.0,0.0,0.0,0.0,0.0,0.0,0.0,time,0.0,0.0,0.0,0.0,0.0
2749,0.1,3,0.1,0.0,0.0,1.0,0.5,0.0,0.0,0.0,0.0,0.0,0.0,0.0,0.0,0.0,time,0.0,0.0,0.0,0.0,0.0
2750,0.1,3,0.1,0.0,0.0,1.0,0.75,0.0,0.0,0.0,0.0,0.0,0.0,0.0,0.0,0.0,time,0.0,0.0,0.0,0.0,0.0
2751,0.1,3,0.1,0.0,0.0,1.0,1.0,0.0,0.0,0.0,0.0,0.0,0.0,0.0,0.0,0.0,time,0.0,0.0,0.0,0.0,0.0
2752,0.1,3,0.1,0.0,0.1,0.25,0.25,0.0,0.0,0.0,0.0,0.0,0.0,0.0,0.0,0.0,time,0.0,0.0,0.0,0.0,0.0
2753,0.1,3,0.1,0.0,0.1,0.25,0.5,0.0,0.0,0.0,0.0,0.0,0.0,0.0,0.0,0.0,time,0.0,0.0,0.0,0.0,0.0
2754,0.1,3,0.1,0.0,0.1,0.25,0.75,0.0,0.0,0.0,0.0,0.0,0.0,0.0,0.0,0.0,time,0.0,0.0,0.0,0.0,0.0
2755,0.1,3,0.1,0.0,0.1,0.25,1.0,0.0,0.0,0.0,0.0,0.0,0.0,0.0,0.0,0.0,time,0.0,0.0,0.0,0.0,0.0
2756,0.1,3,0.1,0.0,0.1,0.5,0.25,0.0,0.0,0.0,0.0,0.0,0.0,0.0,0.0,0.0,time,0.0,0.0,0.0,0.0,0.0
2757,0.1,3,0.1,0.0,0.1,0.5,0.5,0.0,0.0,0.0,0.0,0.0,0.0,0.0,0.0,0.0,time,0.0,0.0,0.0,0.0,0.0
2758,0.1,3,0.1,0.0,0.1,0.5,0.75,0.0,0.0,0.0,0.0,0.0,0.0,0.0,0.0,0.0,time,0.0,0.0,0.0,0.0,0.0
2759,0.1,3,0.1,0.0,0.1,0.5,1.0,0.0,0.0,0.0,0.0,0.0,0.0,0.0,0.0,0.0,time,0.0,0.0,0.0,0.0,0.0
2760,0.1,3,0.1,0.0,0.1,0.75,0.25,0.0,0.0,0.0,0.0,0.0,0.0,0.0,0.0,0.0,time,0.0,0.0,0.0,0.0,0.0
2761,0.1,3,0.1,0.0,0.1,0.75,0.5,0.0,0.0,0.0,0.0,0.0,0.0,0.0,0.0,0.0,time,0.0,0.0,0.0,0.0,0.0
2762,0.1,3,0.1,0.0,0.1,0.75,0.75,0.0,0.0,0.0,0.0,0.0,0.0,0.0,0.0,0.0,time,0.0,0.0,0.0,0.0,0.0
2763,0.1,3,0.1,0.0,0.1,0.75,1.0,0.0,0.0,0.0,0.0,0.0,0.0,0.0,0.0,0.0,time,0.0,0.0,0.0,0.0,0.0
2764,0.1,3,0.1,0.0,0.1,1.0,0.25,0.0,0.0,0.0,0.0,0.0,0.0,0.0,0.0,0.0,time,0.0,0.0,0.0,0.0,0.0
2765,0.1,3,0.1,0.0,0.1,1.0,0.5,0.0,0.0,0.0,0.0,0.0,0.0,0.0,0.0,0.0,time,0.0,0.0,0.0,0.0,0.0
2766,0.1,3,0.1,0.0,0.1,1.0,0.75,0.0,0.0,0.0,0.0,0.0,0.0,0.0,0.0,0.0,time,0.0,0.0,0.0,0.0,0.0
2767,0.1,3,0.1,0.0,0.1,1.0,1.0,0.0,0.0,0.0,0.0,0.0,0.0,0.0,0.0,0.0,time,0.0,0.0,0.0,0.0,0.0
2768,0.1,3,0.1,0.0,1.0,0.25,0.25,0.0,0.0,0.0,0.0,0.0,0.0,0.0,0.0,0.0,time,0.0,0.0,0.0,0.0,0.0
2769,0.1,3,0.1,0.0,1.0,0.25,0.5,0.0,0.0,0.0,0.0,0.0,0.0,0.0,0.0,0.0,time,0.0,0.0,0.0,0.0,0.0
2770,0.1,3,0.1,0.0,1.0,0.25,0.75,0.0,0.0,0.0,0.0,0.0,0.0,0.0,0.0,0.0,time,0.0,0.0,0.0,0.0,0.0
2771,0.1,3,0.1,0.0,1.0,0.25,1.0,0.0,0.0,0.0,0.0,0.0,0.0,0.0,0.0,0.0,time,0.0,0.0,0.0,0.0,0.0
2772,0.1,3,0.1,0.0,1.0,0.5,0.25,0.0,0.0,0.0,0.0,0.0,0.0,0.0,0.0,0.0,time,0.0,0.0,0.0,0.0,0.0
2773,0.1,3,0.1,0.0,1.0,0.5,0.5,0.0,0.0,0.0,0.0,0.0,0.0,0.0,0.0,0.0,time,0.0,0.0,0.0,0.0,0.0
2774,0.1,3,0.1,0.0,1.0,0.5,0.75,0.0,0.0,0.0,0.0,0.0,0.0,0.0,0.0,0.0,time,0.0,0.0,0.0,0.0,0.0
2775,0.1,3,0.1,0.0,1.0,0.5,1.0,0.0,0.0,0.0,0.0,0.0,0.0,0.0,0.0,0.0,time,0.0,0.0,0.0,0.0,0.0
2776,0.1,3,0.1,0.0,1.0,0.75,0.25,0.0,0.0,0.0,0.0,0.0,0.0,0.0,0.0,0.0,time,0.0,0.0,0.0,0.0,0.0
2777,0.1,3,0.1,0.0,1.0,0.75,0.5,0.0,0.0,0.0,0.0,0.0,0.0,0.0,0.0,0.0,time,0.0,0.0,0.0,0.0,0.0
2778,0.1,3,0.1,0.0,1.0,0.75,0.75,0.0,0.0,0.0,0.0,0.0,0.0,0.0,0.0,0.0,time,0.0,0.0,0.0,0.0,0.0
2779,0.1,3,0.1,0.0,1.0,0.75,1.0,0.0,0.0,0.0,0.0,0.0,0.0,0.0,0.0,0.0,time,0.0,0.0,0.0,0.0,0.0
2780,0.1,3,0.1,0.0,1.0,1.0,0.25,0.0,0.0,0.0,0.0,0.0,0.0,0.0,0.0,0.0,time,0.0,0.0,0.0,0.0,0.0
2781,0.1,3,0.1,0.0,1.0,1.0,0.5,0.0,0.0,0.0,0.0,0.0,0.0,0.0,0.0,0.0,time,0.0,0.0,0.0,0.0,0.0
2782,0.1,3,0.1,0.0,1.0,1.0,0.75,0.0,0.0,0.0,0.0,0.0,0.0,0.0,0.0,0.0,time,0.0,0.0,0.0,0.0,0.0
2783,0.1,3,0.1,0.0,1.0,1.0,1.0,0.0,0.0,0.0,0.0,0.0,0.0,0.0,0.0,0.0,time,0.0,0.0,0.0,0.0,0.0
2784,0.1,3,0.1,0.1,0.0,0.25,0.25,0.0,0.0,0.0,0.0,0.0,0.0,0.0,0.0,0.0,time,0.0,0.0,0.0,0.0,0.0
2785,0.1,3,0.1,0.1,0.0,0.25,0.5,0.0,0.0,0.0,0.0,0.0,0.0,0.0,0.0,0.0,time,0.0,0.0,0.0,0.0,0.0
2786,0.1,3,0.1,0.1,0.0,0.25,0.75,0.0,0.0,0.0,0.0,0.0,0.0,0.0,0.0,0.0,time,0.0,0.0,0.0,0.0,0.0
2787,0.1,3,0.1,0.1,0.0,0.25,1.0,0.0,0.0,0.0,0.0,0.0,0.0,0.0,0.0,0.0,time,0.0,0.0,0.0,0.0,0.0
2788,0.1,3,0.1,0.1,0.0,0.5,0.25,0.0,0.0,0.0,0.0,0.0,0.0,0.0,0.0,0.0,time,0.0,0.0,0.0,0.0,0.0
2789,0.1,3,0.1,0.1,0.0,0.5,0.5,0.0,0.0,0.0,0.0,0.0,0.0,0.0,0.0,0.0,time,0.0,0.0,0.0,0.0,0.0
2790,0.1,3,0.1,0.1,0.0,0.5,0.75,0.0,0.0,0.0,0.0,0.0,0.0,0.0,0.0,0.0,time,0.0,0.0,0.0,0.0,0.0
2791,0.1,3,0.1,0.1,0.0,0.5,1.0,0.0,0.0,0.0,0.0,0.0,0.0,0.0,0.0,0.0,time,0.0,0.0,0.0,0.0,0.0
2792,0.1,3,0.1,0.1,0.0,0.75,0.25,0.0,0.0,0.0,0.0,0.0,0.0,0.0,0.0,0.0,time,0.0,0.0,0.0,0.0,0.0
2793,0.1,3,0.1,0.1,0.0,0.75,0.5,0.0,0.0,0.0,0.0,0.0,0.0,0.0,0.0,0.0,time,0.0,0.0,0.0,0.0,0.0
2794,0.1,3,0.1,0.1,0.0,0.75,0.75,0.0,0.0,0.0,0.0,0.0,0.0,0.0,0.0,0.0,time,0.0,0.0,0.0,0.0,0.0
2795,0.1,3,0.1,0.1,0.0,0.75,1.0,0.0,0.0,0.0,0.0,0.0,0.0,0.0,0.0,0.0,time,0.0,0.0,0.0,0.0,0.0
2796,0.1,3,0.1,0.1,0.0,1.0,0.25,0.0,0.0,0.0,0.0,0.0,0.0,0.0,0.0,0.0,time,0.0,0.0,0.0,0.0,0.0
2797,0.1,3,0.1,0.1,0.0,1.0,0.5,0.0,0.0,0.0,0.0,0.0,0.0,0.0,0.0,0.0,time,0.0,0.0,0.0,0.0,0.0
2798,0.1,3,0.1,0.1,0.0,1.0,0.75,0.0,0.0,0.0,0.0,0.0,0.0,0.0,0.0,0.0,time,0.0,0.0,0.0,0.0,0.0
2799,0.1,3,0.1,0.1,0.0,1.0,1.0,0.0,0.0,0.0,0.0,0.0,0.0,0.0,0.0,0.0,time,0.0,0.0,0.0,0.0,0.0
2800,0.1,3,0.1,0.1,0.1,0.25,0.25,0.0,0.0,0.0,0.0,0.0,0.0,0.0,0.0,0.0,time,0.0,0.0,0.0,0.0,0.0
2801,0.1,3,0.1,0.1,0.1,0.25,0.5,0.0,0.0,0.0,0.0,0.0,0.0,0.0,0.0,0.0,time,0.0,0.0,0.0,0.0,0.0
2802,0.1,3,0.1,0.1,0.1,0.25,0.75,0.0,0.0,0.0,0.0,0.0,0.0,0.0,0.0,0.0,time,0.0,0.0,0.0,0.0,0.0
2803,0.1,3,0.1,0.1,0.1,0.25,1.0,0.0,0.0,0.0,0.0,0.0,0.0,0.0,0.0,0.0,time,0.0,0.0,0.0,0.0,0.0
2804,0.1,3,0.1,0.1,0.1,0.5,0.25,0.0,0.0,0.0,0.0,0.0,0.0,0.0,0.0,0.0,time,0.0,0.0,0.0,0.0,0.0
2805,0.1,3,0.1,0.1,0.1,0.5,0.5,0.0,0.0,0.0,0.0,0.0,0.0,0.0,0.0,0.0,time,0.0,0.0,0.0,0.0,0.0
2806,0.1,3,0.1,0.1,0.1,0.5,0.75,0.0,0.0,0.0,0.0,0.0,0.0,0.0,0.0,0.0,time,0.0,0.0,0.0,0.0,0.0
2807,0.1,3,0.1,0.1,0.1,0.5,1.0,0.0,0.0,0.0,0.0,0.0,0.0,0.0,0.0,0.0,time,0.0,0.0,0.0,0.0,0.0
2808,0.1,3,0.1,0.1,0.1,0.75,0.25,0.0,0.0,0.0,0.0,0.0,0.0,0.0,0.0,0.0,time,0.0,0.0,0.0,0.0,0.0
2809,0.1,3,0.1,0.1,0.1,0.75,0.5,0.0,0.0,0.0,0.0,0.0,0.0,0.0,0.0,0.0,time,0.0,0.0,0.0,0.0,0.0
2810,0.1,3,0.1,0.1,0.1,0.75,0.75,0.0,0.0,0.0,0.0,0.0,0.0,0.0,0.0,0.0,time,0.0,0.0,0.0,0.0,0.0
2811,0.1,3,0.1,0.1,0.1,0.75,1.0,0.0,0.0,0.0,0.0,0.0,0.0,0.0,0.0,0.0,time,0.0,0.0,0.0,0.0,0.0
2812,0.1,3,0.1,0.1,0.1,1.0,0.25,0.0,0.0,0.0,0.0,0.0,0.0,0.0,0.0,0.0,time,0.0,0.0,0.0,0.0,0.0
2813,0.1,3,0.1,0.1,0.1,1.0,0.5,0.0,0.0,0.0,0.0,0.0,0.0,0.0,0.0,0.0,time,0.0,0.0,0.0,0.0,0.0
2814,0.1,3,0.1,0.1,0.1,1.0,0.75,0.0,0.0,0.0,0.0,0.0,0.0,0.0,0.0,0.0,time,0.0,0.0,0.0,0.0,0.0
2815,0.1,3,0.1,0.1,0.1,1.0,1.0,0.0,0.0,0.0,0.0,0.0,0.0,0.0,0.0,0.0,time,0.0,0.0,0.0,0.0,0.0
2816,0.1,3,0.1,0.1,1.0,0.25,0.25,0.0,0.0,0.0,0.0,0.0,0.0,0.0,0.0,0.0,time,0.0,0.0,0.0,0.0,0.0
2817,0.1,3,0.1,0.1,1.0,0.25,0.5,0.0,0.0,0.0,0.0,0.0,0.0,0.0,0.0,0.0,time,0.0,0.0,0.0,0.0,0.0
2818,0.1,3,0.1,0.1,1.0,0.25,0.75,0.0,0.0,0.0,0.0,0.0,0.0,0.0,0.0,0.0,time,0.0,0.0,0.0,0.0,0.0
2819,0.1,3,0.1,0.1,1.0,0.25,1.0,0.0,0.0,0.0,0.0,0.0,0.0,0.0,0.0,0.0,time,0.0,0.0,0.0,0.0,0.0
2820,0.1,3,0.1,0.1,1.0,0.5,0.25,0.0,0.0,0.0,0.0,0.0,0.0,0.0,0.0,0.0,time,0.0,0.0,0.0,0.0,0.0
2821,0.1,3,0.1,0.1,1.0,0.5,0.5,0.0,0.0,0.0,0.0,0.0,0.0,0.0,0.0,0.0,time,0.0,0.0,0.0,0.0,0.0
2822,0.1,3,0.1,0.1,1.0,0.5,0.75,0.0,0.0,0.0,0.0,0.0,0.0,0.0,0.0,0.0,time,0.0,0.0,0.0,0.0,0.0
2823,0.1,3,0.1,0.1,1.0,0.5,1.0,0.0,0.0,0.0,0.0,0.0,0.0,0.0,0.0,0.0,time,0.0,0.0,0.0,0.0,0.0
2824,0.1,3,0.1,0.1,1.0,0.75,0.25,0.0,0.0,0.0,0.0,0.0,0.0,0.0,0.0,0.0,time,0.0,0.0,0.0,0.0,0.0
2825,0.1,3,0.1,0.1,1.0,0.75,0.5,0.0,0.0,0.0,0.0,0.0,0.0,0.0,0.0,0.0,time,0.0,0.0,0.0,0.0,0.0
2826,0.1,3,0.1,0.1,1.0,0.75,0.75,0.0,0.0,0.0,0.0,0.0,0.0,0.0,0.0,0.0,time,0.0,0.0,0.0,0.0,0.0
2827,0.1,3,0.1,0.1,1.0,0.75,1.0,0.0,0.0,0.0,0.0,0.0,0.0,0.0,0.0,0.0,time,0.0,0.0,0.0,0.0,0.0
2828,0.1,3,0.1,0.1,1.0,1.0,0.25,0.0,0.0,0.0,0.0,0.0,0.0,0.0,0.0,0.0,time,0.0,0.0,0.0,0.0,0.0
2829,0.1,3,0.1,0.1,1.0,1.0,0.5,0.0,0.0,0.0,0.0,0.0,0.0,0.0,0.0,0.0,time,0.0,0.0,0.0,0.0,0.0
2830,0.1,3,0.1,0.1,1.0,1.0,0.75,0.0,0.0,0.0,0.0,0.0,0.0,0.0,0.0,0.0,time,0.0,0.0,0.0,0.0,0.0
2831,0.1,3,0.1,0.1,1.0,1.0,1.0,0.0,0.0,0.0,0.0,0.0,0.0,0.0,0.0,0.0,time,0.0,0.0,0.0,0.0,0.0
2832,0.1,3,0.1,1.0,0.0,0.25,0.25,0.0,0.0,0.0,0.0,0.0,0.0,0.0,0.0,0.0,time,0.0,0.0,0.0,0.0,0.0
2833,0.1,3,0.1,1.0,0.0,0.25,0.5,0.0,0.0,0.0,0.0,0.0,0.0,0.0,0.0,0.0,time,0.0,0.0,0.0,0.0,0.0
2834,0.1,3,0.1,1.0,0.0,0.25,0.75,0.0,0.0,0.0,0.0,0.0,0.0,0.0,0.0,0.0,time,0.0,0.0,0.0,0.0,0.0
2835,0.1,3,0.1,1.0,0.0,0.25,1.0,0.0,0.0,0.0,0.0,0.0,0.0,0.0,0.0,0.0,time,0.0,0.0,0.0,0.0,0.0
2836,0.1,3,0.1,1.0,0.0,0.5,0.25,0.0,0.0,0.0,0.0,0.0,0.0,0.0,0.0,0.0,time,0.0,0.0,0.0,0.0,0.0
2837,0.1,3,0.1,1.0,0.0,0.5,0.5,0.0,0.0,0.0,0.0,0.0,0.0,0.0,0.0,0.0,time,0.0,0.0,0.0,0.0,0.0
2838,0.1,3,0.1,1.0,0.0,0.5,0.75,0.0,0.0,0.0,0.0,0.0,0.0,0.0,0.0,0.0,time,0.0,0.0,0.0,0.0,0.0
2839,0.1,3,0.1,1.0,0.0,0.5,1.0,0.0,0.0,0.0,0.0,0.0,0.0,0.0,0.0,0.0,time,0.0,0.0,0.0,0.0,0.0
2840,0.1,3,0.1,1.0,0.0,0.75,0.25,0.0,0.0,0.0,0.0,0.0,0.0,0.0,0.0,0.0,time,0.0,0.0,0.0,0.0,0.0
2841,0.1,3,0.1,1.0,0.0,0.75,0.5,0.0,0.0,0.0,0.0,0.0,0.0,0.0,0.0,0.0,time,0.0,0.0,0.0,0.0,0.0
2842,0.1,3,0.1,1.0,0.0,0.75,0.75,0.0,0.0,0.0,0.0,0.0,0.0,0.0,0.0,0.0,time,0.0,0.0,0.0,0.0,0.0
2843,0.1,3,0.1,1.0,0.0,0.75,1.0,0.0,0.0,0.0,0.0,0.0,0.0,0.0,0.0,0.0,time,0.0,0.0,0.0,0.0,0.0
2844,0.1,3,0.1,1.0,0.0,1.0,0.25,0.0,0.0,0.0,0.0,0.0,0.0,0.0,0.0,0.0,time,0.0,0.0,0.0,0.0,0.0
2845,0.1,3,0.1,1.0,0.0,1.0,0.5,0.0,0.0,0.0,0.0,0.0,0.0,0.0,0.0,0.0,time,0.0,0.0,0.0,0.0,0.0
2846,0.1,3,0.1,1.0,0.0,1.0,0.75,0.0,0.0,0.0,0.0,0.0,0.0,0.0,0.0,0.0,time,0.0,0.0,0.0,0.0,0.0
2847,0.1,3,0.1,1.0,0.0,1.0,1.0,0.0,0.0,0.0,0.0,0.0,0.0,0.0,0.0,0.0,time,0.0,0.0,0.0,0.0,0.0
2848,0.1,3,0.1,1.0,0.1,0.25,0.25,0.0,0.0,0.0,0.0,0.0,0.0,0.0,0.0,0.0,time,0.0,0.0,0.0,0.0,0.0
2849,0.1,3,0.1,1.0,0.1,0.25,0.5,0.0,0.0,0.0,0.0,0.0,0.0,0.0,0.0,0.0,time,0.0,0.0,0.0,0.0,0.0
2850,0.1,3,0.1,1.0,0.1,0.25,0.75,0.0,0.0,0.0,0.0,0.0,0.0,0.0,0.0,0.0,time,0.0,0.0,0.0,0.0,0.0
2851,0.1,3,0.1,1.0,0.1,0.25,1.0,0.0,0.0,0.0,0.0,0.0,0.0,0.0,0.0,0.0,time,0.0,0.0,0.0,0.0,0.0
2852,0.1,3,0.1,1.0,0.1,0.5,0.25,0.0,0.0,0.0,0.0,0.0,0.0,0.0,0.0,0.0,time,0.0,0.0,0.0,0.0,0.0
2853,0.1,3,0.1,1.0,0.1,0.5,0.5,0.0,0.0,0.0,0.0,0.0,0.0,0.0,0.0,0.0,time,0.0,0.0,0.0,0.0,0.0
2854,0.1,3,0.1,1.0,0.1,0.5,0.75,0.0,0.0,0.0,0.0,0.0,0.0,0.0,0.0,0.0,time,0.0,0.0,0.0,0.0,0.0
2855,0.1,3,0.1,1.0,0.1,0.5,1.0,0.0,0.0,0.0,0.0,0.0,0.0,0.0,0.0,0.0,time,0.0,0.0,0.0,0.0,0.0
2856,0.1,3,0.1,1.0,0.1,0.75,0.25,0.0,0.0,0.0,0.0,0.0,0.0,0.0,0.0,0.0,time,0.0,0.0,0.0,0.0,0.0
2857,0.1,3,0.1,1.0,0.1,0.75,0.5,0.0,0.0,0.0,0.0,0.0,0.0,0.0,0.0,0.0,time,0.0,0.0,0.0,0.0,0.0
2858,0.1,3,0.1,1.0,0.1,0.75,0.75,0.0,0.0,0.0,0.0,0.0,0.0,0.0,0.0,0.0,time,0.0,0.0,0.0,0.0,0.0
2859,0.1,3,0.1,1.0,0.1,0.75,1.0,0.0,0.0,0.0,0.0,0.0,0.0,0.0,0.0,0.0,time,0.0,0.0,0.0,0.0,0.0
2860,0.1,3,0.1,1.0,0.1,1.0,0.25,0.0,0.0,0.0,0.0,0.0,0.0,0.0,0.0,0.0,time,0.0,0.0,0.0,0.0,0.0
2861,0.1,3,0.1,1.0,0.1,1.0,0.5,0.0,0.0,0.0,0.0,0.0,0.0,0.0,0.0,0.0,time,0.0,0.0,0.0,0.0,0.0
2862,0.1,3,0.1,1.0,0.1,1.0,0.75,0.0,0.0,0.0,0.0,0.0,0.0,0.0,0.0,0.0,time,0.0,0.0,0.0,0.0,0.0
2863,0.1,3,0.1,1.0,0.1,1.0,1.0,0.0,0.0,0.0,0.0,0.0,0.0,0.0,0.0,0.0,time,0.0,0.0,0.0,0.0,0.0
2864,0.1,3,0.1,1.0,1.0,0.25,0.25,0.0,0.0,0.0,0.0,0.0,0.0,0.0,0.0,0.0,time,0.0,0.0,0.0,0.0,0.0
2865,0.1,3,0.1,1.0,1.0,0.25,0.5,0.0,0.0,0.0,0.0,0.0,0.0,0.0,0.0,0.0,time,0.0,0.0,0.0,0.0,0.0
2866,0.1,3,0.1,1.0,1.0,0.25,0.75,0.0,0.0,0.0,0.0,0.0,0.0,0.0,0.0,0.0,time,0.0,0.0,0.0,0.0,0.0
2867,0.1,3,0.1,1.0,1.0,0.25,1.0,0.0,0.0,0.0,0.0,0.0,0.0,0.0,0.0,0.0,time,0.0,0.0,0.0,0.0,0.0
2868,0.1,3,0.1,1.0,1.0,0.5,0.25,0.0,0.0,0.0,0.0,0.0,0.0,0.0,0.0,0.0,time,0.0,0.0,0.0,0.0,0.0
2869,0.1,3,0.1,1.0,1.0,0.5,0.5,0.0,0.0,0.0,0.0,0.0,0.0,0.0,0.0,0.0,time,0.0,0.0,0.0,0.0,0.0
2870,0.1,3,0.1,1.0,1.0,0.5,0.75,0.0,0.0,0.0,0.0,0.0,0.0,0.0,0.0,0.0,time,0.0,0.0,0.0,0.0,0.0
2871,0.1,3,0.1,1.0,1.0,0.5,1.0,0.0,0.0,0.0,0.0,0.0,0.0,0.0,0.0,0.0,time,0.0,0.0,0.0,0.0,0.0
2872,0.1,3,0.1,1.0,1.0,0.75,0.25,0.0,0.0,0.0,0.0,0.0,0.0,0.0,0.0,0.0,time,0.0,0.0,0.0,0.0,0.0
2873,0.1,3,0.1,1.0,1.0,0.75,0.5,0.0,0.0,0.0,0.0,0.0,0.0,0.0,0.0,0.0,time,0.0,0.0,0.0,0.0,0.0
2874,0.1,3,0.1,1.0,1.0,0.75,0.75,0.0,0.0,0.0,0.0,0.0,0.0,0.0,0.0,0.0,time,0.0,0.0,0.0,0.0,0.0
2875,0.1,3,0.1,1.0,1.0,0.75,1.0,0.0,0.0,0.0,0.0,0.0,0.0,0.0,0.0,0.0,time,0.0,0.0,0.0,0.0,0.0
2876,0.1,3,0.1,1.0,1.0,1.0,0.25,0.0,0.0,0.0,0.0,0.0,0.0,0.0,0.0,0.0,time,0.0,0.0,0.0,0.0,0.0
2877,0.1,3,0.1,1.0,1.0,1.0,0.5,0.0,0.0,0.0,0.0,0.0,0.0,0.0,0.0,0.0,time,0.0,0.0,0.0,0.0,0.0
2878,0.1,3,0.1,1.0,1.0,1.0,0.75,0.0,0.0,0.0,0.0,0.0,0.0,0.0,0.0,0.0,time,0.0,0.0,0.0,0.0,0.0
2879,0.1,3,0.1,1.0,1.0,1.0,1.0,0.0,0.0,0.0,0.0,0.0,0.0,0.0,0.0,0.0,time,0.0,0.0,0.0,0.0,0.0
2880,0.1,3,1.0,0.0,0.0,0.25,0.25,0.0,0.0,0.0,0.0,0.0,0.0,0.0,0.0,0.0,time,0.0,0.0,0.0,0.0,0.0
2881,0.1,3,1.0,0.0,0.0,0.25,0.5,0.0,0.0,0.0,0.0,0.0,0.0,0.0,0.0,0.0,time,0.0,0.0,0.0,0.0,0.0
2882,0.1,3,1.0,0.0,0.0,0.25,0.75,0.0,0.0,0.0,0.0,0.0,0.0,0.0,0.0,0.0,time,0.0,0.0,0.0,0.0,0.0
2883,0.1,3,1.0,0.0,0.0,0.25,1.0,0.0,0.0,0.0,0.0,0.0,0.0,0.0,0.0,0.0,time,0.0,0.0,0.0,0.0,0.0
2884,0.1,3,1.0,0.0,0.0,0.5,0.25,0.0,0.0,0.0,0.0,0.0,0.0,0.0,0.0,0.0,time,0.0,0.0,0.0,0.0,0.0
2885,0.1,3,1.0,0.0,0.0,0.5,0.5,0.0,0.0,0.0,0.0,0.0,0.0,0.0,0.0,0.0,time,0.0,0.0,0.0,0.0,0.0
2886,0.1,3,1.0,0.0,0.0,0.5,0.75,0.0,0.0,0.0,0.0,0.0,0.0,0.0,0.0,0.0,time,0.0,0.0,0.0,0.0,0.0
2887,0.1,3,1.0,0.0,0.0,0.5,1.0,0.0,0.0,0.0,0.0,0.0,0.0,0.0,0.0,0.0,time,0.0,0.0,0.0,0.0,0.0
2888,0.1,3,1.0,0.0,0.0,0.75,0.25,0.0,0.0,0.0,0.0,0.0,0.0,0.0,0.0,0.0,time,0.0,0.0,0.0,0.0,0.0
2889,0.1,3,1.0,0.0,0.0,0.75,0.5,0.0,0.0,0.0,0.0,0.0,0.0,0.0,0.0,0.0,time,0.0,0.0,0.0,0.0,0.0
2890,0.1,3,1.0,0.0,0.0,0.75,0.75,0.0,0.0,0.0,0.0,0.0,0.0,0.0,0.0,0.0,time,0.0,0.0,0.0,0.0,0.0
2891,0.1,3,1.0,0.0,0.0,0.75,1.0,0.0,0.0,0.0,0.0,0.0,0.0,0.0,0.0,0.0,time,0.0,0.0,0.0,0.0,0.0
2892,0.1,3,1.0,0.0,0.0,1.0,0.25,0.0,0.0,0.0,0.0,0.0,0.0,0.0,0.0,0.0,time,0.0,0.0,0.0,0.0,0.0
2893,0.1,3,1.0,0.0,0.0,1.0,0.5,0.0,0.0,0.0,0.0,0.0,0.0,0.0,0.0,0.0,time,0.0,0.0,0.0,0.0,0.0
2894,0.1,3,1.0,0.0,0.0,1.0,0.75,0.0,0.0,0.0,0.0,0.0,0.0,0.0,0.0,0.0,time,0.0,0.0,0.0,0.0,0.0
2895,0.1,3,1.0,0.0,0.0,1.0,1.0,0.0,0.0,0.0,0.0,0.0,0.0,0.0,0.0,0.0,time,0.0,0.0,0.0,0.0,0.0
2896,0.1,3,1.0,0.0,0.1,0.25,0.25,0.0,0.0,0.0,0.0,0.0,0.0,0.0,0.0,0.0,time,0.0,0.0,0.0,0.0,0.0
2897,0.1,3,1.0,0.0,0.1,0.25,0.5,0.0,0.0,0.0,0.0,0.0,0.0,0.0,0.0,0.0,time,0.0,0.0,0.0,0.0,0.0
2898,0.1,3,1.0,0.0,0.1,0.25,0.75,0.0,0.0,0.0,0.0,0.0,0.0,0.0,0.0,0.0,time,0.0,0.0,0.0,0.0,0.0
2899,0.1,3,1.0,0.0,0.1,0.25,1.0,0.0,0.0,0.0,0.0,0.0,0.0,0.0,0.0,0.0,time,0.0,0.0,0.0,0.0,0.0
2900,0.1,3,1.0,0.0,0.1,0.5,0.25,0.0,0.0,0.0,0.0,0.0,0.0,0.0,0.0,0.0,time,0.0,0.0,0.0,0.0,0.0
2901,0.1,3,1.0,0.0,0.1,0.5,0.5,0.0,0.0,0.0,0.0,0.0,0.0,0.0,0.0,0.0,time,0.0,0.0,0.0,0.0,0.0
2902,0.1,3,1.0,0.0,0.1,0.5,0.75,0.0,0.0,0.0,0.0,0.0,0.0,0.0,0.0,0.0,time,0.0,0.0,0.0,0.0,0.0
2903,0.1,3,1.0,0.0,0.1,0.5,1.0,0.0,0.0,0.0,0.0,0.0,0.0,0.0,0.0,0.0,time,0.0,0.0,0.0,0.0,0.0
2904,0.1,3,1.0,0.0,0.1,0.75,0.25,0.0,0.0,0.0,0.0,0.0,0.0,0.0,0.0,0.0,time,0.0,0.0,0.0,0.0,0.0
2905,0.1,3,1.0,0.0,0.1,0.75,0.5,0.0,0.0,0.0,0.0,0.0,0.0,0.0,0.0,0.0,time,0.0,0.0,0.0,0.0,0.0
2906,0.1,3,1.0,0.0,0.1,0.75,0.75,0.0,0.0,0.0,0.0,0.0,0.0,0.0,0.0,0.0,time,0.0,0.0,0.0,0.0,0.0
2907,0.1,3,1.0,0.0,0.1,0.75,1.0,0.0,0.0,0.0,0.0,0.0,0.0,0.0,0.0,0.0,time,0.0,0.0,0.0,0.0,0.0
2908,0.1,3,1.0,0.0,0.1,1.0,0.25,0.0,0.0,0.0,0.0,0.0,0.0,0.0,0.0,0.0,time,0.0,0.0,0.0,0.0,0.0
2909,0.1,3,1.0,0.0,0.1,1.0,0.5,0.0,0.0,0.0,0.0,0.0,0.0,0.0,0.0,0.0,time,0.0,0.0,0.0,0.0,0.0
2910,0.1,3,1.0,0.0,0.1,1.0,0.75,0.0,0.0,0.0,0.0,0.0,0.0,0.0,0.0,0.0,time,0.0,0.0,0.0,0.0,0.0
2911,0.1,3,1.0,0.0,0.1,1.0,1.0,0.0,0.0,0.0,0.0,0.0,0.0,0.0,0.0,0.0,time,0.0,0.0,0.0,0.0,0.0
2912,0.1,3,1.0,0.0,1.0,0.25,0.25,0.0,0.0,0.0,0.0,0.0,0.0,0.0,0.0,0.0,time,0.0,0.0,0.0,0.0,0.0
2913,0.1,3,1.0,0.0,1.0,0.25,0.5,0.0,0.0,0.0,0.0,0.0,0.0,0.0,0.0,0.0,time,0.0,0.0,0.0,0.0,0.0
2914,0.1,3,1.0,0.0,1.0,0.25,0.75,0.0,0.0,0.0,0.0,0.0,0.0,0.0,0.0,0.0,time,0.0,0.0,0.0,0.0,0.0
2915,0.1,3,1.0,0.0,1.0,0.25,1.0,0.0,0.0,0.0,0.0,0.0,0.0,0.0,0.0,0.0,time,0.0,0.0,0.0,0.0,0.0
2916,0.1,3,1.0,0.0,1.0,0.5,0.25,0.0,0.0,0.0,0.0,0.0,0.0,0.0,0.0,0.0,time,0.0,0.0,0.0,0.0,0.0
2917,0.1,3,1.0,0.0,1.0,0.5,0.5,0.0,0.0,0.0,0.0,0.0,0.0,0.0,0.0,0.0,time,0.0,0.0,0.0,0.0,0.0
2918,0.1,3,1.0,0.0,1.0,0.5,0.75,0.0,0.0,0.0,0.0,0.0,0.0,0.0,0.0,0.0,time,0.0,0.0,0.0,0.0,0.0
2919,0.1,3,1.0,0.0,1.0,0.5,1.0,0.0,0.0,0.0,0.0,0.0,0.0,0.0,0.0,0.0,time,0.0,0.0,0.0,0.0,0.0
2920,0.1,3,1.0,0.0,1.0,0.75,0.25,0.0,0.0,0.0,0.0,0.0,0.0,0.0,0.0,0.0,time,0.0,0.0,0.0,0.0,0.0
2921,0.1,3,1.0,0.0,1.0,0.75,0.5,0.0,0.0,0.0,0.0,0.0,0.0,0.0,0.0,0.0,time,0.0,0.0,0.0,0.0,0.0
2922,0.1,3,1.0,0.0,1.0,0.75,0.75,0.0,0.0,0.0,0.0,0.0,0.0,0.0,0.0,0.0,time,0.0,0.0,0.0,0.0,0.0
2923,0.1,3,1.0,0.0,1.0,0.75,1.0,0.0,0.0,0.0,0.0,0.0,0.0,0.0,0.0,0.0,time,0.0,0.0,0.0,0.0,0.0
2924,0.1,3,1.0,0.0,1.0,1.0,0.25,0.0,0.0,0.0,0.0,0.0,0.0,0.0,0.0,0.0,time,0.0,0.0,0.0,0.0,0.0
2925,0.1,3,1.0,0.0,1.0,1.0,0.5,0.0,0.0,0.0,0.0,0.0,0.0,0.0,0.0,0.0,time,0.0,0.0,0.0,0.0,0.0
2926,0.1,3,1.0,0.0,1.0,1.0,0.75,0.0,0.0,0.0,0.0,0.0,0.0,0.0,0.0,0.0,time,0.0,0.0,0.0,0.0,0.0
2927,0.1,3,1.0,0.0,1.0,1.0,1.0,0.0,0.0,0.0,0.0,0.0,0.0,0.0,0.0,0.0,time,0.0,0.0,0.0,0.0,0.0
2928,0.1,3,1.0,0.1,0.0,0.25,0.25,0.0,0.0,0.0,0.0,0.0,0.0,0.0,0.0,0.0,time,0.0,0.0,0.0,0.0,0.0
2929,0.1,3,1.0,0.1,0.0,0.25,0.5,0.0,0.0,0.0,0.0,0.0,0.0,0.0,0.0,0.0,time,0.0,0.0,0.0,0.0,0.0
2930,0.1,3,1.0,0.1,0.0,0.25,0.75,0.0,0.0,0.0,0.0,0.0,0.0,0.0,0.0,0.0,time,0.0,0.0,0.0,0.0,0.0
2931,0.1,3,1.0,0.1,0.0,0.25,1.0,0.0,0.0,0.0,0.0,0.0,0.0,0.0,0.0,0.0,time,0.0,0.0,0.0,0.0,0.0
2932,0.1,3,1.0,0.1,0.0,0.5,0.25,0.0,0.0,0.0,0.0,0.0,0.0,0.0,0.0,0.0,time,0.0,0.0,0.0,0.0,0.0
2933,0.1,3,1.0,0.1,0.0,0.5,0.5,0.0,0.0,0.0,0.0,0.0,0.0,0.0,0.0,0.0,time,0.0,0.0,0.0,0.0,0.0
2934,0.1,3,1.0,0.1,0.0,0.5,0.75,0.0,0.0,0.0,0.0,0.0,0.0,0.0,0.0,0.0,time,0.0,0.0,0.0,0.0,0.0
2935,0.1,3,1.0,0.1,0.0,0.5,1.0,0.0,0.0,0.0,0.0,0.0,0.0,0.0,0.0,0.0,time,0.0,0.0,0.0,0.0,0.0
2936,0.1,3,1.0,0.1,0.0,0.75,0.25,0.0,0.0,0.0,0.0,0.0,0.0,0.0,0.0,0.0,time,0.0,0.0,0.0,0.0,0.0
2937,0.1,3,1.0,0.1,0.0,0.75,0.5,0.0,0.0,0.0,0.0,0.0,0.0,0.0,0.0,0.0,time,0.0,0.0,0.0,0.0,0.0
2938,0.1,3,1.0,0.1,0.0,0.75,0.75,0.0,0.0,0.0,0.0,0.0,0.0,0.0,0.0,0.0,time,0.0,0.0,0.0,0.0,0.0
2939,0.1,3,1.0,0.1,0.0,0.75,1.0,0.0,0.0,0.0,0.0,0.0,0.0,0.0,0.0,0.0,time,0.0,0.0,0.0,0.0,0.0
2940,0.1,3,1.0,0.1,0.0,1.0,0.25,0.0,0.0,0.0,0.0,0.0,0.0,0.0,0.0,0.0,time,0.0,0.0,0.0,0.0,0.0
2941,0.1,3,1.0,0.1,0.0,1.0,0.5,0.0,0.0,0.0,0.0,0.0,0.0,0.0,0.0,0.0,time,0.0,0.0,0.0,0.0,0.0
2942,0.1,3,1.0,0.1,0.0,1.0,0.75,0.0,0.0,0.0,0.0,0.0,0.0,0.0,0.0,0.0,time,0.0,0.0,0.0,0.0,0.0
2943,0.1,3,1.0,0.1,0.0,1.0,1.0,0.0,0.0,0.0,0.0,0.0,0.0,0.0,0.0,0.0,time,0.0,0.0,0.0,0.0,0.0
2944,0.1,3,1.0,0.1,0.1,0.25,0.25,0.0,0.0,0.0,0.0,0.0,0.0,0.0,0.0,0.0,time,0.0,0.0,0.0,0.0,0.0
2945,0.1,3,1.0,0.1,0.1,0.25,0.5,0.0,0.0,0.0,0.0,0.0,0.0,0.0,0.0,0.0,time,0.0,0.0,0.0,0.0,0.0
2946,0.1,3,1.0,0.1,0.1,0.25,0.75,0.0,0.0,0.0,0.0,0.0,0.0,0.0,0.0,0.0,time,0.0,0.0,0.0,0.0,0.0
2947,0.1,3,1.0,0.1,0.1,0.25,1.0,0.0,0.0,0.0,0.0,0.0,0.0,0.0,0.0,0.0,time,0.0,0.0,0.0,0.0,0.0
2948,0.1,3,1.0,0.1,0.1,0.5,0.25,0.0,0.0,0.0,0.0,0.0,0.0,0.0,0.0,0.0,time,0.0,0.0,0.0,0.0,0.0
2949,0.1,3,1.0,0.1,0.1,0.5,0.5,0.0,0.0,0.0,0.0,0.0,0.0,0.0,0.0,0.0,time,0.0,0.0,0.0,0.0,0.0
2950,0.1,3,1.0,0.1,0.1,0.5,0.75,0.0,0.0,0.0,0.0,0.0,0.0,0.0,0.0,0.0,time,0.0,0.0,0.0,0.0,0.0
2951,0.1,3,1.0,0.1,0.1,0.5,1.0,0.0,0.0,0.0,0.0,0.0,0.0,0.0,0.0,0.0,time,0.0,0.0,0.0,0.0,0.0
2952,0.1,3,1.0,0.1,0.1,0.75,0.25,0.0,0.0,0.0,0.0,0.0,0.0,0.0,0.0,0.0,time,0.0,0.0,0.0,0.0,0.0
2953,0.1,3,1.0,0.1,0.1,0.75,0.5,0.0,0.0,0.0,0.0,0.0,0.0,0.0,0.0,0.0,time,0.0,0.0,0.0,0.0,0.0
2954,0.1,3,1.0,0.1,0.1,0.75,0.75,0.0,0.0,0.0,0.0,0.0,0.0,0.0,0.0,0.0,time,0.0,0.0,0.0,0.0,0.0
2955,0.1,3,1.0,0.1,0.1,0.75,1.0,0.0,0.0,0.0,0.0,0.0,0.0,0.0,0.0,0.0,time,0.0,0.0,0.0,0.0,0.0
2956,0.1,3,1.0,0.1,0.1,1.0,0.25,0.0,0.0,0.0,0.0,0.0,0.0,0.0,0.0,0.0,time,0.0,0.0,0.0,0.0,0.0
2957,0.1,3,1.0,0.1,0.1,1.0,0.5,0.0,0.0,0.0,0.0,0.0,0.0,0.0,0.0,0.0,time,0.0,0.0,0.0,0.0,0.0
2958,0.1,3,1.0,0.1,0.1,1.0,0.75,0.0,0.0,0.0,0.0,0.0,0.0,0.0,0.0,0.0,time,0.0,0.0,0.0,0.0,0.0
2959,0.1,3,1.0,0.1,0.1,1.0,1.0,0.0,0.0,0.0,0.0,0.0,0.0,0.0,0.0,0.0,time,0.0,0.0,0.0,0.0,0.0
2960,0.1,3,1.0,0.1,1.0,0.25,0.25,0.0,0.0,0.0,0.0,0.0,0.0,0.0,0.0,0.0,time,0.0,0.0,0.0,0.0,0.0
2961,0.1,3,1.0,0.1,1.0,0.25,0.5,0.0,0.0,0.0,0.0,0.0,0.0,0.0,0.0,0.0,time,0.0,0.0,0.0,0.0,0.0
2962,0.1,3,1.0,0.1,1.0,0.25,0.75,0.0,0.0,0.0,0.0,0.0,0.0,0.0,0.0,0.0,time,0.0,0.0,0.0,0.0,0.0
2963,0.1,3,1.0,0.1,1.0,0.25,1.0,0.0,0.0,0.0,0.0,0.0,0.0,0.0,0.0,0.0,time,0.0,0.0,0.0,0.0,0.0
2964,0.1,3,1.0,0.1,1.0,0.5,0.25,0.0,0.0,0.0,0.0,0.0,0.0,0.0,0.0,0.0,time,0.0,0.0,0.0,0.0,0.0
2965,0.1,3,1.0,0.1,1.0,0.5,0.5,0.0,0.0,0.0,0.0,0.0,0.0,0.0,0.0,0.0,time,0.0,0.0,0.0,0.0,0.0
2966,0.1,3,1.0,0.1,1.0,0.5,0.75,0.0,0.0,0.0,0.0,0.0,0.0,0.0,0.0,0.0,time,0.0,0.0,0.0,0.0,0.0
2967,0.1,3,1.0,0.1,1.0,0.5,1.0,0.0,0.0,0.0,0.0,0.0,0.0,0.0,0.0,0.0,time,0.0,0.0,0.0,0.0,0.0
2968,0.1,3,1.0,0.1,1.0,0.75,0.25,0.0,0.0,0.0,0.0,0.0,0.0,0.0,0.0,0.0,time,0.0,0.0,0.0,0.0,0.0
2969,0.1,3,1.0,0.1,1.0,0.75,0.5,0.0,0.0,0.0,0.0,0.0,0.0,0.0,0.0,0.0,time,0.0,0.0,0.0,0.0,0.0
2970,0.1,3,1.0,0.1,1.0,0.75,0.75,0.0,0.0,0.0,0.0,0.0,0.0,0.0,0.0,0.0,time,0.0,0.0,0.0,0.0,0.0
2971,0.1,3,1.0,0.1,1.0,0.75,1.0,0.0,0.0,0.0,0.0,0.0,0.0,0.0,0.0,0.0,time,0.0,0.0,0.0,0.0,0.0
2972,0.1,3,1.0,0.1,1.0,1.0,0.25,0.0,0.0,0.0,0.0,0.0,0.0,0.0,0.0,0.0,time,0.0,0.0,0.0,0.0,0.0
2973,0.1,3,1.0,0.1,1.0,1.0,0.5,0.0,0.0,0.0,0.0,0.0,0.0,0.0,0.0,0.0,time,0.0,0.0,0.0,0.0,0.0
2974,0.1,3,1.0,0.1,1.0,1.0,0.75,0.0,0.0,0.0,0.0,0.0,0.0,0.0,0.0,0.0,time,0.0,0.0,0.0,0.0,0.0
2975,0.1,3,1.0,0.1,1.0,1.0,1.0,0.0,0.0,0.0,0.0,0.0,0.0,0.0,0.0,0.0,time,0.0,0.0,0.0,0.0,0.0
2976,0.1,3,1.0,1.0,0.0,0.25,0.25,0.0,0.0,0.0,0.0,0.0,0.0,0.0,0.0,0.0,time,0.0,0.0,0.0,0.0,0.0
2977,0.1,3,1.0,1.0,0.0,0.25,0.5,0.0,0.0,0.0,0.0,0.0,0.0,0.0,0.0,0.0,time,0.0,0.0,0.0,0.0,0.0
2978,0.1,3,1.0,1.0,0.0,0.25,0.75,0.0,0.0,0.0,0.0,0.0,0.0,0.0,0.0,0.0,time,0.0,0.0,0.0,0.0,0.0
2979,0.1,3,1.0,1.0,0.0,0.25,1.0,0.0,0.0,0.0,0.0,0.0,0.0,0.0,0.0,0.0,time,0.0,0.0,0.0,0.0,0.0
2980,0.1,3,1.0,1.0,0.0,0.5,0.25,0.0,0.0,0.0,0.0,0.0,0.0,0.0,0.0,0.0,time,0.0,0.0,0.0,0.0,0.0
2981,0.1,3,1.0,1.0,0.0,0.5,0.5,0.0,0.0,0.0,0.0,0.0,0.0,0.0,0.0,0.0,time,0.0,0.0,0.0,0.0,0.0
2982,0.1,3,1.0,1.0,0.0,0.5,0.75,0.0,0.0,0.0,0.0,0.0,0.0,0.0,0.0,0.0,time,0.0,0.0,0.0,0.0,0.0
2983,0.1,3,1.0,1.0,0.0,0.5,1.0,0.0,0.0,0.0,0.0,0.0,0.0,0.0,0.0,0.0,time,0.0,0.0,0.0,0.0,0.0
2984,0.1,3,1.0,1.0,0.0,0.75,0.25,0.0,0.0,0.0,0.0,0.0,0.0,0.0,0.0,0.0,time,0.0,0.0,0.0,0.0,0.0
2985,0.1,3,1.0,1.0,0.0,0.75,0.5,0.0,0.0,0.0,0.0,0.0,0.0,0.0,0.0,0.0,time,0.0,0.0,0.0,0.0,0.0
2986,0.1,3,1.0,1.0,0.0,0.75,0.75,0.0,0.0,0.0,0.0,0.0,0.0,0.0,0.0,0.0,time,0.0,0.0,0.0,0.0,0.0
2987,0.1,3,1.0,1.0,0.0,0.75,1.0,0.0,0.0,0.0,0.0,0.0,0.0,0.0,0.0,0.0,time,0.0,0.0,0.0,0.0,0.0
2988,0.1,3,1.0,1.0,0.0,1.0,0.25,0.0,0.0,0.0,0.0,0.0,0.0,0.0,0.0,0.0,time,0.0,0.0,0.0,0.0,0.0
2989,0.1,3,1.0,1.0,0.0,1.0,0.5,0.0,0.0,0.0,0.0,0.0,0.0,0.0,0.0,0.0,time,0.0,0.0,0.0,0.0,0.0
2990,0.1,3,1.0,1.0,0.0,1.0,0.75,0.0,0.0,0.0,0.0,0.0,0.0,0.0,0.0,0.0,time,0.0,0.0,0.0,0.0,0.0
2991,0.1,3,1.0,1.0,0.0,1.0,1.0,0.0,0.0,0.0,0.0,0.0,0.0,0.0,0.0,0.0,time,0.0,0.0,0.0,0.0,0.0
2992,0.1,3,1.0,1.0,0.1,0.25,0.25,0.0,0.0,0.0,0.0,0.0,0.0,0.0,0.0,0.0,time,0.0,0.0,0.0,0.0,0.0
2993,0.1,3,1.0,1.0,0.1,0.25,0.5,0.0,0.0,0.0,0.0,0.0,0.0,0.0,0.0,0.0,time,0.0,0.0,0.0,0.0,0.0
2994,0.1,3,1.0,1.0,0.1,0.25,0.75,0.0,0.0,0.0,0.0,0.0,0.0,0.0,0.0,0.0,time,0.0,0.0,0.0,0.0,0.0
2995,0.1,3,1.0,1.0,0.1,0.25,1.0,0.0,0.0,0.0,0.0,0.0,0.0,0.0,0.0,0.0,time,0.0,0.0,0.0,0.0,0.0
2996,0.1,3,1.0,1.0,0.1,0.5,0.25,0.0,0.0,0.0,0.0,0.0,0.0,0.0,0.0,0.0,time,0.0,0.0,0.0,0.0,0.0
2997,0.1,3,1.0,1.0,0.1,0.5,0.5,0.0,0.0,0.0,0.0,0.0,0.0,0.0,0.0,0.0,time,0.0,0.0,0.0,0.0,0.0
2998,0.1,3,1.0,1.0,0.1,0.5,0.75,0.0,0.0,0.0,0.0,0.0,0.0,0.0,0.0,0.0,time,0.0,0.0,0.0,0.0,0.0
2999,0.1,3,1.0,1.0,0.1,0.5,1.0,0.0,0.0,0.0,0.0,0.0,0.0,0.0,0.0,0.0,time,0.0,0.0,0.0,0.0,0.0
3000,0.1,3,1.0,1.0,0.1,0.75,0.25,0.0,0.0,0.0,0.0,0.0,0.0,0.0,0.0,0.0,time,0.0,0.0,0.0,0.0,0.0
3001,0.1,3,1.0,1.0,0.1,0.75,0.5,0.0,0.0,0.0,0.0,0.0,0.0,0.0,0.0,0.0,time,0.0,0.0,0.0,0.0,0.0
3002,0.1,3,1.0,1.0,0.1,0.75,0.75,0.0,0.0,0.0,0.0,0.0,0.0,0.0,0.0,0.0,time,0.0,0.0,0.0,0.0,0.0
3003,0.1,3,1.0,1.0,0.1,0.75,1.0,0.0,0.0,0.0,0.0,0.0,0.0,0.0,0.0,0.0,time,0.0,0.0,0.0,0.0,0.0
3004,0.1,3,1.0,1.0,0.1,1.0,0.25,0.0,0.0,0.0,0.0,0.0,0.0,0.0,0.0,0.0,time,0.0,0.0,0.0,0.0,0.0
3005,0.1,3,1.0,1.0,0.1,1.0,0.5,0.0,0.0,0.0,0.0,0.0,0.0,0.0,0.0,0.0,time,0.0,0.0,0.0,0.0,0.0
3006,0.1,3,1.0,1.0,0.1,1.0,0.75,0.0,0.0,0.0,0.0,0.0,0.0,0.0,0.0,0.0,time,0.0,0.0,0.0,0.0,0.0
3007,0.1,3,1.0,1.0,0.1,1.0,1.0,0.0,0.0,0.0,0.0,0.0,0.0,0.0,0.0,0.0,time,0.0,0.0,0.0,0.0,0.0
3008,0.1,3,1.0,1.0,1.0,0.25,0.25,0.0,0.0,0.0,0.0,0.0,0.0,0.0,0.0,0.0,time,0.0,0.0,0.0,0.0,0.0
3009,0.1,3,1.0,1.0,1.0,0.25,0.5,0.0,0.0,0.0,0.0,0.0,0.0,0.0,0.0,0.0,time,0.0,0.0,0.0,0.0,0.0
3010,0.1,3,1.0,1.0,1.0,0.25,0.75,0.0,0.0,0.0,0.0,0.0,0.0,0.0,0.0,0.0,time,0.0,0.0,0.0,0.0,0.0
3011,0.1,3,1.0,1.0,1.0,0.25,1.0,0.0,0.0,0.0,0.0,0.0,0.0,0.0,0.0,0.0,time,0.0,0.0,0.0,0.0,0.0
3012,0.1,3,1.0,1.0,1.0,0.5,0.25,0.0,0.0,0.0,0.0,0.0,0.0,0.0,0.0,0.0,time,0.0,0.0,0.0,0.0,0.0
3013,0.1,3,1.0,1.0,1.0,0.5,0.5,0.0,0.0,0.0,0.0,0.0,0.0,0.0,0.0,0.0,time,0.0,0.0,0.0,0.0,0.0
3014,0.1,3,1.0,1.0,1.0,0.5,0.75,0.0,0.0,0.0,0.0,0.0,0.0,0.0,0.0,0.0,time,0.0,0.0,0.0,0.0,0.0
3015,0.1,3,1.0,1.0,1.0,0.5,1.0,0.0,0.0,0.0,0.0,0.0,0.0,0.0,0.0,0.0,time,0.0,0.0,0.0,0.0,0.0
3016,0.1,3,1.0,1.0,1.0,0.75,0.25,0.0,0.0,0.0,0.0,0.0,0.0,0.0,0.0,0.0,time,0.0,0.0,0.0,0.0,0.0
3017,0.1,3,1.0,1.0,1.0,0.75,0.5,0.0,0.0,0.0,0.0,0.0,0.0,0.0,0.0,0.0,time,0.0,0.0,0.0,0.0,0.0
3018,0.1,3,1.0,1.0,1.0,0.75,0.75,0.0,0.0,0.0,0.0,0.0,0.0,0.0,0.0,0.0,time,0.0,0.0,0.0,0.0,0.0
3019,0.1,3,1.0,1.0,1.0,0.75,1.0,0.0,0.0,0.0,0.0,0.0,0.0,0.0,0.0,0.0,time,0.0,0.0,0.0,0.0,0.0
3020,0.1,3,1.0,1.0,1.0,1.0,0.25,0.0,0.0,0.0,0.0,0.0,0.0,0.0,0.0,0.0,time,0.0,0.0,0.0,0.0,0.0
3021,0.1,3,1.0,1.0,1.0,1.0,0.5,0.0,0.0,0.0,0.0,0.0,0.0,0.0,0.0,0.0,time,0.0,0.0,0.0,0.0,0.0
3022,0.1,3,1.0,1.0,1.0,1.0,0.75,0.0,0.0,0.0,0.0,0.0,0.0,0.0,0.0,0.0,time,0.0,0.0,0.0,0.0,0.0
3023,0.1,3,1.0,1.0,1.0,1.0,1.0,0.0,0.0,0.0,0.0,0.0,0.0,0.0,0.0,0.0,time,0.0,0.0,0.0,0.0,0.0
3024,0.1,4,0.0,0.0,0.0,0.25,0.25,0.0,0.0,0.0,0.0,0.0,0.0,0.0,0.0,0.0,time,0.0,0.0,0.0,0.0,0.0
3025,0.1,4,0.0,0.0,0.0,0.25,0.5,0.0,0.0,0.0,0.0,0.0,0.0,0.0,0.0,0.0,time,0.0,0.0,0.0,0.0,0.0
3026,0.1,4,0.0,0.0,0.0,0.25,0.75,0.0,0.0,0.0,0.0,0.0,0.0,0.0,0.0,0.0,time,0.0,0.0,0.0,0.0,0.0
3027,0.1,4,0.0,0.0,0.0,0.25,1.0,0.0,0.0,0.0,0.0,0.0,0.0,0.0,0.0,0.0,time,0.0,0.0,0.0,0.0,0.0
3028,0.1,4,0.0,0.0,0.0,0.5,0.25,0.0,0.0,0.0,0.0,0.0,0.0,0.0,0.0,0.0,time,0.0,0.0,0.0,0.0,0.0
3029,0.1,4,0.0,0.0,0.0,0.5,0.5,0.0,0.0,0.0,0.0,0.0,0.0,0.0,0.0,0.0,time,0.0,0.0,0.0,0.0,0.0
3030,0.1,4,0.0,0.0,0.0,0.5,0.75,0.0,0.0,0.0,0.0,0.0,0.0,0.0,0.0,0.0,time,0.0,0.0,0.0,0.0,0.0
3031,0.1,4,0.0,0.0,0.0,0.5,1.0,0.0,0.0,0.0,0.0,0.0,0.0,0.0,0.0,0.0,time,0.0,0.0,0.0,0.0,0.0
3032,0.1,4,0.0,0.0,0.0,0.75,0.25,0.0,0.0,0.0,0.0,0.0,0.0,0.0,0.0,0.0,time,0.0,0.0,0.0,0.0,0.0
3033,0.1,4,0.0,0.0,0.0,0.75,0.5,0.0,0.0,0.0,0.0,0.0,0.0,0.0,0.0,0.0,time,0.0,0.0,0.0,0.0,0.0
3034,0.1,4,0.0,0.0,0.0,0.75,0.75,0.0,0.0,0.0,0.0,0.0,0.0,0.0,0.0,0.0,time,0.0,0.0,0.0,0.0,0.0
3035,0.1,4,0.0,0.0,0.0,0.75,1.0,0.0,0.0,0.0,0.0,0.0,0.0,0.0,0.0,0.0,time,0.0,0.0,0.0,0.0,0.0
3036,0.1,4,0.0,0.0,0.0,1.0,0.25,0.0,0.0,0.0,0.0,0.0,0.0,0.0,0.0,0.0,time,0.0,0.0,0.0,0.0,0.0
3037,0.1,4,0.0,0.0,0.0,1.0,0.5,0.0,0.0,0.0,0.0,0.0,0.0,0.0,0.0,0.0,time,0.0,0.0,0.0,0.0,0.0
3038,0.1,4,0.0,0.0,0.0,1.0,0.75,0.0,0.0,0.0,0.0,0.0,0.0,0.0,0.0,0.0,time,0.0,0.0,0.0,0.0,0.0
3039,0.1,4,0.0,0.0,0.0,1.0,1.0,0.0,0.0,0.0,0.0,0.0,0.0,0.0,0.0,0.0,time,0.0,0.0,0.0,0.0,0.0
3040,0.1,4,0.0,0.0,0.1,0.25,0.25,0.0,0.0,0.0,0.0,0.0,0.0,0.0,0.0,0.0,time,0.0,0.0,0.0,0.0,0.0
3041,0.1,4,0.0,0.0,0.1,0.25,0.5,0.0,0.0,0.0,0.0,0.0,0.0,0.0,0.0,0.0,time,0.0,0.0,0.0,0.0,0.0
3042,0.1,4,0.0,0.0,0.1,0.25,0.75,0.0,0.0,0.0,0.0,0.0,0.0,0.0,0.0,0.0,time,0.0,0.0,0.0,0.0,0.0
3043,0.1,4,0.0,0.0,0.1,0.25,1.0,0.0,0.0,0.0,0.0,0.0,0.0,0.0,0.0,0.0,time,0.0,0.0,0.0,0.0,0.0
3044,0.1,4,0.0,0.0,0.1,0.5,0.25,0.0,0.0,0.0,0.0,0.0,0.0,0.0,0.0,0.0,time,0.0,0.0,0.0,0.0,0.0
3045,0.1,4,0.0,0.0,0.1,0.5,0.5,0.0,0.0,0.0,0.0,0.0,0.0,0.0,0.0,0.0,time,0.0,0.0,0.0,0.0,0.0
3046,0.1,4,0.0,0.0,0.1,0.5,0.75,0.0,0.0,0.0,0.0,0.0,0.0,0.0,0.0,0.0,time,0.0,0.0,0.0,0.0,0.0
3047,0.1,4,0.0,0.0,0.1,0.5,1.0,0.0,0.0,0.0,0.0,0.0,0.0,0.0,0.0,0.0,time,0.0,0.0,0.0,0.0,0.0
3048,0.1,4,0.0,0.0,0.1,0.75,0.25,0.0,0.0,0.0,0.0,0.0,0.0,0.0,0.0,0.0,time,0.0,0.0,0.0,0.0,0.0
3049,0.1,4,0.0,0.0,0.1,0.75,0.5,0.0,0.0,0.0,0.0,0.0,0.0,0.0,0.0,0.0,time,0.0,0.0,0.0,0.0,0.0
3050,0.1,4,0.0,0.0,0.1,0.75,0.75,0.0,0.0,0.0,0.0,0.0,0.0,0.0,0.0,0.0,time,0.0,0.0,0.0,0.0,0.0
3051,0.1,4,0.0,0.0,0.1,0.75,1.0,0.0,0.0,0.0,0.0,0.0,0.0,0.0,0.0,0.0,time,0.0,0.0,0.0,0.0,0.0
3052,0.1,4,0.0,0.0,0.1,1.0,0.25,0.0,0.0,0.0,0.0,0.0,0.0,0.0,0.0,0.0,time,0.0,0.0,0.0,0.0,0.0
3053,0.1,4,0.0,0.0,0.1,1.0,0.5,0.0,0.0,0.0,0.0,0.0,0.0,0.0,0.0,0.0,time,0.0,0.0,0.0,0.0,0.0
3054,0.1,4,0.0,0.0,0.1,1.0,0.75,0.0,0.0,0.0,0.0,0.0,0.0,0.0,0.0,0.0,time,0.0,0.0,0.0,0.0,0.0
3055,0.1,4,0.0,0.0,0.1,1.0,1.0,0.0,0.0,0.0,0.0,0.0,0.0,0.0,0.0,0.0,time,0.0,0.0,0.0,0.0,0.0
3056,0.1,4,0.0,0.0,1.0,0.25,0.25,0.0,0.0,0.0,0.0,0.0,0.0,0.0,0.0,0.0,time,0.0,0.0,0.0,0.0,0.0
3057,0.1,4,0.0,0.0,1.0,0.25,0.5,0.0,0.0,0.0,0.0,0.0,0.0,0.0,0.0,0.0,time,0.0,0.0,0.0,0.0,0.0
3058,0.1,4,0.0,0.0,1.0,0.25,0.75,0.0,0.0,0.0,0.0,0.0,0.0,0.0,0.0,0.0,time,0.0,0.0,0.0,0.0,0.0
3059,0.1,4,0.0,0.0,1.0,0.25,1.0,0.0,0.0,0.0,0.0,0.0,0.0,0.0,0.0,0.0,time,0.0,0.0,0.0,0.0,0.0
3060,0.1,4,0.0,0.0,1.0,0.5,0.25,0.0,0.0,0.0,0.0,0.0,0.0,0.0,0.0,0.0,time,0.0,0.0,0.0,0.0,0.0
3061,0.1,4,0.0,0.0,1.0,0.5,0.5,0.0,0.0,0.0,0.0,0.0,0.0,0.0,0.0,0.0,time,0.0,0.0,0.0,0.0,0.0
3062,0.1,4,0.0,0.0,1.0,0.5,0.75,0.0,0.0,0.0,0.0,0.0,0.0,0.0,0.0,0.0,time,0.0,0.0,0.0,0.0,0.0
3063,0.1,4,0.0,0.0,1.0,0.5,1.0,0.0,0.0,0.0,0.0,0.0,0.0,0.0,0.0,0.0,time,0.0,0.0,0.0,0.0,0.0
3064,0.1,4,0.0,0.0,1.0,0.75,0.25,0.0,0.0,0.0,0.0,0.0,0.0,0.0,0.0,0.0,time,0.0,0.0,0.0,0.0,0.0
3065,0.1,4,0.0,0.0,1.0,0.75,0.5,0.0,0.0,0.0,0.0,0.0,0.0,0.0,0.0,0.0,time,0.0,0.0,0.0,0.0,0.0
3066,0.1,4,0.0,0.0,1.0,0.75,0.75,0.0,0.0,0.0,0.0,0.0,0.0,0.0,0.0,0.0,time,0.0,0.0,0.0,0.0,0.0
3067,0.1,4,0.0,0.0,1.0,0.75,1.0,0.0,0.0,0.0,0.0,0.0,0.0,0.0,0.0,0.0,time,0.0,0.0,0.0,0.0,0.0
3068,0.1,4,0.0,0.0,1.0,1.0,0.25,0.0,0.0,0.0,0.0,0.0,0.0,0.0,0.0,0.0,time,0.0,0.0,0.0,0.0,0.0
3069,0.1,4,0.0,0.0,1.0,1.0,0.5,0.0,0.0,0.0,0.0,0.0,0.0,0.0,0.0,0.0,time,0.0,0.0,0.0,0.0,0.0
3070,0.1,4,0.0,0.0,1.0,1.0,0.75,0.0,0.0,0.0,0.0,0.0,0.0,0.0,0.0,0.0,time,0.0,0.0,0.0,0.0,0.0
3071,0.1,4,0.0,0.0,1.0,1.0,1.0,0.0,0.0,0.0,0.0,0.0,0.0,0.0,0.0,0.0,time,0.0,0.0,0.0,0.0,0.0
3072,0.1,4,0.0,0.1,0.0,0.25,0.25,0.0,0.0,0.0,0.0,0.0,0.0,0.0,0.0,0.0,time,0.0,0.0,0.0,0.0,0.0
3073,0.1,4,0.0,0.1,0.0,0.25,0.5,0.0,0.0,0.0,0.0,0.0,0.0,0.0,0.0,0.0,time,0.0,0.0,0.0,0.0,0.0
3074,0.1,4,0.0,0.1,0.0,0.25,0.75,0.0,0.0,0.0,0.0,0.0,0.0,0.0,0.0,0.0,time,0.0,0.0,0.0,0.0,0.0
3075,0.1,4,0.0,0.1,0.0,0.25,1.0,0.0,0.0,0.0,0.0,0.0,0.0,0.0,0.0,0.0,time,0.0,0.0,0.0,0.0,0.0
3076,0.1,4,0.0,0.1,0.0,0.5,0.25,0.0,0.0,0.0,0.0,0.0,0.0,0.0,0.0,0.0,time,0.0,0.0,0.0,0.0,0.0
3077,0.1,4,0.0,0.1,0.0,0.5,0.5,0.0,0.0,0.0,0.0,0.0,0.0,0.0,0.0,0.0,time,0.0,0.0,0.0,0.0,0.0
3078,0.1,4,0.0,0.1,0.0,0.5,0.75,0.0,0.0,0.0,0.0,0.0,0.0,0.0,0.0,0.0,time,0.0,0.0,0.0,0.0,0.0
3079,0.1,4,0.0,0.1,0.0,0.5,1.0,0.0,0.0,0.0,0.0,0.0,0.0,0.0,0.0,0.0,time,0.0,0.0,0.0,0.0,0.0
3080,0.1,4,0.0,0.1,0.0,0.75,0.25,0.0,0.0,0.0,0.0,0.0,0.0,0.0,0.0,0.0,time,0.0,0.0,0.0,0.0,0.0
3081,0.1,4,0.0,0.1,0.0,0.75,0.5,0.0,0.0,0.0,0.0,0.0,0.0,0.0,0.0,0.0,time,0.0,0.0,0.0,0.0,0.0
3082,0.1,4,0.0,0.1,0.0,0.75,0.75,0.0,0.0,0.0,0.0,0.0,0.0,0.0,0.0,0.0,time,0.0,0.0,0.0,0.0,0.0
3083,0.1,4,0.0,0.1,0.0,0.75,1.0,0.0,0.0,0.0,0.0,0.0,0.0,0.0,0.0,0.0,time,0.0,0.0,0.0,0.0,0.0
3084,0.1,4,0.0,0.1,0.0,1.0,0.25,0.0,0.0,0.0,0.0,0.0,0.0,0.0,0.0,0.0,time,0.0,0.0,0.0,0.0,0.0
3085,0.1,4,0.0,0.1,0.0,1.0,0.5,0.0,0.0,0.0,0.0,0.0,0.0,0.0,0.0,0.0,time,0.0,0.0,0.0,0.0,0.0
3086,0.1,4,0.0,0.1,0.0,1.0,0.75,0.0,0.0,0.0,0.0,0.0,0.0,0.0,0.0,0.0,time,0.0,0.0,0.0,0.0,0.0
3087,0.1,4,0.0,0.1,0.0,1.0,1.0,0.0,0.0,0.0,0.0,0.0,0.0,0.0,0.0,0.0,time,0.0,0.0,0.0,0.0,0.0
3088,0.1,4,0.0,0.1,0.1,0.25,0.25,0.0,0.0,0.0,0.0,0.0,0.0,0.0,0.0,0.0,time,0.0,0.0,0.0,0.0,0.0
3089,0.1,4,0.0,0.1,0.1,0.25,0.5,0.0,0.0,0.0,0.0,0.0,0.0,0.0,0.0,0.0,time,0.0,0.0,0.0,0.0,0.0
3090,0.1,4,0.0,0.1,0.1,0.25,0.75,0.0,0.0,0.0,0.0,0.0,0.0,0.0,0.0,0.0,time,0.0,0.0,0.0,0.0,0.0
3091,0.1,4,0.0,0.1,0.1,0.25,1.0,0.0,0.0,0.0,0.0,0.0,0.0,0.0,0.0,0.0,time,0.0,0.0,0.0,0.0,0.0
3092,0.1,4,0.0,0.1,0.1,0.5,0.25,0.0,0.0,0.0,0.0,0.0,0.0,0.0,0.0,0.0,time,0.0,0.0,0.0,0.0,0.0
3093,0.1,4,0.0,0.1,0.1,0.5,0.5,0.0,0.0,0.0,0.0,0.0,0.0,0.0,0.0,0.0,time,0.0,0.0,0.0,0.0,0.0
3094,0.1,4,0.0,0.1,0.1,0.5,0.75,0.0,0.0,0.0,0.0,0.0,0.0,0.0,0.0,0.0,time,0.0,0.0,0.0,0.0,0.0
3095,0.1,4,0.0,0.1,0.1,0.5,1.0,0.0,0.0,0.0,0.0,0.0,0.0,0.0,0.0,0.0,time,0.0,0.0,0.0,0.0,0.0
3096,0.1,4,0.0,0.1,0.1,0.75,0.25,0.0,0.0,0.0,0.0,0.0,0.0,0.0,0.0,0.0,time,0.0,0.0,0.0,0.0,0.0
3097,0.1,4,0.0,0.1,0.1,0.75,0.5,0.0,0.0,0.0,0.0,0.0,0.0,0.0,0.0,0.0,time,0.0,0.0,0.0,0.0,0.0
3098,0.1,4,0.0,0.1,0.1,0.75,0.75,0.0,0.0,0.0,0.0,0.0,0.0,0.0,0.0,0.0,time,0.0,0.0,0.0,0.0,0.0
3099,0.1,4,0.0,0.1,0.1,0.75,1.0,0.0,0.0,0.0,0.0,0.0,0.0,0.0,0.0,0.0,time,0.0,0.0,0.0,0.0,0.0
3100,0.1,4,0.0,0.1,0.1,1.0,0.25,0.0,0.0,0.0,0.0,0.0,0.0,0.0,0.0,0.0,time,0.0,0.0,0.0,0.0,0.0
3101,0.1,4,0.0,0.1,0.1,1.0,0.5,0.0,0.0,0.0,0.0,0.0,0.0,0.0,0.0,0.0,time,0.0,0.0,0.0,0.0,0.0
3102,0.1,4,0.0,0.1,0.1,1.0,0.75,0.0,0.0,0.0,0.0,0.0,0.0,0.0,0.0,0.0,time,0.0,0.0,0.0,0.0,0.0
3103,0.1,4,0.0,0.1,0.1,1.0,1.0,0.0,0.0,0.0,0.0,0.0,0.0,0.0,0.0,0.0,time,0.0,0.0,0.0,0.0,0.0
3104,0.1,4,0.0,0.1,1.0,0.25,0.25,0.0,0.0,0.0,0.0,0.0,0.0,0.0,0.0,0.0,time,0.0,0.0,0.0,0.0,0.0
3105,0.1,4,0.0,0.1,1.0,0.25,0.5,0.0,0.0,0.0,0.0,0.0,0.0,0.0,0.0,0.0,time,0.0,0.0,0.0,0.0,0.0
3106,0.1,4,0.0,0.1,1.0,0.25,0.75,0.0,0.0,0.0,0.0,0.0,0.0,0.0,0.0,0.0,time,0.0,0.0,0.0,0.0,0.0
3107,0.1,4,0.0,0.1,1.0,0.25,1.0,0.0,0.0,0.0,0.0,0.0,0.0,0.0,0.0,0.0,time,0.0,0.0,0.0,0.0,0.0
3108,0.1,4,0.0,0.1,1.0,0.5,0.25,0.0,0.0,0.0,0.0,0.0,0.0,0.0,0.0,0.0,time,0.0,0.0,0.0,0.0,0.0
3109,0.1,4,0.0,0.1,1.0,0.5,0.5,0.0,0.0,0.0,0.0,0.0,0.0,0.0,0.0,0.0,time,0.0,0.0,0.0,0.0,0.0
3110,0.1,4,0.0,0.1,1.0,0.5,0.75,0.0,0.0,0.0,0.0,0.0,0.0,0.0,0.0,0.0,time,0.0,0.0,0.0,0.0,0.0
3111,0.1,4,0.0,0.1,1.0,0.5,1.0,0.0,0.0,0.0,0.0,0.0,0.0,0.0,0.0,0.0,time,0.0,0.0,0.0,0.0,0.0
3112,0.1,4,0.0,0.1,1.0,0.75,0.25,0.0,0.0,0.0,0.0,0.0,0.0,0.0,0.0,0.0,time,0.0,0.0,0.0,0.0,0.0
3113,0.1,4,0.0,0.1,1.0,0.75,0.5,0.0,0.0,0.0,0.0,0.0,0.0,0.0,0.0,0.0,time,0.0,0.0,0.0,0.0,0.0
3114,0.1,4,0.0,0.1,1.0,0.75,0.75,0.0,0.0,0.0,0.0,0.0,0.0,0.0,0.0,0.0,time,0.0,0.0,0.0,0.0,0.0
3115,0.1,4,0.0,0.1,1.0,0.75,1.0,0.0,0.0,0.0,0.0,0.0,0.0,0.0,0.0,0.0,time,0.0,0.0,0.0,0.0,0.0
3116,0.1,4,0.0,0.1,1.0,1.0,0.25,0.0,0.0,0.0,0.0,0.0,0.0,0.0,0.0,0.0,time,0.0,0.0,0.0,0.0,0.0
3117,0.1,4,0.0,0.1,1.0,1.0,0.5,0.0,0.0,0.0,0.0,0.0,0.0,0.0,0.0,0.0,time,0.0,0.0,0.0,0.0,0.0
3118,0.1,4,0.0,0.1,1.0,1.0,0.75,0.0,0.0,0.0,0.0,0.0,0.0,0.0,0.0,0.0,time,0.0,0.0,0.0,0.0,0.0
3119,0.1,4,0.0,0.1,1.0,1.0,1.0,0.0,0.0,0.0,0.0,0.0,0.0,0.0,0.0,0.0,time,0.0,0.0,0.0,0.0,0.0
3120,0.1,4,0.0,1.0,0.0,0.25,0.25,0.0,0.0,0.0,0.0,0.0,0.0,0.0,0.0,0.0,time,0.0,0.0,0.0,0.0,0.0
3121,0.1,4,0.0,1.0,0.0,0.25,0.5,0.0,0.0,0.0,0.0,0.0,0.0,0.0,0.0,0.0,time,0.0,0.0,0.0,0.0,0.0
3122,0.1,4,0.0,1.0,0.0,0.25,0.75,0.0,0.0,0.0,0.0,0.0,0.0,0.0,0.0,0.0,time,0.0,0.0,0.0,0.0,0.0
3123,0.1,4,0.0,1.0,0.0,0.25,1.0,0.0,0.0,0.0,0.0,0.0,0.0,0.0,0.0,0.0,time,0.0,0.0,0.0,0.0,0.0
3124,0.1,4,0.0,1.0,0.0,0.5,0.25,0.0,0.0,0.0,0.0,0.0,0.0,0.0,0.0,0.0,time,0.0,0.0,0.0,0.0,0.0
3125,0.1,4,0.0,1.0,0.0,0.5,0.5,0.0,0.0,0.0,0.0,0.0,0.0,0.0,0.0,0.0,time,0.0,0.0,0.0,0.0,0.0
3126,0.1,4,0.0,1.0,0.0,0.5,0.75,0.0,0.0,0.0,0.0,0.0,0.0,0.0,0.0,0.0,time,0.0,0.0,0.0,0.0,0.0
3127,0.1,4,0.0,1.0,0.0,0.5,1.0,0.0,0.0,0.0,0.0,0.0,0.0,0.0,0.0,0.0,time,0.0,0.0,0.0,0.0,0.0
3128,0.1,4,0.0,1.0,0.0,0.75,0.25,0.0,0.0,0.0,0.0,0.0,0.0,0.0,0.0,0.0,time,0.0,0.0,0.0,0.0,0.0
3129,0.1,4,0.0,1.0,0.0,0.75,0.5,0.0,0.0,0.0,0.0,0.0,0.0,0.0,0.0,0.0,time,0.0,0.0,0.0,0.0,0.0
3130,0.1,4,0.0,1.0,0.0,0.75,0.75,0.0,0.0,0.0,0.0,0.0,0.0,0.0,0.0,0.0,time,0.0,0.0,0.0,0.0,0.0
3131,0.1,4,0.0,1.0,0.0,0.75,1.0,0.0,0.0,0.0,0.0,0.0,0.0,0.0,0.0,0.0,time,0.0,0.0,0.0,0.0,0.0
3132,0.1,4,0.0,1.0,0.0,1.0,0.25,0.0,0.0,0.0,0.0,0.0,0.0,0.0,0.0,0.0,time,0.0,0.0,0.0,0.0,0.0
3133,0.1,4,0.0,1.0,0.0,1.0,0.5,0.0,0.0,0.0,0.0,0.0,0.0,0.0,0.0,0.0,time,0.0,0.0,0.0,0.0,0.0
3134,0.1,4,0.0,1.0,0.0,1.0,0.75,0.0,0.0,0.0,0.0,0.0,0.0,0.0,0.0,0.0,time,0.0,0.0,0.0,0.0,0.0
3135,0.1,4,0.0,1.0,0.0,1.0,1.0,0.0,0.0,0.0,0.0,0.0,0.0,0.0,0.0,0.0,time,0.0,0.0,0.0,0.0,0.0
3136,0.1,4,0.0,1.0,0.1,0.25,0.25,0.0,0.0,0.0,0.0,0.0,0.0,0.0,0.0,0.0,time,0.0,0.0,0.0,0.0,0.0
3137,0.1,4,0.0,1.0,0.1,0.25,0.5,0.0,0.0,0.0,0.0,0.0,0.0,0.0,0.0,0.0,time,0.0,0.0,0.0,0.0,0.0
3138,0.1,4,0.0,1.0,0.1,0.25,0.75,0.0,0.0,0.0,0.0,0.0,0.0,0.0,0.0,0.0,time,0.0,0.0,0.0,0.0,0.0
3139,0.1,4,0.0,1.0,0.1,0.25,1.0,0.0,0.0,0.0,0.0,0.0,0.0,0.0,0.0,0.0,time,0.0,0.0,0.0,0.0,0.0
3140,0.1,4,0.0,1.0,0.1,0.5,0.25,0.0,0.0,0.0,0.0,0.0,0.0,0.0,0.0,0.0,time,0.0,0.0,0.0,0.0,0.0
3141,0.1,4,0.0,1.0,0.1,0.5,0.5,0.0,0.0,0.0,0.0,0.0,0.0,0.0,0.0,0.0,time,0.0,0.0,0.0,0.0,0.0
3142,0.1,4,0.0,1.0,0.1,0.5,0.75,0.0,0.0,0.0,0.0,0.0,0.0,0.0,0.0,0.0,time,0.0,0.0,0.0,0.0,0.0
3143,0.1,4,0.0,1.0,0.1,0.5,1.0,0.0,0.0,0.0,0.0,0.0,0.0,0.0,0.0,0.0,time,0.0,0.0,0.0,0.0,0.0
3144,0.1,4,0.0,1.0,0.1,0.75,0.25,0.0,0.0,0.0,0.0,0.0,0.0,0.0,0.0,0.0,time,0.0,0.0,0.0,0.0,0.0
3145,0.1,4,0.0,1.0,0.1,0.75,0.5,0.0,0.0,0.0,0.0,0.0,0.0,0.0,0.0,0.0,time,0.0,0.0,0.0,0.0,0.0
3146,0.1,4,0.0,1.0,0.1,0.75,0.75,0.0,0.0,0.0,0.0,0.0,0.0,0.0,0.0,0.0,time,0.0,0.0,0.0,0.0,0.0
3147,0.1,4,0.0,1.0,0.1,0.75,1.0,0.0,0.0,0.0,0.0,0.0,0.0,0.0,0.0,0.0,time,0.0,0.0,0.0,0.0,0.0
3148,0.1,4,0.0,1.0,0.1,1.0,0.25,0.0,0.0,0.0,0.0,0.0,0.0,0.0,0.0,0.0,time,0.0,0.0,0.0,0.0,0.0
3149,0.1,4,0.0,1.0,0.1,1.0,0.5,0.0,0.0,0.0,0.0,0.0,0.0,0.0,0.0,0.0,time,0.0,0.0,0.0,0.0,0.0
3150,0.1,4,0.0,1.0,0.1,1.0,0.75,0.0,0.0,0.0,0.0,0.0,0.0,0.0,0.0,0.0,time,0.0,0.0,0.0,0.0,0.0
3151,0.1,4,0.0,1.0,0.1,1.0,1.0,0.0,0.0,0.0,0.0,0.0,0.0,0.0,0.0,0.0,time,0.0,0.0,0.0,0.0,0.0
3152,0.1,4,0.0,1.0,1.0,0.25,0.25,0.0,0.0,0.0,0.0,0.0,0.0,0.0,0.0,0.0,time,0.0,0.0,0.0,0.0,0.0
3153,0.1,4,0.0,1.0,1.0,0.25,0.5,0.0,0.0,0.0,0.0,0.0,0.0,0.0,0.0,0.0,time,0.0,0.0,0.0,0.0,0.0
3154,0.1,4,0.0,1.0,1.0,0.25,0.75,0.0,0.0,0.0,0.0,0.0,0.0,0.0,0.0,0.0,time,0.0,0.0,0.0,0.0,0.0
3155,0.1,4,0.0,1.0,1.0,0.25,1.0,0.0,0.0,0.0,0.0,0.0,0.0,0.0,0.0,0.0,time,0.0,0.0,0.0,0.0,0.0
3156,0.1,4,0.0,1.0,1.0,0.5,0.25,0.0,0.0,0.0,0.0,0.0,0.0,0.0,0.0,0.0,time,0.0,0.0,0.0,0.0,0.0
3157,0.1,4,0.0,1.0,1.0,0.5,0.5,0.0,0.0,0.0,0.0,0.0,0.0,0.0,0.0,0.0,time,0.0,0.0,0.0,0.0,0.0
3158,0.1,4,0.0,1.0,1.0,0.5,0.75,0.0,0.0,0.0,0.0,0.0,0.0,0.0,0.0,0.0,time,0.0,0.0,0.0,0.0,0.0
3159,0.1,4,0.0,1.0,1.0,0.5,1.0,0.0,0.0,0.0,0.0,0.0,0.0,0.0,0.0,0.0,time,0.0,0.0,0.0,0.0,0.0
3160,0.1,4,0.0,1.0,1.0,0.75,0.25,0.0,0.0,0.0,0.0,0.0,0.0,0.0,0.0,0.0,time,0.0,0.0,0.0,0.0,0.0
3161,0.1,4,0.0,1.0,1.0,0.75,0.5,0.0,0.0,0.0,0.0,0.0,0.0,0.0,0.0,0.0,time,0.0,0.0,0.0,0.0,0.0
3162,0.1,4,0.0,1.0,1.0,0.75,0.75,0.0,0.0,0.0,0.0,0.0,0.0,0.0,0.0,0.0,time,0.0,0.0,0.0,0.0,0.0
3163,0.1,4,0.0,1.0,1.0,0.75,1.0,0.0,0.0,0.0,0.0,0.0,0.0,0.0,0.0,0.0,time,0.0,0.0,0.0,0.0,0.0
3164,0.1,4,0.0,1.0,1.0,1.0,0.25,0.0,0.0,0.0,0.0,0.0,0.0,0.0,0.0,0.0,time,0.0,0.0,0.0,0.0,0.0
3165,0.1,4,0.0,1.0,1.0,1.0,0.5,0.0,0.0,0.0,0.0,0.0,0.0,0.0,0.0,0.0,time,0.0,0.0,0.0,0.0,0.0
3166,0.1,4,0.0,1.0,1.0,1.0,0.75,0.0,0.0,0.0,0.0,0.0,0.0,0.0,0.0,0.0,time,0.0,0.0,0.0,0.0,0.0
3167,0.1,4,0.0,1.0,1.0,1.0,1.0,0.0,0.0,0.0,0.0,0.0,0.0,0.0,0.0,0.0,time,0.0,0.0,0.0,0.0,0.0
3168,0.1,4,0.1,0.0,0.0,0.25,0.25,0.0,0.0,0.0,0.0,0.0,0.0,0.0,0.0,0.0,time,0.0,0.0,0.0,0.0,0.0
3169,0.1,4,0.1,0.0,0.0,0.25,0.5,0.0,0.0,0.0,0.0,0.0,0.0,0.0,0.0,0.0,time,0.0,0.0,0.0,0.0,0.0
3170,0.1,4,0.1,0.0,0.0,0.25,0.75,0.0,0.0,0.0,0.0,0.0,0.0,0.0,0.0,0.0,time,0.0,0.0,0.0,0.0,0.0
3171,0.1,4,0.1,0.0,0.0,0.25,1.0,0.0,0.0,0.0,0.0,0.0,0.0,0.0,0.0,0.0,time,0.0,0.0,0.0,0.0,0.0
3172,0.1,4,0.1,0.0,0.0,0.5,0.25,0.0,0.0,0.0,0.0,0.0,0.0,0.0,0.0,0.0,time,0.0,0.0,0.0,0.0,0.0
3173,0.1,4,0.1,0.0,0.0,0.5,0.5,0.0,0.0,0.0,0.0,0.0,0.0,0.0,0.0,0.0,time,0.0,0.0,0.0,0.0,0.0
3174,0.1,4,0.1,0.0,0.0,0.5,0.75,0.0,0.0,0.0,0.0,0.0,0.0,0.0,0.0,0.0,time,0.0,0.0,0.0,0.0,0.0
3175,0.1,4,0.1,0.0,0.0,0.5,1.0,0.0,0.0,0.0,0.0,0.0,0.0,0.0,0.0,0.0,time,0.0,0.0,0.0,0.0,0.0
3176,0.1,4,0.1,0.0,0.0,0.75,0.25,0.0,0.0,0.0,0.0,0.0,0.0,0.0,0.0,0.0,time,0.0,0.0,0.0,0.0,0.0
3177,0.1,4,0.1,0.0,0.0,0.75,0.5,0.0,0.0,0.0,0.0,0.0,0.0,0.0,0.0,0.0,time,0.0,0.0,0.0,0.0,0.0
3178,0.1,4,0.1,0.0,0.0,0.75,0.75,0.0,0.0,0.0,0.0,0.0,0.0,0.0,0.0,0.0,time,0.0,0.0,0.0,0.0,0.0
3179,0.1,4,0.1,0.0,0.0,0.75,1.0,0.0,0.0,0.0,0.0,0.0,0.0,0.0,0.0,0.0,time,0.0,0.0,0.0,0.0,0.0
3180,0.1,4,0.1,0.0,0.0,1.0,0.25,0.0,0.0,0.0,0.0,0.0,0.0,0.0,0.0,0.0,time,0.0,0.0,0.0,0.0,0.0
3181,0.1,4,0.1,0.0,0.0,1.0,0.5,0.0,0.0,0.0,0.0,0.0,0.0,0.0,0.0,0.0,time,0.0,0.0,0.0,0.0,0.0
3182,0.1,4,0.1,0.0,0.0,1.0,0.75,0.0,0.0,0.0,0.0,0.0,0.0,0.0,0.0,0.0,time,0.0,0.0,0.0,0.0,0.0
3183,0.1,4,0.1,0.0,0.0,1.0,1.0,0.0,0.0,0.0,0.0,0.0,0.0,0.0,0.0,0.0,time,0.0,0.0,0.0,0.0,0.0
3184,0.1,4,0.1,0.0,0.1,0.25,0.25,0.0,0.0,0.0,0.0,0.0,0.0,0.0,0.0,0.0,time,0.0,0.0,0.0,0.0,0.0
3185,0.1,4,0.1,0.0,0.1,0.25,0.5,0.0,0.0,0.0,0.0,0.0,0.0,0.0,0.0,0.0,time,0.0,0.0,0.0,0.0,0.0
3186,0.1,4,0.1,0.0,0.1,0.25,0.75,0.0,0.0,0.0,0.0,0.0,0.0,0.0,0.0,0.0,time,0.0,0.0,0.0,0.0,0.0
3187,0.1,4,0.1,0.0,0.1,0.25,1.0,0.0,0.0,0.0,0.0,0.0,0.0,0.0,0.0,0.0,time,0.0,0.0,0.0,0.0,0.0
3188,0.1,4,0.1,0.0,0.1,0.5,0.25,0.0,0.0,0.0,0.0,0.0,0.0,0.0,0.0,0.0,time,0.0,0.0,0.0,0.0,0.0
3189,0.1,4,0.1,0.0,0.1,0.5,0.5,0.0,0.0,0.0,0.0,0.0,0.0,0.0,0.0,0.0,time,0.0,0.0,0.0,0.0,0.0
3190,0.1,4,0.1,0.0,0.1,0.5,0.75,0.0,0.0,0.0,0.0,0.0,0.0,0.0,0.0,0.0,time,0.0,0.0,0.0,0.0,0.0
3191,0.1,4,0.1,0.0,0.1,0.5,1.0,0.0,0.0,0.0,0.0,0.0,0.0,0.0,0.0,0.0,time,0.0,0.0,0.0,0.0,0.0
3192,0.1,4,0.1,0.0,0.1,0.75,0.25,0.0,0.0,0.0,0.0,0.0,0.0,0.0,0.0,0.0,time,0.0,0.0,0.0,0.0,0.0
3193,0.1,4,0.1,0.0,0.1,0.75,0.5,0.0,0.0,0.0,0.0,0.0,0.0,0.0,0.0,0.0,time,0.0,0.0,0.0,0.0,0.0
3194,0.1,4,0.1,0.0,0.1,0.75,0.75,0.0,0.0,0.0,0.0,0.0,0.0,0.0,0.0,0.0,time,0.0,0.0,0.0,0.0,0.0
3195,0.1,4,0.1,0.0,0.1,0.75,1.0,0.0,0.0,0.0,0.0,0.0,0.0,0.0,0.0,0.0,time,0.0,0.0,0.0,0.0,0.0
3196,0.1,4,0.1,0.0,0.1,1.0,0.25,0.0,0.0,0.0,0.0,0.0,0.0,0.0,0.0,0.0,time,0.0,0.0,0.0,0.0,0.0
3197,0.1,4,0.1,0.0,0.1,1.0,0.5,0.0,0.0,0.0,0.0,0.0,0.0,0.0,0.0,0.0,time,0.0,0.0,0.0,0.0,0.0
3198,0.1,4,0.1,0.0,0.1,1.0,0.75,0.0,0.0,0.0,0.0,0.0,0.0,0.0,0.0,0.0,time,0.0,0.0,0.0,0.0,0.0
3199,0.1,4,0.1,0.0,0.1,1.0,1.0,0.0,0.0,0.0,0.0,0.0,0.0,0.0,0.0,0.0,time,0.0,0.0,0.0,0.0,0.0
3200,0.1,4,0.1,0.0,1.0,0.25,0.25,0.0,0.0,0.0,0.0,0.0,0.0,0.0,0.0,0.0,time,0.0,0.0,0.0,0.0,0.0
3201,0.1,4,0.1,0.0,1.0,0.25,0.5,0.0,0.0,0.0,0.0,0.0,0.0,0.0,0.0,0.0,time,0.0,0.0,0.0,0.0,0.0
3202,0.1,4,0.1,0.0,1.0,0.25,0.75,0.0,0.0,0.0,0.0,0.0,0.0,0.0,0.0,0.0,time,0.0,0.0,0.0,0.0,0.0
3203,0.1,4,0.1,0.0,1.0,0.25,1.0,0.0,0.0,0.0,0.0,0.0,0.0,0.0,0.0,0.0,time,0.0,0.0,0.0,0.0,0.0
3204,0.1,4,0.1,0.0,1.0,0.5,0.25,0.0,0.0,0.0,0.0,0.0,0.0,0.0,0.0,0.0,time,0.0,0.0,0.0,0.0,0.0
3205,0.1,4,0.1,0.0,1.0,0.5,0.5,0.0,0.0,0.0,0.0,0.0,0.0,0.0,0.0,0.0,time,0.0,0.0,0.0,0.0,0.0
3206,0.1,4,0.1,0.0,1.0,0.5,0.75,0.0,0.0,0.0,0.0,0.0,0.0,0.0,0.0,0.0,time,0.0,0.0,0.0,0.0,0.0
3207,0.1,4,0.1,0.0,1.0,0.5,1.0,0.0,0.0,0.0,0.0,0.0,0.0,0.0,0.0,0.0,time,0.0,0.0,0.0,0.0,0.0
3208,0.1,4,0.1,0.0,1.0,0.75,0.25,0.0,0.0,0.0,0.0,0.0,0.0,0.0,0.0,0.0,time,0.0,0.0,0.0,0.0,0.0
3209,0.1,4,0.1,0.0,1.0,0.75,0.5,0.0,0.0,0.0,0.0,0.0,0.0,0.0,0.0,0.0,time,0.0,0.0,0.0,0.0,0.0
3210,0.1,4,0.1,0.0,1.0,0.75,0.75,0.0,0.0,0.0,0.0,0.0,0.0,0.0,0.0,0.0,time,0.0,0.0,0.0,0.0,0.0
3211,0.1,4,0.1,0.0,1.0,0.75,1.0,0.0,0.0,0.0,0.0,0.0,0.0,0.0,0.0,0.0,time,0.0,0.0,0.0,0.0,0.0
3212,0.1,4,0.1,0.0,1.0,1.0,0.25,0.0,0.0,0.0,0.0,0.0,0.0,0.0,0.0,0.0,time,0.0,0.0,0.0,0.0,0.0
3213,0.1,4,0.1,0.0,1.0,1.0,0.5,0.0,0.0,0.0,0.0,0.0,0.0,0.0,0.0,0.0,time,0.0,0.0,0.0,0.0,0.0
3214,0.1,4,0.1,0.0,1.0,1.0,0.75,0.0,0.0,0.0,0.0,0.0,0.0,0.0,0.0,0.0,time,0.0,0.0,0.0,0.0,0.0
3215,0.1,4,0.1,0.0,1.0,1.0,1.0,0.0,0.0,0.0,0.0,0.0,0.0,0.0,0.0,0.0,time,0.0,0.0,0.0,0.0,0.0
3216,0.1,4,0.1,0.1,0.0,0.25,0.25,0.0,0.0,0.0,0.0,0.0,0.0,0.0,0.0,0.0,time,0.0,0.0,0.0,0.0,0.0
3217,0.1,4,0.1,0.1,0.0,0.25,0.5,0.0,0.0,0.0,0.0,0.0,0.0,0.0,0.0,0.0,time,0.0,0.0,0.0,0.0,0.0
3218,0.1,4,0.1,0.1,0.0,0.25,0.75,0.0,0.0,0.0,0.0,0.0,0.0,0.0,0.0,0.0,time,0.0,0.0,0.0,0.0,0.0
3219,0.1,4,0.1,0.1,0.0,0.25,1.0,0.0,0.0,0.0,0.0,0.0,0.0,0.0,0.0,0.0,time,0.0,0.0,0.0,0.0,0.0
3220,0.1,4,0.1,0.1,0.0,0.5,0.25,0.0,0.0,0.0,0.0,0.0,0.0,0.0,0.0,0.0,time,0.0,0.0,0.0,0.0,0.0
3221,0.1,4,0.1,0.1,0.0,0.5,0.5,0.0,0.0,0.0,0.0,0.0,0.0,0.0,0.0,0.0,time,0.0,0.0,0.0,0.0,0.0
3222,0.1,4,0.1,0.1,0.0,0.5,0.75,0.0,0.0,0.0,0.0,0.0,0.0,0.0,0.0,0.0,time,0.0,0.0,0.0,0.0,0.0
3223,0.1,4,0.1,0.1,0.0,0.5,1.0,0.0,0.0,0.0,0.0,0.0,0.0,0.0,0.0,0.0,time,0.0,0.0,0.0,0.0,0.0
3224,0.1,4,0.1,0.1,0.0,0.75,0.25,0.0,0.0,0.0,0.0,0.0,0.0,0.0,0.0,0.0,time,0.0,0.0,0.0,0.0,0.0
3225,0.1,4,0.1,0.1,0.0,0.75,0.5,0.0,0.0,0.0,0.0,0.0,0.0,0.0,0.0,0.0,time,0.0,0.0,0.0,0.0,0.0
3226,0.1,4,0.1,0.1,0.0,0.75,0.75,0.0,0.0,0.0,0.0,0.0,0.0,0.0,0.0,0.0,time,0.0,0.0,0.0,0.0,0.0
3227,0.1,4,0.1,0.1,0.0,0.75,1.0,0.0,0.0,0.0,0.0,0.0,0.0,0.0,0.0,0.0,time,0.0,0.0,0.0,0.0,0.0
3228,0.1,4,0.1,0.1,0.0,1.0,0.25,0.0,0.0,0.0,0.0,0.0,0.0,0.0,0.0,0.0,time,0.0,0.0,0.0,0.0,0.0
3229,0.1,4,0.1,0.1,0.0,1.0,0.5,0.0,0.0,0.0,0.0,0.0,0.0,0.0,0.0,0.0,time,0.0,0.0,0.0,0.0,0.0
3230,0.1,4,0.1,0.1,0.0,1.0,0.75,0.0,0.0,0.0,0.0,0.0,0.0,0.0,0.0,0.0,time,0.0,0.0,0.0,0.0,0.0
3231,0.1,4,0.1,0.1,0.0,1.0,1.0,0.0,0.0,0.0,0.0,0.0,0.0,0.0,0.0,0.0,time,0.0,0.0,0.0,0.0,0.0
3232,0.1,4,0.1,0.1,0.1,0.25,0.25,0.0,0.0,0.0,0.0,0.0,0.0,0.0,0.0,0.0,time,0.0,0.0,0.0,0.0,0.0
3233,0.1,4,0.1,0.1,0.1,0.25,0.5,0.0,0.0,0.0,0.0,0.0,0.0,0.0,0.0,0.0,time,0.0,0.0,0.0,0.0,0.0
3234,0.1,4,0.1,0.1,0.1,0.25,0.75,0.0,0.0,0.0,0.0,0.0,0.0,0.0,0.0,0.0,time,0.0,0.0,0.0,0.0,0.0
3235,0.1,4,0.1,0.1,0.1,0.25,1.0,0.0,0.0,0.0,0.0,0.0,0.0,0.0,0.0,0.0,time,0.0,0.0,0.0,0.0,0.0
3236,0.1,4,0.1,0.1,0.1,0.5,0.25,0.0,0.0,0.0,0.0,0.0,0.0,0.0,0.0,0.0,time,0.0,0.0,0.0,0.0,0.0
3237,0.1,4,0.1,0.1,0.1,0.5,0.5,0.0,0.0,0.0,0.0,0.0,0.0,0.0,0.0,0.0,time,0.0,0.0,0.0,0.0,0.0
3238,0.1,4,0.1,0.1,0.1,0.5,0.75,0.0,0.0,0.0,0.0,0.0,0.0,0.0,0.0,0.0,time,0.0,0.0,0.0,0.0,0.0
3239,0.1,4,0.1,0.1,0.1,0.5,1.0,0.0,0.0,0.0,0.0,0.0,0.0,0.0,0.0,0.0,time,0.0,0.0,0.0,0.0,0.0
3240,0.1,4,0.1,0.1,0.1,0.75,0.25,0.0,0.0,0.0,0.0,0.0,0.0,0.0,0.0,0.0,time,0.0,0.0,0.0,0.0,0.0
3241,0.1,4,0.1,0.1,0.1,0.75,0.5,0.0,0.0,0.0,0.0,0.0,0.0,0.0,0.0,0.0,time,0.0,0.0,0.0,0.0,0.0
3242,0.1,4,0.1,0.1,0.1,0.75,0.75,0.0,0.0,0.0,0.0,0.0,0.0,0.0,0.0,0.0,time,0.0,0.0,0.0,0.0,0.0
3243,0.1,4,0.1,0.1,0.1,0.75,1.0,0.0,0.0,0.0,0.0,0.0,0.0,0.0,0.0,0.0,time,0.0,0.0,0.0,0.0,0.0
3244,0.1,4,0.1,0.1,0.1,1.0,0.25,0.0,0.0,0.0,0.0,0.0,0.0,0.0,0.0,0.0,time,0.0,0.0,0.0,0.0,0.0
3245,0.1,4,0.1,0.1,0.1,1.0,0.5,0.0,0.0,0.0,0.0,0.0,0.0,0.0,0.0,0.0,time,0.0,0.0,0.0,0.0,0.0
3246,0.1,4,0.1,0.1,0.1,1.0,0.75,0.0,0.0,0.0,0.0,0.0,0.0,0.0,0.0,0.0,time,0.0,0.0,0.0,0.0,0.0
3247,0.1,4,0.1,0.1,0.1,1.0,1.0,0.0,0.0,0.0,0.0,0.0,0.0,0.0,0.0,0.0,time,0.0,0.0,0.0,0.0,0.0
3248,0.1,4,0.1,0.1,1.0,0.25,0.25,0.0,0.0,0.0,0.0,0.0,0.0,0.0,0.0,0.0,time,0.0,0.0,0.0,0.0,0.0
3249,0.1,4,0.1,0.1,1.0,0.25,0.5,0.0,0.0,0.0,0.0,0.0,0.0,0.0,0.0,0.0,time,0.0,0.0,0.0,0.0,0.0
3250,0.1,4,0.1,0.1,1.0,0.25,0.75,0.0,0.0,0.0,0.0,0.0,0.0,0.0,0.0,0.0,time,0.0,0.0,0.0,0.0,0.0
3251,0.1,4,0.1,0.1,1.0,0.25,1.0,0.0,0.0,0.0,0.0,0.0,0.0,0.0,0.0,0.0,time,0.0,0.0,0.0,0.0,0.0
3252,0.1,4,0.1,0.1,1.0,0.5,0.25,0.0,0.0,0.0,0.0,0.0,0.0,0.0,0.0,0.0,time,0.0,0.0,0.0,0.0,0.0
3253,0.1,4,0.1,0.1,1.0,0.5,0.5,0.0,0.0,0.0,0.0,0.0,0.0,0.0,0.0,0.0,time,0.0,0.0,0.0,0.0,0.0
3254,0.1,4,0.1,0.1,1.0,0.5,0.75,0.0,0.0,0.0,0.0,0.0,0.0,0.0,0.0,0.0,time,0.0,0.0,0.0,0.0,0.0
3255,0.1,4,0.1,0.1,1.0,0.5,1.0,0.0,0.0,0.0,0.0,0.0,0.0,0.0,0.0,0.0,time,0.0,0.0,0.0,0.0,0.0
3256,0.1,4,0.1,0.1,1.0,0.75,0.25,0.0,0.0,0.0,0.0,0.0,0.0,0.0,0.0,0.0,time,0.0,0.0,0.0,0.0,0.0
3257,0.1,4,0.1,0.1,1.0,0.75,0.5,0.0,0.0,0.0,0.0,0.0,0.0,0.0,0.0,0.0,time,0.0,0.0,0.0,0.0,0.0
3258,0.1,4,0.1,0.1,1.0,0.75,0.75,0.0,0.0,0.0,0.0,0.0,0.0,0.0,0.0,0.0,time,0.0,0.0,0.0,0.0,0.0
3259,0.1,4,0.1,0.1,1.0,0.75,1.0,0.0,0.0,0.0,0.0,0.0,0.0,0.0,0.0,0.0,time,0.0,0.0,0.0,0.0,0.0
3260,0.1,4,0.1,0.1,1.0,1.0,0.25,0.0,0.0,0.0,0.0,0.0,0.0,0.0,0.0,0.0,time,0.0,0.0,0.0,0.0,0.0
3261,0.1,4,0.1,0.1,1.0,1.0,0.5,0.0,0.0,0.0,0.0,0.0,0.0,0.0,0.0,0.0,time,0.0,0.0,0.0,0.0,0.0
3262,0.1,4,0.1,0.1,1.0,1.0,0.75,0.0,0.0,0.0,0.0,0.0,0.0,0.0,0.0,0.0,time,0.0,0.0,0.0,0.0,0.0
3263,0.1,4,0.1,0.1,1.0,1.0,1.0,0.0,0.0,0.0,0.0,0.0,0.0,0.0,0.0,0.0,time,0.0,0.0,0.0,0.0,0.0
3264,0.1,4,0.1,1.0,0.0,0.25,0.25,0.0,0.0,0.0,0.0,0.0,0.0,0.0,0.0,0.0,time,0.0,0.0,0.0,0.0,0.0
3265,0.1,4,0.1,1.0,0.0,0.25,0.5,0.0,0.0,0.0,0.0,0.0,0.0,0.0,0.0,0.0,time,0.0,0.0,0.0,0.0,0.0
3266,0.1,4,0.1,1.0,0.0,0.25,0.75,0.0,0.0,0.0,0.0,0.0,0.0,0.0,0.0,0.0,time,0.0,0.0,0.0,0.0,0.0
3267,0.1,4,0.1,1.0,0.0,0.25,1.0,0.0,0.0,0.0,0.0,0.0,0.0,0.0,0.0,0.0,time,0.0,0.0,0.0,0.0,0.0
3268,0.1,4,0.1,1.0,0.0,0.5,0.25,0.0,0.0,0.0,0.0,0.0,0.0,0.0,0.0,0.0,time,0.0,0.0,0.0,0.0,0.0
3269,0.1,4,0.1,1.0,0.0,0.5,0.5,0.0,0.0,0.0,0.0,0.0,0.0,0.0,0.0,0.0,time,0.0,0.0,0.0,0.0,0.0
3270,0.1,4,0.1,1.0,0.0,0.5,0.75,0.0,0.0,0.0,0.0,0.0,0.0,0.0,0.0,0.0,time,0.0,0.0,0.0,0.0,0.0
3271,0.1,4,0.1,1.0,0.0,0.5,1.0,0.0,0.0,0.0,0.0,0.0,0.0,0.0,0.0,0.0,time,0.0,0.0,0.0,0.0,0.0
3272,0.1,4,0.1,1.0,0.0,0.75,0.25,0.0,0.0,0.0,0.0,0.0,0.0,0.0,0.0,0.0,time,0.0,0.0,0.0,0.0,0.0
3273,0.1,4,0.1,1.0,0.0,0.75,0.5,0.0,0.0,0.0,0.0,0.0,0.0,0.0,0.0,0.0,time,0.0,0.0,0.0,0.0,0.0
3274,0.1,4,0.1,1.0,0.0,0.75,0.75,0.0,0.0,0.0,0.0,0.0,0.0,0.0,0.0,0.0,time,0.0,0.0,0.0,0.0,0.0
3275,0.1,4,0.1,1.0,0.0,0.75,1.0,0.0,0.0,0.0,0.0,0.0,0.0,0.0,0.0,0.0,time,0.0,0.0,0.0,0.0,0.0
3276,0.1,4,0.1,1.0,0.0,1.0,0.25,0.0,0.0,0.0,0.0,0.0,0.0,0.0,0.0,0.0,time,0.0,0.0,0.0,0.0,0.0
3277,0.1,4,0.1,1.0,0.0,1.0,0.5,0.0,0.0,0.0,0.0,0.0,0.0,0.0,0.0,0.0,time,0.0,0.0,0.0,0.0,0.0
3278,0.1,4,0.1,1.0,0.0,1.0,0.75,0.0,0.0,0.0,0.0,0.0,0.0,0.0,0.0,0.0,time,0.0,0.0,0.0,0.0,0.0
3279,0.1,4,0.1,1.0,0.0,1.0,1.0,0.0,0.0,0.0,0.0,0.0,0.0,0.0,0.0,0.0,time,0.0,0.0,0.0,0.0,0.0
3280,0.1,4,0.1,1.0,0.1,0.25,0.25,0.0,0.0,0.0,0.0,0.0,0.0,0.0,0.0,0.0,time,0.0,0.0,0.0,0.0,0.0
3281,0.1,4,0.1,1.0,0.1,0.25,0.5,0.0,0.0,0.0,0.0,0.0,0.0,0.0,0.0,0.0,time,0.0,0.0,0.0,0.0,0.0
3282,0.1,4,0.1,1.0,0.1,0.25,0.75,0.0,0.0,0.0,0.0,0.0,0.0,0.0,0.0,0.0,time,0.0,0.0,0.0,0.0,0.0
3283,0.1,4,0.1,1.0,0.1,0.25,1.0,0.0,0.0,0.0,0.0,0.0,0.0,0.0,0.0,0.0,time,0.0,0.0,0.0,0.0,0.0
3284,0.1,4,0.1,1.0,0.1,0.5,0.25,0.0,0.0,0.0,0.0,0.0,0.0,0.0,0.0,0.0,time,0.0,0.0,0.0,0.0,0.0
3285,0.1,4,0.1,1.0,0.1,0.5,0.5,0.0,0.0,0.0,0.0,0.0,0.0,0.0,0.0,0.0,time,0.0,0.0,0.0,0.0,0.0
3286,0.1,4,0.1,1.0,0.1,0.5,0.75,0.0,0.0,0.0,0.0,0.0,0.0,0.0,0.0,0.0,time,0.0,0.0,0.0,0.0,0.0
3287,0.1,4,0.1,1.0,0.1,0.5,1.0,0.0,0.0,0.0,0.0,0.0,0.0,0.0,0.0,0.0,time,0.0,0.0,0.0,0.0,0.0
3288,0.1,4,0.1,1.0,0.1,0.75,0.25,0.0,0.0,0.0,0.0,0.0,0.0,0.0,0.0,0.0,time,0.0,0.0,0.0,0.0,0.0
3289,0.1,4,0.1,1.0,0.1,0.75,0.5,0.0,0.0,0.0,0.0,0.0,0.0,0.0,0.0,0.0,time,0.0,0.0,0.0,0.0,0.0
3290,0.1,4,0.1,1.0,0.1,0.75,0.75,0.0,0.0,0.0,0.0,0.0,0.0,0.0,0.0,0.0,time,0.0,0.0,0.0,0.0,0.0
3291,0.1,4,0.1,1.0,0.1,0.75,1.0,0.0,0.0,0.0,0.0,0.0,0.0,0.0,0.0,0.0,time,0.0,0.0,0.0,0.0,0.0
3292,0.1,4,0.1,1.0,0.1,1.0,0.25,0.0,0.0,0.0,0.0,0.0,0.0,0.0,0.0,0.0,time,0.0,0.0,0.0,0.0,0.0
3293,0.1,4,0.1,1.0,0.1,1.0,0.5,0.0,0.0,0.0,0.0,0.0,0.0,0.0,0.0,0.0,time,0.0,0.0,0.0,0.0,0.0
3294,0.1,4,0.1,1.0,0.1,1.0,0.75,0.0,0.0,0.0,0.0,0.0,0.0,0.0,0.0,0.0,time,0.0,0.0,0.0,0.0,0.0
3295,0.1,4,0.1,1.0,0.1,1.0,1.0,0.0,0.0,0.0,0.0,0.0,0.0,0.0,0.0,0.0,time,0.0,0.0,0.0,0.0,0.0
3296,0.1,4,0.1,1.0,1.0,0.25,0.25,0.0,0.0,0.0,0.0,0.0,0.0,0.0,0.0,0.0,time,0.0,0.0,0.0,0.0,0.0
3297,0.1,4,0.1,1.0,1.0,0.25,0.5,0.0,0.0,0.0,0.0,0.0,0.0,0.0,0.0,0.0,time,0.0,0.0,0.0,0.0,0.0
3298,0.1,4,0.1,1.0,1.0,0.25,0.75,0.0,0.0,0.0,0.0,0.0,0.0,0.0,0.0,0.0,time,0.0,0.0,0.0,0.0,0.0
3299,0.1,4,0.1,1.0,1.0,0.25,1.0,0.0,0.0,0.0,0.0,0.0,0.0,0.0,0.0,0.0,time,0.0,0.0,0.0,0.0,0.0
3300,0.1,4,0.1,1.0,1.0,0.5,0.25,0.0,0.0,0.0,0.0,0.0,0.0,0.0,0.0,0.0,time,0.0,0.0,0.0,0.0,0.0
3301,0.1,4,0.1,1.0,1.0,0.5,0.5,0.0,0.0,0.0,0.0,0.0,0.0,0.0,0.0,0.0,time,0.0,0.0,0.0,0.0,0.0
3302,0.1,4,0.1,1.0,1.0,0.5,0.75,0.0,0.0,0.0,0.0,0.0,0.0,0.0,0.0,0.0,time,0.0,0.0,0.0,0.0,0.0
3303,0.1,4,0.1,1.0,1.0,0.5,1.0,0.0,0.0,0.0,0.0,0.0,0.0,0.0,0.0,0.0,time,0.0,0.0,0.0,0.0,0.0
3304,0.1,4,0.1,1.0,1.0,0.75,0.25,0.0,0.0,0.0,0.0,0.0,0.0,0.0,0.0,0.0,time,0.0,0.0,0.0,0.0,0.0
3305,0.1,4,0.1,1.0,1.0,0.75,0.5,0.0,0.0,0.0,0.0,0.0,0.0,0.0,0.0,0.0,time,0.0,0.0,0.0,0.0,0.0
3306,0.1,4,0.1,1.0,1.0,0.75,0.75,0.0,0.0,0.0,0.0,0.0,0.0,0.0,0.0,0.0,time,0.0,0.0,0.0,0.0,0.0
3307,0.1,4,0.1,1.0,1.0,0.75,1.0,0.0,0.0,0.0,0.0,0.0,0.0,0.0,0.0,0.0,time,0.0,0.0,0.0,0.0,0.0
3308,0.1,4,0.1,1.0,1.0,1.0,0.25,0.0,0.0,0.0,0.0,0.0,0.0,0.0,0.0,0.0,time,0.0,0.0,0.0,0.0,0.0
3309,0.1,4,0.1,1.0,1.0,1.0,0.5,0.0,0.0,0.0,0.0,0.0,0.0,0.0,0.0,0.0,time,0.0,0.0,0.0,0.0,0.0
3310,0.1,4,0.1,1.0,1.0,1.0,0.75,0.0,0.0,0.0,0.0,0.0,0.0,0.0,0.0,0.0,time,0.0,0.0,0.0,0.0,0.0
3311,0.1,4,0.1,1.0,1.0,1.0,1.0,0.0,0.0,0.0,0.0,0.0,0.0,0.0,0.0,0.0,time,0.0,0.0,0.0,0.0,0.0
3312,0.1,4,1.0,0.0,0.0,0.25,0.25,0.0,0.0,0.0,0.0,0.0,0.0,0.0,0.0,0.0,time,0.0,0.0,0.0,0.0,0.0
3313,0.1,4,1.0,0.0,0.0,0.25,0.5,0.0,0.0,0.0,0.0,0.0,0.0,0.0,0.0,0.0,time,0.0,0.0,0.0,0.0,0.0
3314,0.1,4,1.0,0.0,0.0,0.25,0.75,0.0,0.0,0.0,0.0,0.0,0.0,0.0,0.0,0.0,time,0.0,0.0,0.0,0.0,0.0
3315,0.1,4,1.0,0.0,0.0,0.25,1.0,0.0,0.0,0.0,0.0,0.0,0.0,0.0,0.0,0.0,time,0.0,0.0,0.0,0.0,0.0
3316,0.1,4,1.0,0.0,0.0,0.5,0.25,0.0,0.0,0.0,0.0,0.0,0.0,0.0,0.0,0.0,time,0.0,0.0,0.0,0.0,0.0
3317,0.1,4,1.0,0.0,0.0,0.5,0.5,0.0,0.0,0.0,0.0,0.0,0.0,0.0,0.0,0.0,time,0.0,0.0,0.0,0.0,0.0
3318,0.1,4,1.0,0.0,0.0,0.5,0.75,0.0,0.0,0.0,0.0,0.0,0.0,0.0,0.0,0.0,time,0.0,0.0,0.0,0.0,0.0
3319,0.1,4,1.0,0.0,0.0,0.5,1.0,0.0,0.0,0.0,0.0,0.0,0.0,0.0,0.0,0.0,time,0.0,0.0,0.0,0.0,0.0
3320,0.1,4,1.0,0.0,0.0,0.75,0.25,0.0,0.0,0.0,0.0,0.0,0.0,0.0,0.0,0.0,time,0.0,0.0,0.0,0.0,0.0
3321,0.1,4,1.0,0.0,0.0,0.75,0.5,0.0,0.0,0.0,0.0,0.0,0.0,0.0,0.0,0.0,time,0.0,0.0,0.0,0.0,0.0
3322,0.1,4,1.0,0.0,0.0,0.75,0.75,0.0,0.0,0.0,0.0,0.0,0.0,0.0,0.0,0.0,time,0.0,0.0,0.0,0.0,0.0
3323,0.1,4,1.0,0.0,0.0,0.75,1.0,0.0,0.0,0.0,0.0,0.0,0.0,0.0,0.0,0.0,time,0.0,0.0,0.0,0.0,0.0
3324,0.1,4,1.0,0.0,0.0,1.0,0.25,0.0,0.0,0.0,0.0,0.0,0.0,0.0,0.0,0.0,time,0.0,0.0,0.0,0.0,0.0
3325,0.1,4,1.0,0.0,0.0,1.0,0.5,0.0,0.0,0.0,0.0,0.0,0.0,0.0,0.0,0.0,time,0.0,0.0,0.0,0.0,0.0
3326,0.1,4,1.0,0.0,0.0,1.0,0.75,0.0,0.0,0.0,0.0,0.0,0.0,0.0,0.0,0.0,time,0.0,0.0,0.0,0.0,0.0
3327,0.1,4,1.0,0.0,0.0,1.0,1.0,0.0,0.0,0.0,0.0,0.0,0.0,0.0,0.0,0.0,time,0.0,0.0,0.0,0.0,0.0
3328,0.1,4,1.0,0.0,0.1,0.25,0.25,0.0,0.0,0.0,0.0,0.0,0.0,0.0,0.0,0.0,time,0.0,0.0,0.0,0.0,0.0
3329,0.1,4,1.0,0.0,0.1,0.25,0.5,0.0,0.0,0.0,0.0,0.0,0.0,0.0,0.0,0.0,time,0.0,0.0,0.0,0.0,0.0
3330,0.1,4,1.0,0.0,0.1,0.25,0.75,0.0,0.0,0.0,0.0,0.0,0.0,0.0,0.0,0.0,time,0.0,0.0,0.0,0.0,0.0
3331,0.1,4,1.0,0.0,0.1,0.25,1.0,0.0,0.0,0.0,0.0,0.0,0.0,0.0,0.0,0.0,time,0.0,0.0,0.0,0.0,0.0
3332,0.1,4,1.0,0.0,0.1,0.5,0.25,0.0,0.0,0.0,0.0,0.0,0.0,0.0,0.0,0.0,time,0.0,0.0,0.0,0.0,0.0
3333,0.1,4,1.0,0.0,0.1,0.5,0.5,0.0,0.0,0.0,0.0,0.0,0.0,0.0,0.0,0.0,time,0.0,0.0,0.0,0.0,0.0
3334,0.1,4,1.0,0.0,0.1,0.5,0.75,0.0,0.0,0.0,0.0,0.0,0.0,0.0,0.0,0.0,time,0.0,0.0,0.0,0.0,0.0
3335,0.1,4,1.0,0.0,0.1,0.5,1.0,0.0,0.0,0.0,0.0,0.0,0.0,0.0,0.0,0.0,time,0.0,0.0,0.0,0.0,0.0
3336,0.1,4,1.0,0.0,0.1,0.75,0.25,0.0,0.0,0.0,0.0,0.0,0.0,0.0,0.0,0.0,time,0.0,0.0,0.0,0.0,0.0
3337,0.1,4,1.0,0.0,0.1,0.75,0.5,0.0,0.0,0.0,0.0,0.0,0.0,0.0,0.0,0.0,time,0.0,0.0,0.0,0.0,0.0
3338,0.1,4,1.0,0.0,0.1,0.75,0.75,0.0,0.0,0.0,0.0,0.0,0.0,0.0,0.0,0.0,time,0.0,0.0,0.0,0.0,0.0
3339,0.1,4,1.0,0.0,0.1,0.75,1.0,0.0,0.0,0.0,0.0,0.0,0.0,0.0,0.0,0.0,time,0.0,0.0,0.0,0.0,0.0
3340,0.1,4,1.0,0.0,0.1,1.0,0.25,0.0,0.0,0.0,0.0,0.0,0.0,0.0,0.0,0.0,time,0.0,0.0,0.0,0.0,0.0
3341,0.1,4,1.0,0.0,0.1,1.0,0.5,0.0,0.0,0.0,0.0,0.0,0.0,0.0,0.0,0.0,time,0.0,0.0,0.0,0.0,0.0
3342,0.1,4,1.0,0.0,0.1,1.0,0.75,0.0,0.0,0.0,0.0,0.0,0.0,0.0,0.0,0.0,time,0.0,0.0,0.0,0.0,0.0
3343,0.1,4,1.0,0.0,0.1,1.0,1.0,0.0,0.0,0.0,0.0,0.0,0.0,0.0,0.0,0.0,time,0.0,0.0,0.0,0.0,0.0
3344,0.1,4,1.0,0.0,1.0,0.25,0.25,0.0,0.0,0.0,0.0,0.0,0.0,0.0,0.0,0.0,time,0.0,0.0,0.0,0.0,0.0
3345,0.1,4,1.0,0.0,1.0,0.25,0.5,0.0,0.0,0.0,0.0,0.0,0.0,0.0,0.0,0.0,time,0.0,0.0,0.0,0.0,0.0
3346,0.1,4,1.0,0.0,1.0,0.25,0.75,0.0,0.0,0.0,0.0,0.0,0.0,0.0,0.0,0.0,time,0.0,0.0,0.0,0.0,0.0
3347,0.1,4,1.0,0.0,1.0,0.25,1.0,0.0,0.0,0.0,0.0,0.0,0.0,0.0,0.0,0.0,time,0.0,0.0,0.0,0.0,0.0
3348,0.1,4,1.0,0.0,1.0,0.5,0.25,0.0,0.0,0.0,0.0,0.0,0.0,0.0,0.0,0.0,time,0.0,0.0,0.0,0.0,0.0
3349,0.1,4,1.0,0.0,1.0,0.5,0.5,0.0,0.0,0.0,0.0,0.0,0.0,0.0,0.0,0.0,time,0.0,0.0,0.0,0.0,0.0
3350,0.1,4,1.0,0.0,1.0,0.5,0.75,0.0,0.0,0.0,0.0,0.0,0.0,0.0,0.0,0.0,time,0.0,0.0,0.0,0.0,0.0
3351,0.1,4,1.0,0.0,1.0,0.5,1.0,0.0,0.0,0.0,0.0,0.0,0.0,0.0,0.0,0.0,time,0.0,0.0,0.0,0.0,0.0
3352,0.1,4,1.0,0.0,1.0,0.75,0.25,0.0,0.0,0.0,0.0,0.0,0.0,0.0,0.0,0.0,time,0.0,0.0,0.0,0.0,0.0
3353,0.1,4,1.0,0.0,1.0,0.75,0.5,0.0,0.0,0.0,0.0,0.0,0.0,0.0,0.0,0.0,time,0.0,0.0,0.0,0.0,0.0
3354,0.1,4,1.0,0.0,1.0,0.75,0.75,0.0,0.0,0.0,0.0,0.0,0.0,0.0,0.0,0.0,time,0.0,0.0,0.0,0.0,0.0
3355,0.1,4,1.0,0.0,1.0,0.75,1.0,0.0,0.0,0.0,0.0,0.0,0.0,0.0,0.0,0.0,time,0.0,0.0,0.0,0.0,0.0
3356,0.1,4,1.0,0.0,1.0,1.0,0.25,0.0,0.0,0.0,0.0,0.0,0.0,0.0,0.0,0.0,time,0.0,0.0,0.0,0.0,0.0
3357,0.1,4,1.0,0.0,1.0,1.0,0.5,0.0,0.0,0.0,0.0,0.0,0.0,0.0,0.0,0.0,time,0.0,0.0,0.0,0.0,0.0
3358,0.1,4,1.0,0.0,1.0,1.0,0.75,0.0,0.0,0.0,0.0,0.0,0.0,0.0,0.0,0.0,time,0.0,0.0,0.0,0.0,0.0
3359,0.1,4,1.0,0.0,1.0,1.0,1.0,0.0,0.0,0.0,0.0,0.0,0.0,0.0,0.0,0.0,time,0.0,0.0,0.0,0.0,0.0
3360,0.1,4,1.0,0.1,0.0,0.25,0.25,0.0,0.0,0.0,0.0,0.0,0.0,0.0,0.0,0.0,time,0.0,0.0,0.0,0.0,0.0
3361,0.1,4,1.0,0.1,0.0,0.25,0.5,0.0,0.0,0.0,0.0,0.0,0.0,0.0,0.0,0.0,time,0.0,0.0,0.0,0.0,0.0
3362,0.1,4,1.0,0.1,0.0,0.25,0.75,0.0,0.0,0.0,0.0,0.0,0.0,0.0,0.0,0.0,time,0.0,0.0,0.0,0.0,0.0
3363,0.1,4,1.0,0.1,0.0,0.25,1.0,0.0,0.0,0.0,0.0,0.0,0.0,0.0,0.0,0.0,time,0.0,0.0,0.0,0.0,0.0
3364,0.1,4,1.0,0.1,0.0,0.5,0.25,0.0,0.0,0.0,0.0,0.0,0.0,0.0,0.0,0.0,time,0.0,0.0,0.0,0.0,0.0
3365,0.1,4,1.0,0.1,0.0,0.5,0.5,0.0,0.0,0.0,0.0,0.0,0.0,0.0,0.0,0.0,time,0.0,0.0,0.0,0.0,0.0
3366,0.1,4,1.0,0.1,0.0,0.5,0.75,0.0,0.0,0.0,0.0,0.0,0.0,0.0,0.0,0.0,time,0.0,0.0,0.0,0.0,0.0
3367,0.1,4,1.0,0.1,0.0,0.5,1.0,0.0,0.0,0.0,0.0,0.0,0.0,0.0,0.0,0.0,time,0.0,0.0,0.0,0.0,0.0
3368,0.1,4,1.0,0.1,0.0,0.75,0.25,0.0,0.0,0.0,0.0,0.0,0.0,0.0,0.0,0.0,time,0.0,0.0,0.0,0.0,0.0
3369,0.1,4,1.0,0.1,0.0,0.75,0.5,0.0,0.0,0.0,0.0,0.0,0.0,0.0,0.0,0.0,time,0.0,0.0,0.0,0.0,0.0
3370,0.1,4,1.0,0.1,0.0,0.75,0.75,0.0,0.0,0.0,0.0,0.0,0.0,0.0,0.0,0.0,time,0.0,0.0,0.0,0.0,0.0
3371,0.1,4,1.0,0.1,0.0,0.75,1.0,0.0,0.0,0.0,0.0,0.0,0.0,0.0,0.0,0.0,time,0.0,0.0,0.0,0.0,0.0
3372,0.1,4,1.0,0.1,0.0,1.0,0.25,0.0,0.0,0.0,0.0,0.0,0.0,0.0,0.0,0.0,time,0.0,0.0,0.0,0.0,0.0
3373,0.1,4,1.0,0.1,0.0,1.0,0.5,0.0,0.0,0.0,0.0,0.0,0.0,0.0,0.0,0.0,time,0.0,0.0,0.0,0.0,0.0
3374,0.1,4,1.0,0.1,0.0,1.0,0.75,0.0,0.0,0.0,0.0,0.0,0.0,0.0,0.0,0.0,time,0.0,0.0,0.0,0.0,0.0
3375,0.1,4,1.0,0.1,0.0,1.0,1.0,0.0,0.0,0.0,0.0,0.0,0.0,0.0,0.0,0.0,time,0.0,0.0,0.0,0.0,0.0
3376,0.1,4,1.0,0.1,0.1,0.25,0.25,0.0,0.0,0.0,0.0,0.0,0.0,0.0,0.0,0.0,time,0.0,0.0,0.0,0.0,0.0
3377,0.1,4,1.0,0.1,0.1,0.25,0.5,0.0,0.0,0.0,0.0,0.0,0.0,0.0,0.0,0.0,time,0.0,0.0,0.0,0.0,0.0
3378,0.1,4,1.0,0.1,0.1,0.25,0.75,0.0,0.0,0.0,0.0,0.0,0.0,0.0,0.0,0.0,time,0.0,0.0,0.0,0.0,0.0
3379,0.1,4,1.0,0.1,0.1,0.25,1.0,0.0,0.0,0.0,0.0,0.0,0.0,0.0,0.0,0.0,time,0.0,0.0,0.0,0.0,0.0
3380,0.1,4,1.0,0.1,0.1,0.5,0.25,0.0,0.0,0.0,0.0,0.0,0.0,0.0,0.0,0.0,time,0.0,0.0,0.0,0.0,0.0
3381,0.1,4,1.0,0.1,0.1,0.5,0.5,0.0,0.0,0.0,0.0,0.0,0.0,0.0,0.0,0.0,time,0.0,0.0,0.0,0.0,0.0
3382,0.1,4,1.0,0.1,0.1,0.5,0.75,0.0,0.0,0.0,0.0,0.0,0.0,0.0,0.0,0.0,time,0.0,0.0,0.0,0.0,0.0
3383,0.1,4,1.0,0.1,0.1,0.5,1.0,0.0,0.0,0.0,0.0,0.0,0.0,0.0,0.0,0.0,time,0.0,0.0,0.0,0.0,0.0
3384,0.1,4,1.0,0.1,0.1,0.75,0.25,0.0,0.0,0.0,0.0,0.0,0.0,0.0,0.0,0.0,time,0.0,0.0,0.0,0.0,0.0
3385,0.1,4,1.0,0.1,0.1,0.75,0.5,0.0,0.0,0.0,0.0,0.0,0.0,0.0,0.0,0.0,time,0.0,0.0,0.0,0.0,0.0
3386,0.1,4,1.0,0.1,0.1,0.75,0.75,0.0,0.0,0.0,0.0,0.0,0.0,0.0,0.0,0.0,time,0.0,0.0,0.0,0.0,0.0
3387,0.1,4,1.0,0.1,0.1,0.75,1.0,0.0,0.0,0.0,0.0,0.0,0.0,0.0,0.0,0.0,time,0.0,0.0,0.0,0.0,0.0
3388,0.1,4,1.0,0.1,0.1,1.0,0.25,0.0,0.0,0.0,0.0,0.0,0.0,0.0,0.0,0.0,time,0.0,0.0,0.0,0.0,0.0
3389,0.1,4,1.0,0.1,0.1,1.0,0.5,0.0,0.0,0.0,0.0,0.0,0.0,0.0,0.0,0.0,time,0.0,0.0,0.0,0.0,0.0
3390,0.1,4,1.0,0.1,0.1,1.0,0.75,0.0,0.0,0.0,0.0,0.0,0.0,0.0,0.0,0.0,time,0.0,0.0,0.0,0.0,0.0
3391,0.1,4,1.0,0.1,0.1,1.0,1.0,0.0,0.0,0.0,0.0,0.0,0.0,0.0,0.0,0.0,time,0.0,0.0,0.0,0.0,0.0
3392,0.1,4,1.0,0.1,1.0,0.25,0.25,0.0,0.0,0.0,0.0,0.0,0.0,0.0,0.0,0.0,time,0.0,0.0,0.0,0.0,0.0
3393,0.1,4,1.0,0.1,1.0,0.25,0.5,0.0,0.0,0.0,0.0,0.0,0.0,0.0,0.0,0.0,time,0.0,0.0,0.0,0.0,0.0
3394,0.1,4,1.0,0.1,1.0,0.25,0.75,0.0,0.0,0.0,0.0,0.0,0.0,0.0,0.0,0.0,time,0.0,0.0,0.0,0.0,0.0
3395,0.1,4,1.0,0.1,1.0,0.25,1.0,0.0,0.0,0.0,0.0,0.0,0.0,0.0,0.0,0.0,time,0.0,0.0,0.0,0.0,0.0
3396,0.1,4,1.0,0.1,1.0,0.5,0.25,0.0,0.0,0.0,0.0,0.0,0.0,0.0,0.0,0.0,time,0.0,0.0,0.0,0.0,0.0
3397,0.1,4,1.0,0.1,1.0,0.5,0.5,0.0,0.0,0.0,0.0,0.0,0.0,0.0,0.0,0.0,time,0.0,0.0,0.0,0.0,0.0
3398,0.1,4,1.0,0.1,1.0,0.5,0.75,0.0,0.0,0.0,0.0,0.0,0.0,0.0,0.0,0.0,time,0.0,0.0,0.0,0.0,0.0
3399,0.1,4,1.0,0.1,1.0,0.5,1.0,0.0,0.0,0.0,0.0,0.0,0.0,0.0,0.0,0.0,time,0.0,0.0,0.0,0.0,0.0
3400,0.1,4,1.0,0.1,1.0,0.75,0.25,0.0,0.0,0.0,0.0,0.0,0.0,0.0,0.0,0.0,time,0.0,0.0,0.0,0.0,0.0
3401,0.1,4,1.0,0.1,1.0,0.75,0.5,0.0,0.0,0.0,0.0,0.0,0.0,0.0,0.0,0.0,time,0.0,0.0,0.0,0.0,0.0
3402,0.1,4,1.0,0.1,1.0,0.75,0.75,0.0,0.0,0.0,0.0,0.0,0.0,0.0,0.0,0.0,time,0.0,0.0,0.0,0.0,0.0
3403,0.1,4,1.0,0.1,1.0,0.75,1.0,0.0,0.0,0.0,0.0,0.0,0.0,0.0,0.0,0.0,time,0.0,0.0,0.0,0.0,0.0
3404,0.1,4,1.0,0.1,1.0,1.0,0.25,0.0,0.0,0.0,0.0,0.0,0.0,0.0,0.0,0.0,time,0.0,0.0,0.0,0.0,0.0
3405,0.1,4,1.0,0.1,1.0,1.0,0.5,0.0,0.0,0.0,0.0,0.0,0.0,0.0,0.0,0.0,time,0.0,0.0,0.0,0.0,0.0
3406,0.1,4,1.0,0.1,1.0,1.0,0.75,0.0,0.0,0.0,0.0,0.0,0.0,0.0,0.0,0.0,time,0.0,0.0,0.0,0.0,0.0
3407,0.1,4,1.0,0.1,1.0,1.0,1.0,0.0,0.0,0.0,0.0,0.0,0.0,0.0,0.0,0.0,time,0.0,0.0,0.0,0.0,0.0
3408,0.1,4,1.0,1.0,0.0,0.25,0.25,0.0,0.0,0.0,0.0,0.0,0.0,0.0,0.0,0.0,time,0.0,0.0,0.0,0.0,0.0
3409,0.1,4,1.0,1.0,0.0,0.25,0.5,0.0,0.0,0.0,0.0,0.0,0.0,0.0,0.0,0.0,time,0.0,0.0,0.0,0.0,0.0
3410,0.1,4,1.0,1.0,0.0,0.25,0.75,0.0,0.0,0.0,0.0,0.0,0.0,0.0,0.0,0.0,time,0.0,0.0,0.0,0.0,0.0
3411,0.1,4,1.0,1.0,0.0,0.25,1.0,0.0,0.0,0.0,0.0,0.0,0.0,0.0,0.0,0.0,time,0.0,0.0,0.0,0.0,0.0
3412,0.1,4,1.0,1.0,0.0,0.5,0.25,0.0,0.0,0.0,0.0,0.0,0.0,0.0,0.0,0.0,time,0.0,0.0,0.0,0.0,0.0
3413,0.1,4,1.0,1.0,0.0,0.5,0.5,0.0,0.0,0.0,0.0,0.0,0.0,0.0,0.0,0.0,time,0.0,0.0,0.0,0.0,0.0
3414,0.1,4,1.0,1.0,0.0,0.5,0.75,0.0,0.0,0.0,0.0,0.0,0.0,0.0,0.0,0.0,time,0.0,0.0,0.0,0.0,0.0
3415,0.1,4,1.0,1.0,0.0,0.5,1.0,0.0,0.0,0.0,0.0,0.0,0.0,0.0,0.0,0.0,time,0.0,0.0,0.0,0.0,0.0
3416,0.1,4,1.0,1.0,0.0,0.75,0.25,0.0,0.0,0.0,0.0,0.0,0.0,0.0,0.0,0.0,time,0.0,0.0,0.0,0.0,0.0
3417,0.1,4,1.0,1.0,0.0,0.75,0.5,0.0,0.0,0.0,0.0,0.0,0.0,0.0,0.0,0.0,time,0.0,0.0,0.0,0.0,0.0
3418,0.1,4,1.0,1.0,0.0,0.75,0.75,0.0,0.0,0.0,0.0,0.0,0.0,0.0,0.0,0.0,time,0.0,0.0,0.0,0.0,0.0
3419,0.1,4,1.0,1.0,0.0,0.75,1.0,0.0,0.0,0.0,0.0,0.0,0.0,0.0,0.0,0.0,time,0.0,0.0,0.0,0.0,0.0
3420,0.1,4,1.0,1.0,0.0,1.0,0.25,0.0,0.0,0.0,0.0,0.0,0.0,0.0,0.0,0.0,time,0.0,0.0,0.0,0.0,0.0
3421,0.1,4,1.0,1.0,0.0,1.0,0.5,0.0,0.0,0.0,0.0,0.0,0.0,0.0,0.0,0.0,time,0.0,0.0,0.0,0.0,0.0
3422,0.1,4,1.0,1.0,0.0,1.0,0.75,0.0,0.0,0.0,0.0,0.0,0.0,0.0,0.0,0.0,time,0.0,0.0,0.0,0.0,0.0
3423,0.1,4,1.0,1.0,0.0,1.0,1.0,0.0,0.0,0.0,0.0,0.0,0.0,0.0,0.0,0.0,time,0.0,0.0,0.0,0.0,0.0
3424,0.1,4,1.0,1.0,0.1,0.25,0.25,0.0,0.0,0.0,0.0,0.0,0.0,0.0,0.0,0.0,time,0.0,0.0,0.0,0.0,0.0
3425,0.1,4,1.0,1.0,0.1,0.25,0.5,0.0,0.0,0.0,0.0,0.0,0.0,0.0,0.0,0.0,time,0.0,0.0,0.0,0.0,0.0
3426,0.1,4,1.0,1.0,0.1,0.25,0.75,0.0,0.0,0.0,0.0,0.0,0.0,0.0,0.0,0.0,time,0.0,0.0,0.0,0.0,0.0
3427,0.1,4,1.0,1.0,0.1,0.25,1.0,0.0,0.0,0.0,0.0,0.0,0.0,0.0,0.0,0.0,time,0.0,0.0,0.0,0.0,0.0
3428,0.1,4,1.0,1.0,0.1,0.5,0.25,0.0,0.0,0.0,0.0,0.0,0.0,0.0,0.0,0.0,time,0.0,0.0,0.0,0.0,0.0
3429,0.1,4,1.0,1.0,0.1,0.5,0.5,0.0,0.0,0.0,0.0,0.0,0.0,0.0,0.0,0.0,time,0.0,0.0,0.0,0.0,0.0
3430,0.1,4,1.0,1.0,0.1,0.5,0.75,0.0,0.0,0.0,0.0,0.0,0.0,0.0,0.0,0.0,time,0.0,0.0,0.0,0.0,0.0
3431,0.1,4,1.0,1.0,0.1,0.5,1.0,0.0,0.0,0.0,0.0,0.0,0.0,0.0,0.0,0.0,time,0.0,0.0,0.0,0.0,0.0
3432,0.1,4,1.0,1.0,0.1,0.75,0.25,0.0,0.0,0.0,0.0,0.0,0.0,0.0,0.0,0.0,time,0.0,0.0,0.0,0.0,0.0
3433,0.1,4,1.0,1.0,0.1,0.75,0.5,0.0,0.0,0.0,0.0,0.0,0.0,0.0,0.0,0.0,time,0.0,0.0,0.0,0.0,0.0
3434,0.1,4,1.0,1.0,0.1,0.75,0.75,0.0,0.0,0.0,0.0,0.0,0.0,0.0,0.0,0.0,time,0.0,0.0,0.0,0.0,0.0
3435,0.1,4,1.0,1.0,0.1,0.75,1.0,0.0,0.0,0.0,0.0,0.0,0.0,0.0,0.0,0.0,time,0.0,0.0,0.0,0.0,0.0
3436,0.1,4,1.0,1.0,0.1,1.0,0.25,0.0,0.0,0.0,0.0,0.0,0.0,0.0,0.0,0.0,time,0.0,0.0,0.0,0.0,0.0
3437,0.1,4,1.0,1.0,0.1,1.0,0.5,0.0,0.0,0.0,0.0,0.0,0.0,0.0,0.0,0.0,time,0.0,0.0,0.0,0.0,0.0
3438,0.1,4,1.0,1.0,0.1,1.0,0.75,0.0,0.0,0.0,0.0,0.0,0.0,0.0,0.0,0.0,time,0.0,0.0,0.0,0.0,0.0
3439,0.1,4,1.0,1.0,0.1,1.0,1.0,0.0,0.0,0.0,0.0,0.0,0.0,0.0,0.0,0.0,time,0.0,0.0,0.0,0.0,0.0
3440,0.1,4,1.0,1.0,1.0,0.25,0.25,0.0,0.0,0.0,0.0,0.0,0.0,0.0,0.0,0.0,time,0.0,0.0,0.0,0.0,0.0
3441,0.1,4,1.0,1.0,1.0,0.25,0.5,0.0,0.0,0.0,0.0,0.0,0.0,0.0,0.0,0.0,time,0.0,0.0,0.0,0.0,0.0
3442,0.1,4,1.0,1.0,1.0,0.25,0.75,0.0,0.0,0.0,0.0,0.0,0.0,0.0,0.0,0.0,time,0.0,0.0,0.0,0.0,0.0
3443,0.1,4,1.0,1.0,1.0,0.25,1.0,0.0,0.0,0.0,0.0,0.0,0.0,0.0,0.0,0.0,time,0.0,0.0,0.0,0.0,0.0
3444,0.1,4,1.0,1.0,1.0,0.5,0.25,0.0,0.0,0.0,0.0,0.0,0.0,0.0,0.0,0.0,time,0.0,0.0,0.0,0.0,0.0
3445,0.1,4,1.0,1.0,1.0,0.5,0.5,0.0,0.0,0.0,0.0,0.0,0.0,0.0,0.0,0.0,time,0.0,0.0,0.0,0.0,0.0
3446,0.1,4,1.0,1.0,1.0,0.5,0.75,0.0,0.0,0.0,0.0,0.0,0.0,0.0,0.0,0.0,time,0.0,0.0,0.0,0.0,0.0
3447,0.1,4,1.0,1.0,1.0,0.5,1.0,0.0,0.0,0.0,0.0,0.0,0.0,0.0,0.0,0.0,time,0.0,0.0,0.0,0.0,0.0
3448,0.1,4,1.0,1.0,1.0,0.75,0.25,0.0,0.0,0.0,0.0,0.0,0.0,0.0,0.0,0.0,time,0.0,0.0,0.0,0.0,0.0
3449,0.1,4,1.0,1.0,1.0,0.75,0.5,0.0,0.0,0.0,0.0,0.0,0.0,0.0,0.0,0.0,time,0.0,0.0,0.0,0.0,0.0
3450,0.1,4,1.0,1.0,1.0,0.75,0.75,0.0,0.0,0.0,0.0,0.0,0.0,0.0,0.0,0.0,time,0.0,0.0,0.0,0.0,0.0
3451,0.1,4,1.0,1.0,1.0,0.75,1.0,0.0,0.0,0.0,0.0,0.0,0.0,0.0,0.0,0.0,time,0.0,0.0,0.0,0.0,0.0
3452,0.1,4,1.0,1.0,1.0,1.0,0.25,0.0,0.0,0.0,0.0,0.0,0.0,0.0,0.0,0.0,time,0.0,0.0,0.0,0.0,0.0
3453,0.1,4,1.0,1.0,1.0,1.0,0.5,0.0,0.0,0.0,0.0,0.0,0.0,0.0,0.0,0.0,time,0.0,0.0,0.0,0.0,0.0
3454,0.1,4,1.0,1.0,1.0,1.0,0.75,0.0,0.0,0.0,0.0,0.0,0.0,0.0,0.0,0.0,time,0.0,0.0,0.0,0.0,0.0
3455,0.1,4,1.0,1.0,1.0,1.0,1.0,0.0,0.0,0.0,0.0,0.0,0.0,0.0,0.0,0.0,time,0.0,0.0,0.0,0.0,0.0
