,lr,max_depth,gamma,lambda,subsample_f,ACC,LogLoss,ACC_SPH_9,ACC_BH_n4_M8,ACC_BH_n2_M10,ACC_BH_n4_M10,ACC_BH_n6_M10,ACC_BH_n4_M12,n_trees,Training time,Time
0,0.001,3,0.001,0.001,1.0,0.5125,1.2192631259206281,0.8913333333333333,0.7073333333333334,0.32233333333333336,0.17333333333333334,0.2786666666666667,0.702,50000.0,0:07:24.101803,14328988.02396498
1,0.001,3,0.001,0.001,0.8,0.516,1.207610901986399,0.8896666666666667,0.7103333333333334,0.3333333333333333,0.17066666666666666,0.2826666666666667,0.7093333333333334,50000.0,0:07:41.825891,14329449.858835077
2,0.001,3,0.001,0.001,0.6,0.5191666666666667,1.2025317288354507,0.8883333333333333,0.712,0.3396666666666667,0.17366666666666666,0.2836666666666667,0.7176666666666667,50000.0,0:07:46.444202,14329916.31213509
3,0.001,3,0.001,0.001,0.4,0.5218888888888888,1.1993608609624042,0.889,0.7153333333333334,0.34833333333333333,0.17333333333333334,0.2833333333333333,0.722,50000.0,0:07:48.094609,14330384.415873216
4,0.001,3,0.001,0.01,1.0,0.5128888888888888,1.2191921030831545,0.8903333333333333,0.7076666666666667,0.3233333333333333,0.17433333333333334,0.2796666666666667,0.702,50000.0,0:07:23.651619,14330828.07657626
5,0.001,3,0.001,0.01,0.8,0.5162222222222222,1.2076071396933967,0.8893333333333333,0.7106666666666667,0.333,0.171,0.283,0.7103333333333334,50000.0,0:07:41.939896,14331290.025581414
6,0.001,3,0.001,0.01,0.6,0.5196111111111111,1.2025317102858777,0.8883333333333333,0.7126666666666667,0.339,0.17566666666666667,0.2836666666666667,0.7183333333333334,50000.0,0:07:44.604798,14331754.640150947
7,0.001,3,0.001,0.01,0.4,0.5221666666666667,1.1993275114948618,0.889,0.715,0.349,0.174,0.284,0.722,50000.0,0:07:48.345515,14332222.995487647
8,0.001,3,0.001,0.1,1.0,0.5124444444444445,1.2191286447243495,0.8906666666666667,0.7073333333333334,0.32233333333333336,0.17166666666666666,0.2816666666666667,0.701,50000.0,0:07:23.084634,14332666.089218292
9,0.001,3,0.001,0.1,0.8,0.516,1.20762280461894,0.8893333333333333,0.7106666666666667,0.33266666666666667,0.171,0.2833333333333333,0.709,50000.0,0:07:41.615409,14333127.713791268
10,0.001,3,0.001,0.1,0.6,0.5192777777777777,1.2025282863836544,0.888,0.7126666666666667,0.3393333333333333,0.174,0.2836666666666667,0.718,50000.0,0:10:47.490024,14333775.214920957
11,0.001,3,0.001,0.1,0.4,0.5224444444444445,1.1992343474100837,0.889,0.7156666666666667,0.349,0.175,0.284,0.722,50000.0,0:07:50.189461,14334245.41386556
12,0.001,3,0.001,1.0,1.0,0.5118333333333334,1.2195280866405096,0.8906666666666667,0.7076666666666667,0.32366666666666666,0.166,0.2803333333333333,0.7026666666666667,50000.0,0:07:23.806149,14334689.22950745
13,0.001,3,0.001,1.0,0.8,0.5151666666666667,1.2078309578143276,0.8893333333333333,0.7116666666666667,0.3313333333333333,0.17066666666666666,0.28,0.708,50000.0,0:07:42.214487,14335151.453522785
14,0.001,3,0.001,1.0,0.6,0.5191111111111111,1.2028147399998272,0.888,0.713,0.339,0.17533333333333334,0.2806666666666667,0.7186666666666667,50000.0,0:07:43.540944,14335615.004144777
15,0.001,3,0.001,1.0,0.4,0.5217777777777778,1.1994294636652167,0.8876666666666667,0.715,0.3476666666666667,0.175,0.2836666666666667,0.7216666666666667,50000.0,0:07:47.276443,14336082.289720109
16,0.001,3,0.01,0.001,1.0,0.5123888888888889,1.2192788572319322,0.89,0.7086666666666667,0.32066666666666666,0.175,0.2783333333333333,0.7016666666666667,50000.0,0:07:23.603545,14336525.902435213
17,0.001,3,0.01,0.001,0.8,0.5162222222222222,1.2076202819629767,0.8896666666666667,0.7103333333333334,0.3333333333333333,0.17133333333333334,0.283,0.7096666666666667,50000.0,0:07:41.697035,14336987.608572943
18,0.001,3,0.01,0.001,0.6,0.5193333333333333,1.2025456905069207,0.8883333333333333,0.7123333333333334,0.3393333333333333,0.17433333333333334,0.2836666666666667,0.718,50000.0,0:07:38.844472,14337446.460565772
19,0.001,3,0.01,0.001,0.4,0.5220555555555556,1.1993619197287317,0.889,0.7156666666666667,0.34833333333333333,0.17333333333333334,0.284,0.722,50000.0,0:07:42.972579,14337909.440660372
20,0.001,3,0.01,0.01,1.0,0.5127222222222222,1.2192501502060467,0.8903333333333333,0.7073333333333334,0.324,0.17233333333333334,0.2786666666666667,0.7036666666666667,50000.0,0:07:20.754214,14338350.20304246
21,0.001,3,0.01,0.01,0.8,0.5162222222222222,1.207600977064776,0.8896666666666667,0.7113333333333334,0.333,0.17033333333333334,0.283,0.71,50000.0,0:07:37.516643,14338807.727508722
22,0.001,3,0.01,0.01,0.6,0.5193888888888889,1.2025399917875776,0.888,0.7133333333333334,0.339,0.17466666666666666,0.2836666666666667,0.7176666666666667,50000.0,0:07:39.560935,14339267.29657974
23,0.001,3,0.01,0.01,0.4,0.522,1.1993326383227374,0.889,0.715,0.3486666666666667,0.174,0.2836666666666667,0.7216666666666667,50000.0,0:07:42.705008,14339730.009103943
24,0.001,3,0.01,0.1,1.0,0.5124444444444445,1.2191286447243495,0.8906666666666667,0.7073333333333334,0.32233333333333336,0.17166666666666666,0.2816666666666667,0.701,50000.0,0:07:17.872015,14340167.888960512
25,0.001,3,0.01,0.1,0.8,0.5161111111111111,1.207625364062267,0.8893333333333333,0.7106666666666667,0.33266666666666667,0.171,0.2833333333333333,0.7096666666666667,50000.0,0:07:36.481257,14340624.379553175
26,0.001,3,0.01,0.1,0.6,0.5192777777777777,1.2025299790888457,0.888,0.713,0.3396666666666667,0.17366666666666666,0.2836666666666667,0.7176666666666667,50000.0,0:07:40.258410,14341084.64554507
27,0.001,3,0.01,0.1,0.4,0.5222222222222223,1.1992372504985482,0.889,0.7153333333333334,0.34933333333333333,0.17366666666666666,0.2833333333333333,0.7226666666666667,50000.0,0:07:42.937496,14341547.590658868
28,0.001,3,0.01,1.0,1.0,0.5118333333333334,1.2195174420881252,0.8903333333333333,0.7076666666666667,0.32366666666666666,0.16733333333333333,0.2803333333333333,0.7016666666666667,50000.0,0:07:19.503606,14341987.101849308
29,0.001,3,0.01,1.0,0.8,0.5153333333333333,1.2078439315025493,0.8893333333333333,0.7116666666666667,0.3313333333333333,0.17133333333333334,0.28,0.7083333333333334,50000.0,0:07:34.080676,14342441.1901168
30,0.001,3,0.01,1.0,0.6,0.519,1.2028136231566757,0.888,0.713,0.339,0.17533333333333334,0.28,0.7186666666666667,50000.0,0:07:39.629867,14342900.827600712
31,0.001,3,0.01,1.0,0.4,0.5217222222222222,1.1994348955941392,0.8873333333333333,0.7153333333333334,0.3473333333333333,0.175,0.2833333333333333,0.722,50000.0,0:07:41.151470,14343361.986662075
32,0.001,3,0.1,0.001,1.0,0.5120555555555556,1.2192925462140687,0.8903333333333333,0.7083333333333334,0.32066666666666666,0.17233333333333334,0.2786666666666667,0.702,50000.0,0:07:17.696238,14343799.690513723
33,0.001,3,0.1,0.001,0.8,0.5162222222222222,1.207620293519529,0.8896666666666667,0.711,0.33366666666666667,0.171,0.2823333333333333,0.7096666666666667,50000.0,0:07:38.650638,14344258.349097488
34,0.001,3,0.1,0.001,0.6,0.5193333333333333,1.2025446169592173,0.8883333333333333,0.7123333333333334,0.3396666666666667,0.17433333333333334,0.2836666666666667,0.7176666666666667,50000.0,0:07:38.975713,14344717.332470408
35,0.001,3,0.1,0.001,0.4,0.5219444444444444,1.1993641973020999,0.8886666666666667,0.7153333333333334,0.349,0.17333333333333334,0.2836666666666667,0.7216666666666667,50000.0,0:07:43.677441,14345181.017534247
36,0.001,3,0.1,0.01,1.0,0.5122777777777778,1.2192833246573336,0.8896666666666667,0.7076666666666667,0.324,0.17166666666666666,0.2786666666666667,0.702,50000.0,0:07:18.209839,14345619.235022219
37,0.001,3,0.1,0.01,0.8,0.5162777777777777,1.2076038920957446,0.8896666666666667,0.711,0.33366666666666667,0.17033333333333334,0.2833333333333333,0.7096666666666667,50000.0,0:07:34.963066,14346074.206011932
38,0.001,3,0.1,0.01,0.6,0.5194444444444445,1.2025394014670474,0.888,0.713,0.34,0.17466666666666666,0.2833333333333333,0.7176666666666667,50000.0,0:07:40.920725,14346535.134412173
39,0.001,3,0.1,0.01,0.4,0.5223333333333333,1.1993216681392551,0.889,0.7153333333333334,0.349,0.17333333333333334,0.2846666666666667,0.7226666666666667,50000.0,0:07:42.762123,14346997.904237408
40,0.001,3,0.1,0.1,1.0,0.5126666666666667,1.2190900511379812,0.89,0.708,0.32166666666666666,0.17166666666666666,0.2823333333333333,0.7023333333333334,50000.0,0:07:18.402750,14347436.316236332
41,0.001,3,0.1,0.1,0.8,0.516,1.207626655316045,0.8893333333333333,0.7106666666666667,0.33266666666666667,0.17066666666666666,0.2833333333333333,0.7093333333333334,50000.0,0:07:35.832413,14347892.156372054
42,0.001,3,0.1,0.1,0.6,0.5192777777777777,1.2025208051832599,0.888,0.7126666666666667,0.3396666666666667,0.17366666666666666,0.2836666666666667,0.718,50000.0,0:07:41.192671,14348353.356768249
43,0.001,3,0.1,0.1,0.4,0.5222222222222223,1.1992208022817181,0.889,0.7153333333333334,0.34933333333333333,0.17366666666666666,0.284,0.722,50000.0,0:07:41.748288,14348815.112787751
44,0.001,3,0.1,1.0,1.0,0.512,1.2195725333478828,0.8903333333333333,0.708,0.321,0.16933333333333334,0.2803333333333333,0.703,50000.0,0:07:17.990075,14349253.110593077
45,0.001,3,0.1,1.0,0.8,0.5151666666666667,1.2078388450706448,0.8893333333333333,0.7116666666666667,0.3313333333333333,0.171,0.2793333333333333,0.7083333333333334,50000.0,0:07:35.325943,14349708.44454504
46,0.001,3,0.1,1.0,0.6,0.5189444444444444,1.20281104955597,0.8876666666666667,0.713,0.33866666666666667,0.17566666666666667,0.2796666666666667,0.719,50000.0,0:07:38.295111,14350166.747452851
47,0.001,3,0.1,1.0,0.4,0.5213333333333333,1.1994279811687574,0.8876666666666667,0.7146666666666667,0.347,0.175,0.2823333333333333,0.7213333333333334,50000.0,0:07:41.747926,14350628.503122702
48,0.001,3,1.0,0.001,1.0,0.5122222222222222,1.2193504124861987,0.8913333333333333,0.7116666666666667,0.32766666666666666,0.15833333333333333,0.2786666666666667,0.7056666666666667,50000.0,0:06:36.592158,14351025.103050267
49,0.001,3,1.0,0.001,0.8,0.5162777777777777,1.2076099440048844,0.8896666666666667,0.7106666666666667,0.33366666666666667,0.17066666666666666,0.2833333333333333,0.7096666666666667,50000.0,0:07:35.264083,14351480.374885783
50,0.001,3,1.0,0.001,0.6,0.5192777777777777,1.2025698985610156,0.8883333333333333,0.7123333333333334,0.339,0.17466666666666666,0.2833333333333333,0.718,50000.0,0:07:40.166615,14351940.549848812
51,0.001,3,1.0,0.001,0.4,0.5220555555555556,1.1993705455541543,0.8886666666666667,0.7156666666666667,0.349,0.173,0.2836666666666667,0.7223333333333334,50000.0,0:07:42.068801,14352402.626450717
52,0.001,3,1.0,0.01,1.0,0.5122777777777778,1.2192939085999797,0.8913333333333333,0.7126666666666667,0.3273333333333333,0.16033333333333333,0.278,0.704,50000.0,0:06:38.324099,14352800.95831694
53,0.001,3,1.0,0.01,0.8,0.5160555555555556,1.207617342857718,0.8896666666666667,0.7103333333333334,0.333,0.17066666666666666,0.283,0.7096666666666667,50000.0,0:07:35.355969,14353256.322419165
54,0.001,3,1.0,0.01,0.6,0.5196111111111111,1.2025548986958763,0.8883333333333333,0.7133333333333334,0.3396666666666667,0.17433333333333334,0.2833333333333333,0.7186666666666667,50000.0,0:07:40.339030,14353716.669586468
55,0.001,3,1.0,0.01,0.4,0.522,1.1993505204932562,0.889,0.7153333333333334,0.34933333333333333,0.173,0.2833333333333333,0.722,50000.0,0:07:41.733717,14354178.412842778
56,0.001,3,1.0,0.1,1.0,0.5119444444444444,1.219359495116979,0.8913333333333333,0.712,0.326,0.16,0.2776666666666667,0.7046666666666667,50000.0,0:06:37.402200,14354575.823217155
57,0.001,3,1.0,0.1,0.8,0.5160555555555556,1.2076177713350051,0.8893333333333333,0.7106666666666667,0.33266666666666667,0.171,0.2833333333333333,0.7093333333333334,50000.0,0:07:35.378983,14355031.210057339
58,0.001,3,1.0,0.1,0.6,0.5194444444444445,1.2025430833963404,0.888,0.713,0.3396666666666667,0.174,0.284,0.718,50000.0,0:07:40.307004,14355491.524927149
59,0.001,3,1.0,0.1,0.4,0.5222222222222223,1.1992503368026728,0.8893333333333333,0.7156666666666667,0.34933333333333333,0.17333333333333334,0.2836666666666667,0.722,50000.0,0:07:42.359452,14355953.892287048
60,0.001,3,1.0,1.0,1.0,0.5114444444444445,1.2196270003689766,0.8923333333333333,0.7126666666666667,0.323,0.15933333333333333,0.2753333333333333,0.706,50000.0,0:06:35.549148,14356349.44935566
61,0.001,3,1.0,1.0,0.8,0.5154444444444445,1.207841612392188,0.8896666666666667,0.712,0.33166666666666667,0.171,0.28,0.7083333333333334,50000.0,0:07:34.094837,14356803.552420404
62,0.001,3,1.0,1.0,0.6,0.5189444444444444,1.2028210564356603,0.888,0.7126666666666667,0.3393333333333333,0.17533333333333334,0.28,0.7183333333333334,50000.0,0:07:39.845109,14357263.405759322
63,0.001,3,1.0,1.0,0.4,0.5212777777777777,1.1994239731692296,0.8876666666666667,0.7146666666666667,0.3466666666666667,0.17466666666666666,0.283,0.721,50000.0,0:07:41.401461,14357724.81513704
64,0.001,4,0.001,0.001,1.0,0.5178888888888888,1.1866591076808666,0.8893333333333333,0.7103333333333334,0.33266666666666667,0.188,0.2836666666666667,0.7033333333333334,50000.0,0:10:56.746886,14358381.570195872
65,0.001,4,0.001,0.001,0.8,0.5276111111111111,1.1730482817050236,0.8876666666666667,0.7193333333333334,0.347,0.19533333333333333,0.2916666666666667,0.7246666666666667,50000.0,0:11:26.432074,14359068.010163303
66,0.001,4,0.001,0.001,0.6,0.5313333333333333,1.169182104138994,0.8866666666666667,0.7196666666666667,0.35333333333333333,0.2,0.2956666666666667,0.7326666666666667,50000.0,0:12:05.011912,14359793.03003289
67,0.001,4,0.001,0.001,0.4,0.5310555555555555,1.1682565869901336,0.8843333333333333,0.719,0.36,0.19966666666666666,0.28933333333333333,0.734,50000.0,0:12:04.528786,14360517.566742927
68,0.001,4,0.001,0.01,1.0,0.5187777777777778,1.1865807512809214,0.8886666666666667,0.7113333333333334,0.32966666666666666,0.18933333333333333,0.2853333333333333,0.7083333333333334,50000.0,0:12:09.719998,14361247.29533309
69,0.001,4,0.001,0.01,0.8,0.5277222222222222,1.1730445592429184,0.8876666666666667,0.719,0.3476666666666667,0.195,0.29133333333333333,0.7256666666666667,50000.0,0:12:15.082311,14361982.385570172
70,0.001,4,0.001,0.01,0.6,0.5312222222222223,1.1691530345555228,0.887,0.7193333333333334,0.35333333333333333,0.20033333333333334,0.295,0.7323333333333333,50000.0,0:11:48.074747,14362690.469965383
71,0.001,4,0.001,0.01,0.4,0.5314444444444445,1.1682706149206787,0.8846666666666667,0.7193333333333334,0.36033333333333334,0.19866666666666666,0.29133333333333333,0.7343333333333333,50000.0,0:11:33.056334,14363383.534862548
72,0.001,4,0.001,0.1,1.0,0.5181666666666667,1.1862181464452486,0.8883333333333333,0.71,0.33,0.18933333333333333,0.2836666666666667,0.7076666666666667,50000.0,0:10:55.518393,14364039.061872318
73,0.001,4,0.001,0.1,0.8,0.5277222222222222,1.1729993673137953,0.8883333333333333,0.719,0.347,0.19566666666666666,0.2906666666666667,0.7256666666666667,50000.0,0:11:24.278086,14364723.348322388
74,0.001,4,0.001,0.1,0.6,0.5316111111111111,1.1691477306732254,0.8866666666666667,0.72,0.354,0.20166666666666666,0.295,0.7323333333333333,50000.0,0:12:18.848197,14365462.204771549
75,0.001,4,0.001,0.1,0.4,0.5320555555555555,1.16809365719736,0.8846666666666667,0.7196666666666667,0.36233333333333334,0.199,0.292,0.7346666666666667,50000.0,0:11:55.908802,14366178.121554278
76,0.001,4,0.001,1.0,1.0,0.5192222222222223,1.185872544753753,0.8886666666666667,0.712,0.3363333333333333,0.186,0.28633333333333333,0.706,50000.0,0:11:13.764741,14366851.894269273
77,0.001,4,0.001,1.0,0.8,0.5275,1.173248421209613,0.8873333333333333,0.7203333333333334,0.3453333333333333,0.19466666666666665,0.292,0.7253333333333334,50000.0,0:12:19.540074,14367591.442310048
78,0.001,4,0.001,1.0,0.6,0.5303333333333333,1.1696748451579007,0.8873333333333333,0.721,0.3486666666666667,0.20066666666666666,0.294,0.7303333333333333,50000.0,0:11:36.969070,14368288.424995927
79,0.001,4,0.001,1.0,0.4,0.5312222222222223,1.1686391744997082,0.8853333333333333,0.7183333333333334,0.3576666666666667,0.2,0.29133333333333333,0.7346666666666667,50000.0,0:12:17.816450,14369026.249467328
80,0.001,4,0.01,0.001,1.0,0.518,1.1864883560352586,0.8886666666666667,0.712,0.33166666666666667,0.18833333333333332,0.2803333333333333,0.707,50000.0,0:11:53.067410,14369739.32484918
81,0.001,4,0.01,0.001,0.8,0.5275555555555556,1.1730509169970658,0.8876666666666667,0.7193333333333334,0.347,0.19533333333333333,0.29133333333333333,0.7246666666666667,50000.0,0:11:47.582568,14370446.9157271
82,0.001,4,0.01,0.001,0.6,0.5311666666666667,1.169188859804694,0.887,0.72,0.35133333333333333,0.20033333333333334,0.296,0.7323333333333333,50000.0,0:11:46.660297,14371153.58402474
83,0.001,4,0.01,0.001,0.4,0.5309444444444444,1.1682591048982753,0.8846666666666667,0.7186666666666667,0.36,0.19933333333333333,0.2896666666666667,0.7333333333333333,50000.0,0:11:32.539547,14371846.131876623
84,0.001,4,0.01,0.01,1.0,0.5188888888888888,1.1867460054729297,0.8876666666666667,0.712,0.333,0.19033333333333333,0.2816666666666667,0.7086666666666667,50000.0,0:10:55.056467,14372501.196995474
85,0.001,4,0.01,0.01,0.8,0.5275,1.17304876020798,0.888,0.7193333333333334,0.3473333333333333,0.19466666666666665,0.29033333333333333,0.7253333333333334,50000.0,0:11:25.499604,14373186.70632081
86,0.001,4,0.01,0.01,0.6,0.5313333333333333,1.1691711623016556,0.887,0.72,0.353,0.20066666666666666,0.29533333333333334,0.732,50000.0,0:11:29.694642,14373876.408952331
87,0.001,4,0.01,0.01,0.4,0.5307777777777778,1.1682453085951074,0.8846666666666667,0.719,0.3586666666666667,0.19833333333333333,0.29,0.734,50000.0,0:11:31.783076,14374568.200025637
88,0.001,4,0.01,0.1,1.0,0.5182777777777777,1.1861450243705658,0.888,0.7123333333333334,0.33266666666666667,0.19133333333333333,0.28,0.7053333333333334,50000.0,0:10:53.231251,14375221.439261649
89,0.001,4,0.01,0.1,0.8,0.5279444444444444,1.1730231215836429,0.8883333333333333,0.719,0.347,0.19566666666666666,0.292,0.7256666666666667,50000.0,0:11:22.949117,14375904.396401132
90,0.001,4,0.01,0.1,0.6,0.5315555555555556,1.1691429045328985,0.8866666666666667,0.72,0.354,0.202,0.2946666666666667,0.732,50000.0,0:11:28.050540,14376592.45495224
91,0.001,4,0.01,0.1,0.4,0.5318333333333334,1.1681219240006917,0.885,0.72,0.36033333333333334,0.19866666666666666,0.292,0.735,50000.0,0:11:31.861431,14377284.32504566
92,0.001,4,0.01,1.0,1.0,0.5196111111111111,1.1860044477933303,0.8886666666666667,0.712,0.33766666666666667,0.19,0.2833333333333333,0.706,50000.0,0:10:55.529508,14377939.862579769
93,0.001,4,0.01,1.0,0.8,0.5273333333333333,1.173253037241296,0.887,0.7203333333333334,0.3456666666666667,0.194,0.29133333333333333,0.7256666666666667,50000.0,0:11:25.707247,14378625.577826833
94,0.001,4,0.01,1.0,0.6,0.5299444444444444,1.1696663138688412,0.887,0.7206666666666667,0.349,0.20033333333333334,0.2926666666666667,0.73,50000.0,0:11:28.811282,14379314.397231083
95,0.001,4,0.01,1.0,0.4,0.5308333333333334,1.1686511136747697,0.885,0.7186666666666667,0.3566666666666667,0.19933333333333333,0.2906666666666667,0.7346666666666667,50000.0,0:11:33.003649,14380007.408952435
96,0.001,4,0.1,0.001,1.0,0.5192222222222223,1.1866742800994627,0.8883333333333333,0.7113333333333334,0.33166666666666667,0.18833333333333332,0.287,0.7086666666666667,50000.0,0:10:54.238730,14380661.655787328
97,0.001,4,0.1,0.001,0.8,0.5275555555555556,1.1730339860959422,0.8876666666666667,0.7193333333333334,0.3473333333333333,0.194,0.292,0.725,50000.0,0:11:22.558697,14381344.222550316
98,0.001,4,0.1,0.001,0.6,0.5314444444444445,1.1691740291966297,0.887,0.7196666666666667,0.3526666666666667,0.20033333333333334,0.2966666666666667,0.7323333333333333,50000.0,0:11:28.444018,14382032.675248835
99,0.001,4,0.1,0.001,0.4,0.5311111111111111,1.1682689147494036,0.885,0.719,0.35933333333333334,0.19933333333333333,0.2896666666666667,0.7343333333333333,50000.0,0:11:30.693389,14382723.377320755
100,0.001,4,0.1,0.01,1.0,0.5189444444444444,1.1863025929432451,0.8873333333333333,0.7096666666666667,0.3303333333333333,0.19166666666666668,0.28733333333333333,0.7073333333333334,50000.0,0:10:54.937716,14383378.32487305
101,0.001,4,0.1,0.01,0.8,0.5274444444444445,1.1730526302468105,0.888,0.7193333333333334,0.347,0.19433333333333333,0.2906666666666667,0.7253333333333334,50000.0,0:11:22.584816,14384060.91785288
102,0.001,4,0.1,0.01,0.6,0.5312777777777777,1.169170625542182,0.887,0.7203333333333334,0.35233333333333333,0.20033333333333334,0.296,0.7316666666666667,50000.0,0:11:28.937105,14384749.86307062
103,0.001,4,0.1,0.01,0.4,0.5309444444444444,1.1682572546382242,0.8846666666666667,0.719,0.35933333333333334,0.19833333333333333,0.29033333333333333,0.734,50000.0,0:11:30.094941,14385439.966142263
104,0.001,4,0.1,0.1,1.0,0.5177222222222222,1.1861454975725987,0.8876666666666667,0.709,0.332,0.18866666666666668,0.2803333333333333,0.7086666666666667,50000.0,0:10:53.164368,14386093.139021453
105,0.001,4,0.1,0.1,0.8,0.5275,1.1730134078048224,0.888,0.719,0.3473333333333333,0.19433333333333333,0.291,0.7253333333333334,50000.0,0:11:22.567265,14386775.714429423
106,0.001,4,0.1,0.1,0.6,0.5318333333333334,1.1691384454519158,0.8866666666666667,0.72,0.354,0.20366666666666666,0.29433333333333334,0.7323333333333333,50000.0,0:11:27.707516,14387463.430086195
107,0.001,4,0.1,0.1,0.4,0.5323888888888889,1.1680745322609736,0.8853333333333333,0.7186666666666667,0.362,0.20133333333333334,0.29233333333333333,0.7346666666666667,50000.0,0:11:32.281030,14388155.719283955
108,0.001,4,0.1,1.0,1.0,0.5193888888888889,1.1862102662103584,0.8893333333333333,0.711,0.3343333333333333,0.19,0.2826666666666667,0.709,50000.0,0:10:56.095141,14388811.82264194
109,0.001,4,0.1,1.0,0.8,0.5273888888888889,1.1732518501702456,0.8873333333333333,0.72,0.345,0.194,0.292,0.726,50000.0,0:11:23.989910,14389495.821089843
110,0.001,4,0.1,1.0,0.6,0.5303333333333333,1.1696583949308257,0.887,0.7206666666666667,0.34933333333333333,0.202,0.29233333333333333,0.7306666666666667,50000.0,0:11:27.333052,14390183.162895545
111,0.001,4,0.1,1.0,0.4,0.5311666666666667,1.1686308591836185,0.885,0.718,0.3576666666666667,0.19966666666666666,0.2916666666666667,0.735,50000.0,0:11:32.554729,14390875.725832716
112,0.001,4,1.0,0.001,1.0,0.5176111111111111,1.1851928706404573,0.8906666666666667,0.7116666666666667,0.3373333333333333,0.163,0.28733333333333333,0.7156666666666667,50000.0,0:08:58.427016,14391414.161042385
113,0.001,4,1.0,0.001,0.8,0.5276111111111111,1.1730864805405146,0.8876666666666667,0.7196666666666667,0.3473333333333333,0.19533333333333333,0.29133333333333333,0.7243333333333334,50000.0,0:11:21.166559,14392095.335786277
114,0.001,4,1.0,0.001,0.6,0.5312777777777777,1.1692175662588888,0.887,0.7206666666666667,0.353,0.2,0.29533333333333334,0.7316666666666667,50000.0,0:11:26.075765,14392781.419779638
115,0.001,4,1.0,0.001,0.4,0.5307222222222222,1.1682881916946237,0.885,0.7193333333333334,0.358,0.199,0.28833333333333333,0.7346666666666667,50000.0,0:11:28.745386,14393470.175653964
116,0.001,4,1.0,0.01,1.0,0.5186666666666667,1.1847559301903607,0.8913333333333333,0.7123333333333334,0.337,0.169,0.2856666666666667,0.7166666666666667,50000.0,0:09:00.622690,14394010.806541773
117,0.001,4,1.0,0.01,0.8,0.5281111111111111,1.1730588231332642,0.888,0.7196666666666667,0.3473333333333333,0.19633333333333333,0.29233333333333333,0.725,50000.0,0:11:21.396153,14394692.210947176
118,0.001,4,1.0,0.01,0.6,0.5313888888888889,1.1691795059785464,0.887,0.7196666666666667,0.35233333333333333,0.202,0.29533333333333334,0.732,50000.0,0:11:25.126989,14395377.346176416
119,0.001,4,1.0,0.01,0.4,0.5311666666666667,1.1683174237609444,0.8856666666666667,0.7193333333333334,0.36033333333333334,0.198,0.289,0.7346666666666667,50000.0,0:11:28.330796,14396065.685212323
120,0.001,4,1.0,0.1,1.0,0.5181666666666667,1.185038814619104,0.8903333333333333,0.7126666666666667,0.335,0.164,0.29033333333333333,0.7166666666666667,50000.0,0:08:57.660091,14396603.353612063
121,0.001,4,1.0,0.1,0.8,0.5275555555555556,1.1730397114275262,0.8886666666666667,0.719,0.347,0.19466666666666665,0.2906666666666667,0.7253333333333334,50000.0,0:11:19.765722,14397283.12761026
122,0.001,4,1.0,0.1,0.6,0.5313333333333333,1.1691731964921546,0.8866666666666667,0.7196666666666667,0.354,0.20133333333333334,0.295,0.7313333333333333,50000.0,0:11:26.128756,14397969.26463398
123,0.001,4,1.0,0.1,0.4,0.5318333333333334,1.1681628032325913,0.8853333333333333,0.719,0.36133333333333334,0.19933333333333333,0.29133333333333333,0.7346666666666667,50000.0,0:11:27.623505,14398656.89642062
124,0.001,4,1.0,1.0,1.0,0.5184444444444445,1.1849315638829405,0.8883333333333333,0.7176666666666667,0.33666666666666667,0.166,0.2876666666666667,0.7143333333333334,50000.0,0:08:58.467368,14399195.372087056
125,0.001,4,1.0,1.0,0.8,0.5273888888888889,1.1732373719568236,0.8873333333333333,0.7203333333333334,0.3446666666666667,0.195,0.29133333333333333,0.7256666666666667,50000.0,0:11:22.632306,14399878.012705492
126,0.001,4,1.0,1.0,0.6,0.53,1.1696768233657537,0.8873333333333333,0.721,0.3486666666666667,0.2,0.292,0.731,50000.0,0:11:27.245691,14400565.266712764
127,0.001,4,1.0,1.0,0.4,0.5317222222222222,1.1686901282318618,0.8853333333333333,0.7193333333333334,0.35833333333333334,0.20033333333333334,0.292,0.735,50000.0,0:11:27.470724,14401252.745746933
128,0.001,5,0.001,0.001,1.0,0.5235555555555556,1.1698888068642224,0.88,0.714,0.33266666666666667,0.21266666666666667,0.2976666666666667,0.7043333333333334,50000.0,0:16:00.505943,14402213.259990446
129,0.001,5,0.001,0.001,0.8,0.535,1.1524908795578293,0.882,0.724,0.35733333333333334,0.218,0.30333333333333334,0.7253333333333334,50000.0,0:16:46.300774,14403219.569117269
130,0.001,5,0.001,0.001,0.6,0.5357777777777778,1.1495884408842436,0.882,0.7206666666666667,0.36533333333333334,0.21733333333333332,0.29733333333333334,0.732,50000.0,0:16:54.176994,14404233.756145518
131,0.001,5,0.001,0.001,0.4,0.5368888888888889,1.149911834282459,0.881,0.7213333333333334,0.36933333333333335,0.22166666666666668,0.294,0.734,50000.0,0:16:55.663026,14405249.427527556
132,0.001,5,0.001,0.01,1.0,0.5225,1.1705417215802354,0.88,0.7126666666666667,0.33366666666666667,0.20866666666666667,0.29533333333333334,0.7046666666666667,50000.0,0:15:55.316205,14406204.752086604
133,0.001,5,0.001,0.01,0.8,0.5350555555555555,1.1525053208859695,0.882,0.723,0.35733333333333334,0.219,0.30333333333333334,0.7256666666666667,50000.0,0:16:41.909440,14407206.669871068
134,0.001,5,0.001,0.01,0.6,0.5353333333333333,1.1496050238412385,0.882,0.72,0.36433333333333334,0.21533333333333332,0.3,0.7303333333333333,50000.0,0:16:51.020656,14408217.698890904
135,0.001,5,0.001,0.01,0.4,0.5369444444444444,1.1499416113583456,0.8806666666666667,0.721,0.37033333333333335,0.221,0.2936666666666667,0.735,50000.0,0:16:52.537213,14409230.244497892
136,0.001,5,0.001,0.1,1.0,0.5228333333333334,1.169698514973096,0.8816666666666667,0.7123333333333334,0.33566666666666667,0.20733333333333334,0.295,0.705,50000.0,0:15:54.759468,14410185.012345795
137,0.001,5,0.001,0.1,0.8,0.5351111111111111,1.1524717164395188,0.8826666666666667,0.723,0.35733333333333334,0.21733333333333332,0.30466666666666664,0.7256666666666667,50000.0,0:16:44.238912,14411189.26025852
138,0.001,5,0.001,0.1,0.6,0.5354444444444444,1.1496467861358557,0.8826666666666667,0.7206666666666667,0.364,0.216,0.29933333333333334,0.73,50000.0,0:16:49.193356,14412198.462636733
139,0.001,5,0.001,0.1,0.4,0.5366666666666666,1.1500057624253095,0.8803333333333333,0.7203333333333334,0.368,0.22166666666666668,0.2946666666666667,0.735,50000.0,0:16:49.831284,14413208.30295548
140,0.001,5,0.001,1.0,1.0,0.5245,1.1693088787793817,0.8833333333333333,0.714,0.336,0.20833333333333334,0.29833333333333334,0.707,50000.0,0:16:11.467799,14414179.779806824
141,0.001,5,0.001,1.0,0.8,0.5347222222222222,1.152865967678286,0.883,0.7243333333333334,0.35733333333333334,0.21466666666666667,0.30266666666666664,0.7263333333333334,50000.0,0:17:02.531085,14415202.31934761
142,0.001,5,0.001,1.0,0.6,0.5356111111111111,1.1504293032210051,0.882,0.7216666666666667,0.3626666666666667,0.21833333333333332,0.2966666666666667,0.7323333333333333,50000.0,0:23:48.647326,14416630.975120693
143,0.001,5,0.001,1.0,0.4,0.5350555555555555,1.1513049146246852,0.8796666666666667,0.7183333333333334,0.36233333333333334,0.22133333333333333,0.294,0.7346666666666667,50000.0,0:20:45.943891,14417879.803762877
144,0.001,5,0.01,0.001,1.0,0.5241666666666667,1.1705607731764307,0.8816666666666667,0.713,0.338,0.21066666666666667,0.29533333333333334,0.7063333333333334,50000.0,0:15:48.274818,14418828.140405787
145,0.001,5,0.01,0.001,0.8,0.5349444444444444,1.1524833835985073,0.882,0.7236666666666667,0.35633333333333334,0.21866666666666668,0.30333333333333334,0.7256666666666667,50000.0,0:17:44.236257,14419892.388148064
146,0.001,5,0.01,0.001,0.6,0.5357777777777778,1.1495932352293705,0.882,0.7206666666666667,0.364,0.21766666666666667,0.2986666666666667,0.7316666666666667,50000.0,0:20:35.421244,14421127.818739848
147,0.001,5,0.01,0.001,0.4,0.5362777777777777,1.1499196114037264,0.881,0.7213333333333334,0.36866666666666664,0.219,0.293,0.7346666666666667,50000.0,0:19:46.225535,14422314.053284455
148,0.001,5,0.01,0.01,1.0,0.5238333333333334,1.1700785184852116,0.882,0.7116666666666667,0.33566666666666667,0.20766666666666667,0.30266666666666664,0.7033333333333334,50000.0,0:15:50.551970,14423264.619982813
149,0.001,5,0.01,0.01,0.8,0.5345555555555556,1.152482755625877,0.882,0.723,0.35533333333333333,0.218,0.30366666666666664,0.7253333333333334,50000.0,0:16:39.772590,14424264.4019627
150,0.001,5,0.01,0.01,0.6,0.5357222222222222,1.1495789152326998,0.882,0.72,0.364,0.21833333333333332,0.29933333333333334,0.7306666666666667,50000.0,0:16:48.133622,14425272.544945257
151,0.001,5,0.01,0.01,0.4,0.5367777777777778,1.149953258230671,0.8806666666666667,0.721,0.37,0.22133333333333333,0.292,0.7356666666666667,50000.0,0:16:50.259835,14426282.818924371
152,0.001,5,0.01,0.1,1.0,0.5217777777777778,1.1700634021076626,0.8793333333333333,0.713,0.334,0.20633333333333334,0.2936666666666667,0.7043333333333334,49999.0,0:15:53.626520,14427236.460181478
153,0.001,5,0.01,0.1,0.8,0.5347777777777778,1.152451379643832,0.8823333333333333,0.723,0.356,0.21733333333333332,0.30466666666666664,0.7253333333333334,50000.0,0:16:37.718984,14428234.18818569
154,0.001,5,0.01,0.1,0.6,0.5354444444444444,1.1496548517676874,0.8826666666666667,0.721,0.364,0.21666666666666667,0.29833333333333334,0.73,50000.0,0:16:46.931527,14429241.12874134
155,0.001,5,0.01,0.1,0.4,0.5363888888888889,1.1500162857661371,0.88,0.721,0.36733333333333335,0.22,0.295,0.735,50000.0,0:16:44.491221,14430245.629438238
156,0.001,5,0.01,1.0,1.0,0.5249444444444444,1.1689564825748144,0.8836666666666667,0.7163333333333334,0.3313333333333333,0.209,0.3,0.7093333333333334,50000.0,0:16:14.316869,14431219.95594491
157,0.001,5,0.01,1.0,0.8,0.5345,1.152816065892339,0.8833333333333333,0.7243333333333334,0.3566666666666667,0.214,0.302,0.7266666666666667,50000.0,0:20:14.875090,14432434.84011492
158,0.001,5,0.01,1.0,0.6,0.5355555555555556,1.1504326133200904,0.8813333333333333,0.7226666666666667,0.3626666666666667,0.21766666666666667,0.2966666666666667,0.7323333333333333,50000.0,0:16:48.351133,14433443.205644509
159,0.001,5,0.01,1.0,0.4,0.5349444444444444,1.1512818460591083,0.8796666666666667,0.718,0.3616666666666667,0.22133333333333333,0.294,0.735,50000.0,0:16:46.210073,14434449.424702281
160,0.001,5,0.1,0.001,1.0,0.523,1.1700209662889063,0.8813333333333333,0.7123333333333334,0.337,0.206,0.298,0.7033333333333334,50000.0,0:15:52.403302,14435401.840734966
161,0.001,5,0.1,0.001,0.8,0.5349444444444444,1.152487536169036,0.882,0.724,0.35733333333333334,0.21833333333333332,0.303,0.725,50000.0,0:16:38.515919,14436400.365714636
162,0.001,5,0.1,0.001,0.6,0.5352777777777777,1.1495707707887255,0.882,0.721,0.36333333333333334,0.217,0.29733333333333334,0.731,50000.0,0:16:43.801341,14437404.181482323
163,0.001,5,0.1,0.001,0.4,0.5371111111111111,1.1499166832938914,0.8806666666666667,0.7216666666666667,0.37,0.22166666666666668,0.29333333333333333,0.7353333333333333,50000.0,0:16:45.946661,14438410.137238704
164,0.001,5,0.1,0.01,1.0,0.5227777777777778,1.1698270290377635,0.8813333333333333,0.713,0.33266666666666667,0.21033333333333334,0.29633333333333334,0.703,50000.0,0:15:48.784707,14439358.931050748
165,0.001,5,0.1,0.01,0.8,0.5345555555555556,1.1524524330571746,0.882,0.723,0.356,0.218,0.30266666666666664,0.7256666666666667,50000.0,0:16:38.434284,14440357.379545556
166,0.001,5,0.1,0.01,0.6,0.5352222222222223,1.1495863420942134,0.882,0.72,0.3626666666666667,0.21866666666666668,0.2976666666666667,0.7303333333333333,50000.0,0:16:44.680217,14441362.068833113
167,0.001,5,0.1,0.01,0.4,0.5371111111111111,1.1498868999039025,0.881,0.721,0.371,0.22266666666666668,0.292,0.735,50000.0,0:16:47.106127,14442369.184071356
168,0.001,5,0.1,0.1,1.0,0.5235,1.1699960467766144,0.88,0.7153333333333334,0.33666666666666667,0.206,0.29733333333333334,0.7056666666666667,50000.0,0:15:48.274192,14443317.467329964
169,0.001,5,0.1,0.1,0.8,0.535,1.1524358200419165,0.8823333333333333,0.7226666666666667,0.357,0.217,0.30466666666666664,0.7263333333333334,50000.0,0:16:37.886797,14444315.363645269
170,0.001,5,0.1,0.1,0.6,0.5355555555555556,1.1496505094811624,0.8826666666666667,0.7213333333333334,0.3626666666666667,0.21666666666666667,0.29933333333333334,0.7306666666666667,50000.0,0:16:45.184495,14445320.5572689
171,0.001,5,0.1,0.1,0.4,0.5363333333333333,1.149988085352229,0.88,0.7213333333333334,0.368,0.221,0.2926666666666667,0.735,50000.0,0:16:45.536726,14446326.10307046
172,0.001,5,0.1,1.0,1.0,0.5249444444444444,1.1690852985470601,0.8833333333333333,0.7183333333333334,0.3353333333333333,0.20933333333333334,0.29833333333333334,0.705,50000.0,0:15:51.517776,14447277.635021655
173,0.001,5,0.1,1.0,0.8,0.5344444444444445,1.1528149413513384,0.883,0.724,0.356,0.214,0.30266666666666664,0.727,50000.0,0:16:38.398770,14448276.048052073
174,0.001,5,0.1,1.0,0.6,0.5357777777777778,1.1503929512020097,0.8816666666666667,0.7226666666666667,0.36233333333333334,0.218,0.297,0.733,50000.0,0:17:18.583325,14449314.641182773
175,0.001,5,0.1,1.0,0.4,0.5346666666666666,1.1512995128465806,0.8793333333333333,0.7183333333333334,0.362,0.22066666666666668,0.29333333333333333,0.7343333333333333,50000.0,0:17:26.322746,14450360.974793589
176,0.001,5,1.0,0.001,1.0,0.5246666666666666,1.1654500786657904,0.8833333333333333,0.724,0.345,0.17833333333333334,0.30266666666666664,0.7146666666666667,50000.0,0:11:50.265892,14451071.250484645
177,0.001,5,1.0,0.001,0.8,0.5348888888888889,1.1525159238769174,0.8823333333333333,0.7226666666666667,0.3586666666666667,0.21633333333333332,0.304,0.7253333333333334,50000.0,0:16:15.074092,14452046.334046388
178,0.001,5,1.0,0.001,0.6,0.5361111111111111,1.1497094051860168,0.882,0.721,0.365,0.21766666666666667,0.298,0.733,50000.0,0:16:31.679324,14453038.022580467
179,0.001,5,1.0,0.001,0.4,0.5368888888888889,1.1500924019459582,0.8803333333333333,0.722,0.36866666666666664,0.22333333333333333,0.2916666666666667,0.7353333333333333,50000.0,0:16:29.701737,14454027.733657433
180,0.001,5,1.0,0.01,1.0,0.5252777777777777,1.1657359072061764,0.8826666666666667,0.7226666666666667,0.34833333333333333,0.182,0.303,0.713,50000.0,0:11:49.547988,14454737.296435213
181,0.001,5,1.0,0.01,0.8,0.5348333333333334,1.1525084212147803,0.882,0.7236666666666667,0.3586666666666667,0.215,0.304,0.7256666666666667,50000.0,0:16:18.868219,14455716.173863592
182,0.001,5,1.0,0.01,0.6,0.5356666666666666,1.1497202865180278,0.882,0.721,0.36333333333333334,0.21633333333333332,0.2996666666666667,0.7316666666666667,50000.0,0:16:30.455002,14456706.638063451
183,0.001,5,1.0,0.01,0.4,0.5370555555555555,1.1499834234062474,0.8806666666666667,0.7213333333333334,0.36966666666666664,0.22333333333333333,0.2926666666666667,0.7346666666666667,50000.0,0:16:29.064386,14457695.716981605
184,0.001,5,1.0,0.1,1.0,0.5241111111111111,1.1653113374548045,0.882,0.7193333333333334,0.3486666666666667,0.17933333333333334,0.3016666666666667,0.7136666666666667,50000.0,0:11:50.060124,14458405.786321199
185,0.001,5,1.0,0.1,0.8,0.5347777777777778,1.152490258668345,0.882,0.723,0.3566666666666667,0.21633333333333332,0.30433333333333334,0.7263333333333334,50000.0,0:16:17.646470,14459383.441969488
186,0.001,5,1.0,0.1,0.6,0.5352222222222223,1.1497791319993473,0.882,0.7216666666666667,0.3616666666666667,0.21666666666666667,0.2986666666666667,0.7306666666666667,50000.0,0:16:28.831560,14460372.2828074
187,0.001,5,1.0,0.1,0.4,0.5360555555555555,1.150063072393441,0.8803333333333333,0.722,0.36633333333333334,0.22066666666666668,0.29133333333333333,0.7356666666666667,50000.0,0:16:26.958935,14461359.25094154
188,0.001,5,1.0,1.0,1.0,0.5270555555555556,1.1648544955305173,0.886,0.7276666666666667,0.3496666666666667,0.18,0.301,0.718,50000.0,0:11:47.852987,14462067.113178357
189,0.001,5,1.0,1.0,0.8,0.5341666666666667,1.1528516166082197,0.883,0.7233333333333334,0.3556666666666667,0.214,0.3016666666666667,0.7273333333333334,50000.0,0:16:19.576088,14463046.698530596
190,0.001,5,1.0,1.0,0.6,0.5356111111111111,1.1504499572160145,0.8816666666666667,0.722,0.3616666666666667,0.21866666666666668,0.29633333333333334,0.7333333333333333,50000.0,0:16:31.255950,14464037.972856725
191,0.001,5,1.0,1.0,0.4,0.5352777777777777,1.1513060508641628,0.8793333333333333,0.719,0.362,0.22266666666666668,0.2936666666666667,0.735,50000.0,0:16:33.537914,14465031.519982329
192,0.001,6,0.001,0.001,1.0,0.5261666666666667,1.1619178902111156,0.877,0.7086666666666667,0.3403333333333333,0.23333333333333334,0.2986666666666667,0.699,49999.0,0:23:55.846378,14466467.381362677
193,0.001,6,0.001,0.001,0.8,0.5365555555555556,1.141948962914752,0.883,0.7196666666666667,0.36133333333333334,0.23066666666666666,0.309,0.7156666666666667,50000.0,0:25:27.622457,14467995.013446208
194,0.001,6,0.001,0.001,0.6,0.5373333333333333,1.139875652875225,0.8786666666666667,0.718,0.37,0.23066666666666666,0.30366666666666664,0.723,50000.0,0:25:38.005957,14469533.028992744
195,0.001,6,0.001,0.001,0.4,0.5381111111111111,1.1412542141161797,0.877,0.7153333333333334,0.367,0.23766666666666666,0.303,0.7286666666666667,50000.0,0:25:28.063666,14471061.10196944
196,0.001,6,0.001,0.01,1.0,0.5257777777777778,1.1619501903858576,0.8736666666666667,0.7103333333333334,0.3393333333333333,0.23,0.2996666666666667,0.7016666666666667,50000.0,0:23:44.154295,14472485.265662404
197,0.001,6,0.001,0.01,0.8,0.537,1.141940501620794,0.8826666666666667,0.721,0.36233333333333334,0.231,0.308,0.717,50000.0,0:25:15.031651,14474000.311774796
198,0.001,6,0.001,0.01,0.6,0.5373888888888889,1.1398994034228997,0.8786666666666667,0.7183333333333334,0.37,0.23233333333333334,0.30133333333333334,0.7236666666666667,50000.0,0:25:26.607093,14475526.928216867
199,0.001,6,0.001,0.01,0.4,0.5382222222222223,1.1412647939604328,0.8766666666666667,0.7153333333333334,0.36733333333333335,0.236,0.304,0.73,50000.0,0:25:23.306763,14477050.244336955
200,0.001,6,0.001,0.1,1.0,0.5257777777777778,1.1612699494832481,0.8766666666666667,0.7086666666666667,0.34,0.231,0.29733333333333334,0.701,49999.0,0:23:36.508014,14478466.761926552
201,0.001,6,0.001,0.1,0.8,0.5370555555555555,1.1420646266851642,0.8823333333333333,0.721,0.36233333333333334,0.23133333333333334,0.30833333333333335,0.717,50000.0,0:25:11.087532,14479977.859285893
202,0.001,6,0.001,0.1,0.6,0.5375,1.140022435132345,0.8786666666666667,0.718,0.36933333333333335,0.23366666666666666,0.3016666666666667,0.7236666666666667,50000.0,0:25:18.905133,14481496.774110377
203,0.001,6,0.001,0.1,0.4,0.5383333333333333,1.1415535671402,0.8766666666666667,0.7166666666666667,0.367,0.237,0.304,0.7286666666666667,50000.0,0:25:15.008791,14483011.792236025
204,0.001,6,0.001,1.0,1.0,0.5277222222222222,1.1598474669148175,0.8783333333333333,0.7163333333333334,0.3413333333333333,0.22866666666666666,0.301,0.7006666666666667,50000.0,0:23:40.048518,14484431.850100469
205,0.001,6,0.001,1.0,0.8,0.5366111111111111,1.1427378048811856,0.8833333333333333,0.721,0.361,0.231,0.30466666666666664,0.7186666666666667,49996.0,0:25:20.901632,14485952.762835264
206,0.001,6,0.001,1.0,0.6,0.5369444444444444,1.141164189112658,0.8786666666666667,0.7196666666666667,0.36333333333333334,0.23466666666666666,0.3,0.7253333333333334,50000.0,0:25:28.706969,14487481.479434876
207,0.001,6,0.001,1.0,0.4,0.5372222222222223,1.1431399361994434,0.8776666666666667,0.717,0.36133333333333334,0.23733333333333334,0.29933333333333334,0.7306666666666667,50000.0,0:25:24.009075,14489005.503028955
208,0.001,6,0.01,0.001,1.0,0.5277777777777778,1.1614751275403368,0.875,0.713,0.342,0.238,0.2986666666666667,0.7,50000.0,0:23:39.903532,14490425.415947923
209,0.001,6,0.01,0.001,0.8,0.5363333333333333,1.141981542482047,0.8826666666666667,0.7196666666666667,0.36,0.23,0.30933333333333335,0.7163333333333334,50000.0,0:25:08.862643,14491934.28837268
210,0.001,6,0.01,0.001,0.6,0.5370555555555555,1.1398715559560821,0.878,0.718,0.369,0.23066666666666666,0.30433333333333334,0.7223333333333334,50000.0,0:25:22.874168,14493457.171962414
211,0.001,6,0.01,0.001,0.4,0.5377222222222222,1.141254836968538,0.8766666666666667,0.7163333333333334,0.367,0.235,0.302,0.7293333333333333,50000.0,0:25:13.886190,14494971.06758552
212,0.001,6,0.01,0.01,1.0,0.5277222222222222,1.1621811029647755,0.875,0.7096666666666667,0.344,0.22933333333333333,0.30666666666666664,0.7016666666666667,50000.0,0:23:35.443968,14496386.526776873
213,0.001,6,0.01,0.01,0.8,0.5367777777777778,1.1419709092732357,0.883,0.7203333333333334,0.361,0.232,0.308,0.7163333333333334,50000.0,0:25:08.897039,14497895.433830503
214,0.001,6,0.01,0.01,0.6,0.5371111111111111,1.1398893675704767,0.8786666666666667,0.7183333333333334,0.36766666666666664,0.232,0.303,0.723,50000.0,0:25:18.993648,14499414.43725104
215,0.001,6,0.01,0.01,0.4,0.5381111111111111,1.1412453766657804,0.8766666666666667,0.716,0.36733333333333335,0.23766666666666666,0.3006666666666667,0.7303333333333333,50000.0,0:25:15.742346,14500930.189015748
216,0.001,6,0.01,0.1,1.0,0.5242777777777777,1.1612649069518892,0.8766666666666667,0.7086666666666667,0.336,0.22633333333333333,0.30033333333333334,0.6976666666666667,49999.0,0:23:32.395265,14502342.59437557
217,0.001,6,0.01,0.1,0.8,0.5367777777777778,1.1419813765055025,0.8823333333333333,0.7203333333333334,0.36133333333333334,0.23066666666666666,0.30866666666666664,0.7173333333333334,50000.0,0:41:30.224940,14504832.829426987
218,0.001,6,0.01,0.1,0.6,0.5365555555555556,1.1400073842766454,0.879,0.717,0.368,0.232,0.2996666666666667,0.7236666666666667,50000.0,0:30:10.833473,14506643.68346923
219,0.001,6,0.01,0.1,0.4,0.5382777777777777,1.1415721340276537,0.8766666666666667,0.7166666666666667,0.366,0.23766666666666666,0.304,0.7286666666666667,50000.0,0:32:18.863611,14508582.557226464
220,0.001,6,0.01,1.0,1.0,0.5275555555555556,1.160937788416616,0.875,0.709,0.3413333333333333,0.234,0.303,0.703,50000.0,0:30:24.411241,14510406.986887764
221,0.001,6,0.01,1.0,0.8,0.5366666666666666,1.1427039679839455,0.8833333333333333,0.7213333333333334,0.36233333333333334,0.22966666666666666,0.30566666666666664,0.7176666666666667,49997.0,0:32:08.951561,14512335.954310184
222,0.001,6,0.01,1.0,0.6,0.5368333333333334,1.141190056587992,0.879,0.7196666666666667,0.3636666666666667,0.23333333333333334,0.2996666666666667,0.7256666666666667,50000.0,0:32:23.802632,14514279.77314209
223,0.001,6,0.01,1.0,0.4,0.5372222222222223,1.1431696679479197,0.8773333333333333,0.717,0.3616666666666667,0.23766666666666666,0.299,0.7306666666666667,50000.0,0:32:15.779474,14516215.567975044
224,0.001,6,0.1,0.001,1.0,0.5268333333333334,1.161024687017398,0.8743333333333333,0.711,0.344,0.23566666666666666,0.297,0.699,50000.0,0:30:08.456590,14518024.040344846
225,0.001,6,0.1,0.001,0.8,0.5362777777777777,1.142007840581848,0.8826666666666667,0.72,0.3596666666666667,0.23066666666666666,0.30833333333333335,0.7163333333333334,50000.0,0:31:56.721396,14519940.777195347
226,0.001,6,0.1,0.001,0.6,0.5374444444444444,1.139842135015751,0.8786666666666667,0.7173333333333334,0.37033333333333335,0.23066666666666666,0.304,0.7236666666666667,50000.0,0:32:09.449731,14521870.242916228
227,0.001,6,0.1,0.001,0.4,0.538,1.141163026325668,0.8763333333333333,0.715,0.36666666666666664,0.23866666666666667,0.30266666666666664,0.7286666666666667,50000.0,0:32:00.848195,14523791.10657396
228,0.001,6,0.1,0.01,1.0,0.5292777777777777,1.1608686520339868,0.873,0.7113333333333334,0.344,0.24333333333333335,0.305,0.699,50000.0,0:30:07.091693,14525598.2140335
229,0.001,6,0.1,0.01,0.8,0.5364444444444444,1.1420077736337992,0.8823333333333333,0.7193333333333334,0.36133333333333334,0.231,0.30833333333333335,0.7163333333333334,50000.0,0:31:55.021230,14527513.255989537
230,0.001,6,0.1,0.01,0.6,0.5376111111111112,1.1398602715825525,0.8786666666666667,0.717,0.369,0.234,0.30366666666666664,0.7233333333333334,50000.0,0:32:11.160175,14529444.431548985
231,0.001,6,0.1,0.01,0.4,0.5377222222222222,1.1412566069027195,0.8763333333333333,0.7153333333333334,0.36766666666666664,0.23733333333333334,0.301,0.7286666666666667,50000.0,0:32:03.252565,14531367.699536735
232,0.001,6,0.1,0.1,1.0,0.5261111111111111,1.1612372517322314,0.8766666666666667,0.709,0.3383333333333333,0.23133333333333334,0.304,0.6973333333333334,50000.0,0:30:03.377342,14533171.097664846
233,0.001,6,0.1,0.1,0.8,0.5367222222222222,1.1420165870019239,0.882,0.721,0.362,0.231,0.30833333333333335,0.716,50000.0,0:31:58.723230,14535089.83748838
234,0.001,6,0.1,0.1,0.6,0.5368333333333334,1.1399777623602694,0.8786666666666667,0.7183333333333334,0.368,0.23166666666666666,0.30133333333333334,0.723,50000.0,0:32:11.227414,14537021.08549128
235,0.001,6,0.1,0.1,0.4,0.538,1.1415019568028237,0.8763333333333333,0.717,0.365,0.23666666666666666,0.305,0.728,50000.0,0:32:01.696888,14538942.800373288
236,0.001,6,0.1,1.0,1.0,0.5276111111111111,1.1604176427460489,0.8746666666666667,0.7113333333333334,0.3436666666666667,0.227,0.30433333333333334,0.7046666666666667,49999.0,0:30:12.664442,14540755.480394997
237,0.001,6,0.1,1.0,0.8,0.5362222222222223,1.142673040765793,0.883,0.721,0.3626666666666667,0.22966666666666666,0.30333333333333334,0.7176666666666667,49996.0,0:32:09.132028,14542684.628006833
238,0.001,6,0.1,1.0,0.6,0.5371111111111111,1.1411278636653792,0.8793333333333333,0.7193333333333334,0.363,0.235,0.2996666666666667,0.7263333333333334,50000.0,0:32:16.567369,14544621.210806716
239,0.001,6,0.1,1.0,0.4,0.5359444444444444,1.1430627044278976,0.8766666666666667,0.7166666666666667,0.36033333333333334,0.23533333333333334,0.29733333333333334,0.7293333333333333,50000.0,0:32:10.282317,14546551.508763313
240,0.001,6,1.0,0.001,1.0,0.5250555555555556,1.154514937150986,0.8796666666666667,0.7163333333333334,0.3496666666666667,0.187,0.30433333333333334,0.7133333333333334,50000.0,0:20:03.585631,14547755.115188243
241,0.001,6,1.0,0.001,0.8,0.537,1.141126437275893,0.8816666666666667,0.721,0.363,0.22833333333333333,0.31166666666666665,0.7163333333333334,49996.0,0:29:13.348653,14549508.479401976
242,0.001,6,1.0,0.001,0.6,0.5376111111111112,1.1398694011096109,0.879,0.7186666666666667,0.36833333333333335,0.23133333333333334,0.30333333333333334,0.725,50000.0,0:30:54.865612,14551363.360666834
243,0.001,6,1.0,0.001,0.4,0.5381111111111111,1.1412164345966744,0.8766666666666667,0.7173333333333334,0.367,0.23666666666666666,0.301,0.73,50000.0,0:30:48.568076,14553211.944737468
244,0.001,6,1.0,0.01,1.0,0.5255555555555556,1.1544684355323787,0.8776666666666667,0.7156666666666667,0.35233333333333333,0.19166666666666668,0.303,0.713,50000.0,0:20:06.351832,14554418.312174477
245,0.001,6,1.0,0.01,0.8,0.5371666666666667,1.1411157693847866,0.8816666666666667,0.7206666666666667,0.363,0.22833333333333333,0.31266666666666665,0.7166666666666667,49996.0,0:29:14.084516,14556172.412277166
246,0.001,6,1.0,0.01,0.6,0.5379444444444444,1.1398362502750197,0.879,0.7193333333333334,0.36866666666666664,0.23066666666666666,0.30333333333333334,0.7266666666666667,50000.0,0:30:52.795700,14558025.223940391
247,0.001,6,1.0,0.01,0.4,0.5377777777777778,1.141202381558234,0.8766666666666667,0.7183333333333334,0.365,0.23433333333333334,0.3016666666666667,0.7306666666666667,50000.0,0:30:45.609908,14559870.850035451
248,0.001,6,1.0,0.1,1.0,0.5245555555555556,1.1541905488103024,0.8773333333333333,0.718,0.35633333333333334,0.18866666666666668,0.29733333333333334,0.7096666666666667,50000.0,0:20:08.162615,14561079.02850614
249,0.001,6,1.0,0.1,0.8,0.5375555555555556,1.1411940853243978,0.8816666666666667,0.7223333333333334,0.36533333333333334,0.22866666666666666,0.31066666666666665,0.7166666666666667,49996.0,0:29:13.694403,14562832.738723127
250,0.001,6,1.0,0.1,0.6,0.5365555555555556,1.1398725520624375,0.8793333333333333,0.719,0.36533333333333334,0.231,0.29933333333333334,0.7253333333333334,50000.0,0:30:53.448230,14564686.208060555
251,0.001,6,1.0,0.1,0.4,0.5375555555555556,1.1414763200555715,0.8773333333333333,0.716,0.365,0.23433333333333334,0.3016666666666667,0.731,50000.0,0:30:48.415242,14566534.639169408
252,0.001,6,1.0,1.0,1.0,0.5261666666666667,1.1544794497438902,0.8796666666666667,0.7186666666666667,0.353,0.186,0.30466666666666664,0.715,50000.0,0:20:03.845061,14567738.499962013
253,0.001,6,1.0,1.0,0.8,0.5373333333333333,1.1419537151320391,0.8813333333333333,0.7213333333333334,0.36633333333333334,0.23033333333333333,0.30633333333333335,0.7183333333333334,50000.0,0:29:15.161517,14569493.677493772
254,0.001,6,1.0,1.0,0.6,0.5375,1.141113315948474,0.8796666666666667,0.7196666666666667,0.363,0.23333333333333334,0.301,0.7283333333333334,50000.0,0:30:56.488643,14571350.182018992
255,0.001,6,1.0,1.0,0.4,0.5363888888888889,1.142975958946703,0.877,0.7173333333333334,0.36033333333333334,0.236,0.2956666666666667,0.732,49992.0,0:30:48.234433,14573198.437593052
256,0.01,3,0.001,0.001,1.0,0.5309444444444444,1.1591886204224373,0.8823333333333333,0.708,0.323,0.243,0.296,0.7333333333333333,21769.0,0:04:31.218131,14573469.676688716
257,0.01,3,0.001,0.001,0.8,0.5347777777777778,1.143700120099922,0.8826666666666667,0.7133333333333334,0.336,0.23966666666666667,0.29,0.747,25062.0,0:05:22.290264,14573791.982671233
258,0.01,3,0.001,0.001,0.6,0.5357777777777778,1.1443899902674337,0.8803333333333333,0.7136666666666667,0.3466666666666667,0.23333333333333334,0.2906666666666667,0.75,22427.0,0:04:50.882761,14574082.881304292
259,0.01,3,0.001,0.001,0.4,0.5356666666666666,1.14669013664979,0.878,0.7126666666666667,0.346,0.24,0.2876666666666667,0.7496666666666667,21685.0,0:04:42.340964,14574365.238138009
260,0.01,3,0.001,0.01,1.0,0.5294444444444445,1.15896257204444,0.8826666666666667,0.7073333333333334,0.32066666666666666,0.241,0.293,0.732,24192.0,0:05:00.383156,14574665.637126634
261,0.01,3,0.001,0.01,0.8,0.5336111111111111,1.1437195352340683,0.8833333333333333,0.713,0.33466666666666667,0.23433333333333334,0.28933333333333333,0.747,24565.0,0:05:15.822094,14574981.475016931
262,0.01,3,0.001,0.01,0.6,0.5362222222222223,1.1444090657045394,0.8806666666666667,0.7136666666666667,0.346,0.23533333333333334,0.2916666666666667,0.75,22034.0,0:04:45.102243,14575266.593064385
263,0.01,3,0.001,0.01,0.4,0.5377777777777778,1.1466675421736037,0.8776666666666667,0.7143333333333334,0.34833333333333333,0.24366666666666667,0.29233333333333333,0.7503333333333333,21689.0,0:04:41.941697,14575548.550584204
264,0.01,3,0.001,0.1,1.0,0.5306666666666666,1.158553686688484,0.884,0.706,0.31333333333333335,0.24433333333333335,0.30233333333333334,0.734,26559.0,0:05:29.577567,14575878.149303235
265,0.01,3,0.001,0.1,0.8,0.5355,1.1436690977130883,0.8816666666666667,0.714,0.3363333333333333,0.24233333333333335,0.2906666666666667,0.748,25063.0,0:05:21.347502,14576199.512683528
266,0.01,3,0.001,0.1,0.6,0.5343888888888889,1.1436884562979839,0.8803333333333333,0.712,0.3443333333333333,0.233,0.28833333333333333,0.7483333333333333,22034.0,0:04:45.187296,14576484.773453688
267,0.01,3,0.001,0.1,0.4,0.5373888888888889,1.1464793713885397,0.8786666666666667,0.7146666666666667,0.3496666666666667,0.24133333333333334,0.29133333333333333,0.7486666666666667,21690.0,0:04:42.519727,14576767.309128053
268,0.01,3,0.001,1.0,1.0,0.5292777777777777,1.1576949868717843,0.8823333333333333,0.7093333333333334,0.31933333333333336,0.24166666666666667,0.289,0.734,27156.0,0:05:36.205244,14577103.530230258
269,0.01,3,0.001,1.0,0.8,0.5345,1.1435124123245017,0.8816666666666667,0.7133333333333334,0.3353333333333333,0.238,0.292,0.7466666666666667,25057.0,0:05:20.221967,14577423.768164042
270,0.01,3,0.001,1.0,0.6,0.5349444444444444,1.1436605056042197,0.88,0.7143333333333334,0.3436666666666667,0.236,0.28733333333333333,0.7483333333333333,22052.0,0:04:45.233005,14577709.01709386
271,0.01,3,0.001,1.0,0.4,0.5350555555555555,1.1460945518172214,0.8776666666666667,0.7123333333333334,0.346,0.23933333333333334,0.2876666666666667,0.7473333333333333,21586.0,0:04:40.973209,14577990.006076176
272,0.01,3,0.01,0.001,1.0,0.5311111111111111,1.1585332720784571,0.884,0.7063333333333334,0.32233333333333336,0.24233333333333335,0.2966666666666667,0.735,23633.0,0:04:52.862421,14578282.88435203
273,0.01,3,0.01,0.001,0.8,0.5347222222222222,1.143851817324668,0.8833333333333333,0.7143333333333334,0.3343333333333333,0.237,0.2896666666666667,0.7496666666666667,25063.0,0:05:21.726370,14578604.625751782
274,0.01,3,0.01,0.001,0.6,0.5368333333333334,1.1444413711008186,0.8806666666666667,0.715,0.3486666666666667,0.23666666666666666,0.28933333333333333,0.7506666666666667,22225.0,0:04:47.888317,14578892.530232051
275,0.01,3,0.01,0.001,0.4,0.5358333333333334,1.1466080892699817,0.878,0.7136666666666667,0.348,0.239,0.288,0.7483333333333333,21686.0,0:04:41.857935,14579174.404146846
276,0.01,3,0.01,0.01,1.0,0.5297222222222222,1.1593239639763817,0.8833333333333333,0.707,0.3243333333333333,0.23733333333333334,0.293,0.7333333333333333,21895.0,0:04:31.900096,14579446.320253402
277,0.01,3,0.01,0.01,0.8,0.5343333333333333,1.1437781420435913,0.8826666666666667,0.7136666666666667,0.3363333333333333,0.237,0.28833333333333333,0.748,24565.0,0:05:14.494457,14579760.83073516
278,0.01,3,0.01,0.01,0.6,0.5368888888888889,1.1445192766513006,0.8803333333333333,0.7136666666666667,0.34933333333333333,0.23733333333333334,0.2906666666666667,0.75,22101.0,0:04:46.512303,14580047.359141365
279,0.01,3,0.01,0.01,0.4,0.536,1.146605021159509,0.877,0.7133333333333334,0.34833333333333333,0.23933333333333334,0.2886666666666667,0.7493333333333333,21690.0,0:04:42.133161,14580329.508387497
280,0.01,3,0.01,0.1,1.0,0.5288888888888889,1.1588890335812994,0.8816666666666667,0.7076666666666667,0.316,0.23866666666666667,0.29633333333333334,0.733,24944.0,0:05:09.952607,14580639.47726586
281,0.01,3,0.01,0.1,0.8,0.5342222222222223,1.1436013939442609,0.882,0.7116666666666667,0.3343333333333333,0.24033333333333334,0.2906666666666667,0.7463333333333333,25062.0,0:05:21.896243,14580961.390880661
282,0.01,3,0.01,0.1,0.6,0.5358888888888889,1.1437937738772983,0.881,0.716,0.345,0.237,0.287,0.7493333333333333,22040.0,0:04:45.060742,14581246.46775056
283,0.01,3,0.01,0.1,0.4,0.5368333333333334,1.1467030935082547,0.8773333333333333,0.7143333333333334,0.3463333333333333,0.24233333333333335,0.291,0.7496666666666667,21603.0,0:04:40.853914,14581527.337747296
284,0.01,3,0.01,1.0,1.0,0.5316666666666666,1.1578573500243992,0.885,0.712,0.32566666666666666,0.24133333333333334,0.29333333333333333,0.7326666666666667,25397.0,0:05:15.034064,14581842.388093194
285,0.01,3,0.01,1.0,0.8,0.5346666666666666,1.1433788146413648,0.8813333333333333,0.7136666666666667,0.3363333333333333,0.237,0.292,0.7476666666666667,24565.0,0:05:14.124220,14582156.5285259
286,0.01,3,0.01,1.0,0.6,0.5355,1.1439138598846303,0.8806666666666667,0.7136666666666667,0.345,0.23433333333333334,0.29033333333333333,0.749,22488.0,0:04:52.318193,14582448.862893056
287,0.01,3,0.01,1.0,0.4,0.5346666666666666,1.1460667128869482,0.8783333333333333,0.7126666666666667,0.345,0.23666666666666666,0.28633333333333333,0.749,22529.0,0:04:53.388823,14582742.267834296
288,0.01,3,0.1,0.001,1.0,0.5306666666666666,1.1587757650120072,0.8836666666666667,0.706,0.31666666666666665,0.246,0.2976666666666667,0.734,25738.0,0:05:19.565851,14583061.849753484
289,0.01,3,0.1,0.001,0.8,0.5347777777777778,1.1437090126090674,0.882,0.7153333333333334,0.333,0.23866666666666667,0.29033333333333333,0.7493333333333333,25062.0,0:05:21.287363,14583383.153185489
290,0.01,3,0.1,0.001,0.6,0.5358333333333334,1.1445466358262466,0.8796666666666667,0.714,0.3466666666666667,0.23333333333333334,0.29,0.7513333333333333,22101.0,0:04:45.685773,14583668.85543496
291,0.01,3,0.1,0.001,0.4,0.5367222222222222,1.1467384242725425,0.8773333333333333,0.7133333333333334,0.3466666666666667,0.24133333333333334,0.29233333333333333,0.7493333333333333,21690.0,0:04:42.530655,14583951.402787842
292,0.01,3,0.1,0.01,1.0,0.5300555555555555,1.1583528052821803,0.8833333333333333,0.7093333333333334,0.31766666666666665,0.24233333333333335,0.29233333333333333,0.7353333333333333,23854.0,0:04:55.545205,14584246.964146284
293,0.01,3,0.1,0.01,0.8,0.534,1.1439504207220001,0.883,0.715,0.334,0.23566666666666666,0.2886666666666667,0.7476666666666667,25064.0,0:05:19.436746,14584566.417193385
294,0.01,3,0.1,0.01,0.6,0.5371111111111111,1.144507175101281,0.8803333333333333,0.7136666666666667,0.3466666666666667,0.239,0.294,0.749,22101.0,0:03:44.807662,14584791.234912043
295,0.01,3,0.1,0.01,0.4,0.5365,1.1464289194965362,0.8776666666666667,0.7133333333333334,0.348,0.24066666666666667,0.2906666666666667,0.7486666666666667,21690.0,0:03:21.187355,14584992.432314971
296,0.01,3,0.1,0.1,1.0,0.5292777777777777,1.1591437178490913,0.8823333333333333,0.706,0.31566666666666665,0.24,0.2986666666666667,0.733,25238.0,0:03:40.996278,14585213.439565795
297,0.01,3,0.1,0.1,0.8,0.5351666666666667,1.1437181015486149,0.883,0.712,0.3353333333333333,0.241,0.292,0.7476666666666667,25062.0,0:03:48.181882,14585441.631480945
298,0.01,3,0.1,0.1,0.6,0.5363333333333333,1.1436790750545491,0.88,0.7166666666666667,0.3473333333333333,0.236,0.288,0.75,22034.0,0:03:21.936684,14585643.578195153
299,0.01,3,0.1,0.1,0.4,0.5359444444444444,1.146646400367204,0.8786666666666667,0.713,0.3476666666666667,0.23833333333333334,0.28833333333333333,0.7496666666666667,21603.0,0:03:20.392565,14585843.980773924
300,0.01,3,0.1,1.0,1.0,0.5319444444444444,1.1571306271186517,0.8833333333333333,0.7143333333333334,0.3253333333333333,0.24133333333333334,0.294,0.7333333333333333,27594.0,0:04:00.393702,14586084.384538796
301,0.01,3,0.1,1.0,0.8,0.5347222222222222,1.1434120056549675,0.8816666666666667,0.714,0.33466666666666667,0.23866666666666667,0.293,0.7463333333333333,24965.0,0:03:47.154949,14586311.549522208
302,0.01,3,0.1,1.0,0.6,0.5352777777777777,1.1438990735112735,0.8806666666666667,0.7153333333333334,0.3416666666666667,0.236,0.2906666666666667,0.7473333333333333,22052.0,0:03:22.547724,14586514.107328981
303,0.01,3,0.1,1.0,0.4,0.5336111111111111,1.1460413971212045,0.8756666666666667,0.7136666666666667,0.345,0.234,0.285,0.7483333333333333,22288.0,0:03:25.094083,14586719.21149762
304,0.01,3,1.0,0.001,1.0,0.5301111111111111,1.1623883996772022,0.89,0.7253333333333334,0.352,0.16433333333333333,0.2996666666666667,0.7493333333333333,15030.0,0:01:36.340228,14586815.561814904
305,0.01,3,1.0,0.001,0.8,0.5371666666666667,1.1432415781585663,0.8846666666666667,0.7156666666666667,0.339,0.239,0.2946666666666667,0.75,25059.0,0:03:36.947929,14587032.520070972
306,0.01,3,1.0,0.001,0.6,0.5364444444444444,1.1444569661030706,0.8806666666666667,0.7143333333333334,0.344,0.237,0.29133333333333333,0.7513333333333333,22101.0,0:03:23.042181,14587235.572309764
307,0.01,3,1.0,0.001,0.4,0.5367777777777778,1.1467660733604272,0.8763333333333333,0.713,0.3476666666666667,0.24066666666666667,0.2946666666666667,0.7483333333333333,21690.0,0:03:20.673261,14587436.255684733
308,0.01,3,1.0,0.01,1.0,0.5304444444444445,1.161968238118842,0.8913333333333333,0.7273333333333334,0.3506666666666667,0.166,0.299,0.7483333333333333,15075.0,0:01:36.406147,14587532.67192618
309,0.01,3,1.0,0.01,0.8,0.536,1.1433187198615269,0.884,0.717,0.33766666666666667,0.23533333333333334,0.2936666666666667,0.7483333333333333,25253.0,0:03:38.620606,14587751.30261154
310,0.01,3,1.0,0.01,0.6,0.5364444444444444,1.1444115043952345,0.8796666666666667,0.7116666666666667,0.348,0.23433333333333334,0.29433333333333334,0.7506666666666667,22101.0,0:03:23.379979,14587954.692707935
311,0.01,3,1.0,0.01,0.4,0.5354444444444444,1.1466972848917452,0.876,0.7123333333333334,0.3463333333333333,0.23966666666666667,0.289,0.7493333333333333,21603.0,0:03:19.915336,14588154.619026035
312,0.01,3,1.0,0.1,1.0,0.5296111111111111,1.1619097606001598,0.8896666666666667,0.728,0.35033333333333333,0.16266666666666665,0.299,0.748,15135.0,0:01:36.611313,14588251.240482202
313,0.01,3,1.0,0.1,0.8,0.5352222222222223,1.1432142622542492,0.883,0.7143333333333334,0.33466666666666667,0.23666666666666666,0.292,0.7506666666666667,25273.0,0:03:38.757719,14588470.008295242
314,0.01,3,1.0,0.1,0.6,0.5357777777777778,1.1438175272794109,0.8813333333333333,0.7166666666666667,0.3446666666666667,0.235,0.2896666666666667,0.7473333333333333,22034.0,0:03:21.807109,14588671.825530255
315,0.01,3,1.0,0.1,0.4,0.5360555555555555,1.146643629251679,0.8776666666666667,0.715,0.3476666666666667,0.236,0.2896666666666667,0.7503333333333333,21686.0,0:03:20.299211,14588872.134915696
316,0.01,3,1.0,1.0,1.0,0.5281111111111111,1.162217703982916,0.891,0.7246666666666667,0.347,0.16366666666666665,0.29533333333333334,0.747,15434.0,0:01:37.440798,14588969.585882217
317,0.01,3,1.0,1.0,0.8,0.5346666666666666,1.1431372436921656,0.8833333333333333,0.713,0.3363333333333333,0.235,0.29533333333333334,0.745,24951.0,0:03:36.234452,14589185.830467096
318,0.01,3,1.0,1.0,0.6,0.5353888888888889,1.1439359015161317,0.8796666666666667,0.7156666666666667,0.343,0.23633333333333334,0.28933333333333333,0.7483333333333333,22040.0,0:03:22.330837,14589388.171458358
319,0.01,3,1.0,1.0,0.4,0.5344444444444445,1.1460009830056477,0.8766666666666667,0.7133333333333334,0.3436666666666667,0.238,0.288,0.747,22659.0,0:03:30.149231,14589598.330864968
320,0.01,4,0.001,0.001,1.0,0.5263333333333333,1.157931658610831,0.8786666666666667,0.7086666666666667,0.32266666666666666,0.23566666666666666,0.2886666666666667,0.7236666666666667,14852.0,0:03:17.570267,14589795.911344964
321,0.01,4,0.001,0.001,0.8,0.5372777777777777,1.139606726768224,0.8813333333333333,0.7143333333333334,0.3456666666666667,0.242,0.29933333333333334,0.741,14894.0,0:03:25.369850,14590001.29136251
322,0.01,4,0.001,0.001,0.6,0.5374444444444444,1.13832466903799,0.88,0.715,0.3453333333333333,0.24433333333333335,0.29233333333333333,0.7476666666666667,14100.0,0:03:17.649603,14590198.951171456
323,0.01,4,0.001,0.001,0.4,0.5347777777777778,1.1428877771732289,0.8753333333333333,0.7143333333333334,0.3496666666666667,0.23633333333333334,0.291,0.742,13612.0,0:03:11.881647,14590390.843046837
324,0.01,4,0.001,0.01,1.0,0.5281111111111111,1.1581038354316728,0.8793333333333333,0.708,0.32966666666666666,0.238,0.288,0.7256666666666667,15388.0,0:03:24.291968,14590595.145512084
325,0.01,4,0.001,0.01,0.8,0.5363333333333333,1.1391225839326882,0.88,0.713,0.3426666666666667,0.24033333333333334,0.30133333333333334,0.7406666666666667,15457.0,0:03:33.498144,14590808.653873002
326,0.01,4,0.001,0.01,0.6,0.5376111111111112,1.1384440798872295,0.8786666666666667,0.715,0.3496666666666667,0.24233333333333335,0.2956666666666667,0.7443333333333333,14099.0,0:03:17.418240,14591006.08302278
327,0.01,4,0.001,0.01,0.4,0.5355,1.1428378772243641,0.8756666666666667,0.715,0.3486666666666667,0.23766666666666666,0.2936666666666667,0.7423333333333333,13612.0,0:03:11.670080,14591197.763345651
328,0.01,4,0.001,0.1,1.0,0.526,1.157624448763893,0.8803333333333333,0.706,0.3243333333333333,0.23366666666666666,0.29033333333333333,0.7213333333333334,14527.0,0:03:12.407427,14591390.180979142
329,0.01,4,0.001,0.1,0.8,0.5360555555555555,1.139331697533276,0.88,0.7113333333333334,0.346,0.238,0.301,0.74,14747.0,0:03:23.889336,14591594.080527022
330,0.01,4,0.001,0.1,0.6,0.5357777777777778,1.1386337969225209,0.8786666666666667,0.715,0.3456666666666667,0.23833333333333334,0.2946666666666667,0.7423333333333333,13758.0,0:03:12.438407,14591786.529213484
331,0.01,4,0.001,0.1,0.4,0.5360555555555555,1.1423511549028684,0.875,0.713,0.3516666666666667,0.23933333333333334,0.2956666666666667,0.7416666666666667,13735.0,0:03:12.828186,14591979.36765222
332,0.01,4,0.001,1.0,1.0,0.529,1.1558353657351261,0.879,0.7126666666666667,0.3293333333333333,0.234,0.29533333333333334,0.7236666666666667,14222.0,0:03:08.977562,14592168.355458885
333,0.01,4,0.001,1.0,0.8,0.5359444444444444,1.138903590579076,0.879,0.7153333333333334,0.343,0.23866666666666667,0.2986666666666667,0.741,14793.0,0:03:25.379381,14592373.745120857
334,0.01,4,0.001,1.0,0.6,0.5356111111111111,1.1392922136460284,0.876,0.712,0.3443333333333333,0.24566666666666667,0.29633333333333334,0.7393333333333333,15373.0,0:03:34.486722,14592588.242137749
335,0.01,4,0.001,1.0,0.4,0.5352777777777777,1.1425927965861753,0.8756666666666667,0.7146666666666667,0.349,0.237,0.2936666666666667,0.7416666666666667,13612.0,0:03:11.313177,14592779.565607456
336,0.01,4,0.01,0.001,1.0,0.5292222222222223,1.1567857911906776,0.8826666666666667,0.7113333333333334,0.3293333333333333,0.237,0.2906666666666667,0.7243333333333334,14376.0,0:03:10.896574,14592970.472444277
337,0.01,4,0.01,0.001,0.8,0.5365,1.1395255481207103,0.8806666666666667,0.7156666666666667,0.3463333333333333,0.238,0.299,0.7393333333333333,14793.0,0:03:24.945082,14593175.432917321
338,0.01,4,0.01,0.001,0.6,0.5383888888888889,1.1385827714176215,0.88,0.717,0.351,0.24266666666666667,0.2946666666666667,0.745,13719.0,0:03:11.955574,14593367.398823356
339,0.01,4,0.01,0.001,0.4,0.537,1.1427640965264299,0.8753333333333333,0.7163333333333334,0.349,0.24266666666666667,0.2976666666666667,0.741,13612.0,0:03:10.892228,14593558.301395554
340,0.01,4,0.01,0.01,1.0,0.5263888888888889,1.1576237730386236,0.8806666666666667,0.7063333333333334,0.32866666666666666,0.23233333333333334,0.28733333333333333,0.723,14986.0,0:03:19.241956,14593757.553655664
341,0.01,4,0.01,0.01,0.8,0.5377222222222222,1.1394756203358483,0.8793333333333333,0.714,0.3473333333333333,0.24533333333333332,0.30033333333333334,0.74,14860.0,0:03:25.337115,14593962.901807502
342,0.01,4,0.01,0.01,0.6,0.5372777777777777,1.1386774750598927,0.879,0.7156666666666667,0.3473333333333333,0.24266666666666667,0.2956666666666667,0.7433333333333333,14018.0,0:03:16.150280,14594159.062478255
343,0.01,4,0.01,0.01,0.4,0.5344444444444445,1.1429397493008375,0.8743333333333333,0.714,0.3463333333333333,0.24133333333333334,0.2916666666666667,0.739,13612.0,0:03:11.608120,14594350.680943891
344,0.01,4,0.01,0.1,1.0,0.5273333333333333,1.1573690458604315,0.884,0.713,0.3273333333333333,0.22866666666666666,0.291,0.72,14147.0,0:03:07.336323,14594538.027630864
345,0.01,4,0.01,0.1,0.8,0.5367222222222222,1.1392032119661033,0.879,0.7123333333333334,0.3446666666666667,0.24266666666666667,0.2996666666666667,0.742,14860.0,0:03:25.236918,14594743.274935031
346,0.01,4,0.01,0.1,0.6,0.5365555555555556,1.1387350047588345,0.879,0.7136666666666667,0.3466666666666667,0.23933333333333334,0.29733333333333334,0.7433333333333333,13884.0,0:03:13.815617,14594937.106041176
347,0.01,4,0.01,0.1,0.4,0.5347222222222222,1.1422862853503017,0.8746666666666667,0.7133333333333334,0.3463333333333333,0.238,0.29333333333333333,0.7426666666666667,13615.0,0:03:10.954963,14595128.071345797
348,0.01,4,0.01,1.0,1.0,0.5258333333333334,1.1555904210731347,0.8813333333333333,0.7096666666666667,0.32566666666666666,0.22133333333333333,0.295,0.722,13130.0,0:02:54.958911,14595303.040669044
349,0.01,4,0.01,1.0,0.8,0.5344444444444445,1.1390994163275021,0.8783333333333333,0.7146666666666667,0.3403333333333333,0.235,0.2976666666666667,0.7406666666666667,14749.0,0:03:24.123715,14595507.174744984
350,0.01,4,0.01,1.0,0.6,0.5355555555555556,1.1389223540342042,0.878,0.7106666666666667,0.3426666666666667,0.244,0.297,0.741,14388.0,0:03:21.238434,14595708.423586035
351,0.01,4,0.01,1.0,0.4,0.5340555555555555,1.1427758015866512,0.876,0.713,0.3476666666666667,0.23633333333333334,0.289,0.7423333333333333,13612.0,0:03:10.947215,14595899.38122804
352,0.01,4,0.1,0.001,1.0,0.527,1.1584302820760595,0.8826666666666667,0.709,0.32966666666666666,0.23166666666666666,0.2856666666666667,0.7233333333333334,14364.0,0:03:10.669176,14596090.06078729
353,0.01,4,0.1,0.001,0.8,0.5371111111111111,1.1395411794545063,0.8803333333333333,0.7173333333333334,0.344,0.24033333333333334,0.301,0.7396666666666667,14894.0,0:03:25.564448,14596295.635617284
354,0.01,4,0.1,0.001,0.6,0.5381111111111111,1.1384019716517422,0.8783333333333333,0.7166666666666667,0.34833333333333333,0.24433333333333335,0.29333333333333333,0.7476666666666667,14004.0,0:03:15.176302,14596490.82237668
355,0.01,4,0.1,0.001,0.4,0.5361666666666667,1.1427315110063492,0.8753333333333333,0.714,0.35233333333333333,0.23733333333333334,0.294,0.744,13707.0,0:03:12.332910,14596683.16566026
356,0.01,4,0.1,0.01,1.0,0.5266666666666666,1.1576709693481406,0.8796666666666667,0.709,0.329,0.235,0.28833333333333333,0.719,14551.0,0:03:13.471880,14596876.648548944
357,0.01,4,0.1,0.01,0.8,0.5371666666666667,1.1391265669956685,0.8806666666666667,0.7153333333333334,0.3473333333333333,0.24166666666666667,0.29733333333333334,0.7406666666666667,14749.0,0:03:23.521561,14597080.180553503
358,0.01,4,0.1,0.01,0.6,0.5373333333333333,1.1384454229298362,0.8786666666666667,0.7156666666666667,0.35,0.239,0.2966666666666667,0.744,13729.0,0:03:11.794732,14597271.985697769
359,0.01,4,0.1,0.01,0.4,0.5357222222222222,1.1426805914524705,0.875,0.714,0.3516666666666667,0.24133333333333334,0.2916666666666667,0.7406666666666667,13612.0,0:03:10.988976,14597462.985120244
360,0.01,4,0.1,0.1,1.0,0.5281666666666667,1.157243916561208,0.8836666666666667,0.7133333333333334,0.33,0.23466666666666666,0.2853333333333333,0.722,13213.0,0:02:55.842115,14597638.837687552
361,0.01,4,0.1,0.1,0.8,0.5368888888888889,1.1392111980826816,0.8793333333333333,0.7116666666666667,0.3443333333333333,0.243,0.30266666666666664,0.7403333333333333,15204.0,0:03:29.518420,14597848.366538245
362,0.01,4,0.1,0.1,0.6,0.536,1.13855741134176,0.878,0.7156666666666667,0.349,0.23566666666666666,0.294,0.7436666666666667,13677.0,0:03:11.226877,14598039.603853283
363,0.01,4,0.1,0.1,0.4,0.5350555555555555,1.1423500152611872,0.8756666666666667,0.7136666666666667,0.35133333333333333,0.23633333333333334,0.29033333333333333,0.743,13610.0,0:03:10.927336,14598230.541702013
364,0.01,4,0.1,1.0,1.0,0.527,1.156086476625502,0.8816666666666667,0.7146666666666667,0.32566666666666666,0.226,0.29033333333333333,0.7236666666666667,13701.0,0:03:02.239067,14598412.791247234
365,0.01,4,0.1,1.0,0.8,0.5351666666666667,1.1393473625401505,0.878,0.7153333333333334,0.3423333333333333,0.24033333333333334,0.2966666666666667,0.7383333333333333,14749.0,0:03:23.686713,14598616.4884075
366,0.01,4,0.1,1.0,0.6,0.5348888888888889,1.1391023812681114,0.8763333333333333,0.7116666666666667,0.3426666666666667,0.242,0.29533333333333334,0.7413333333333333,14727.0,0:03:25.660946,14598822.159832291
367,0.01,4,0.1,1.0,0.4,0.5348888888888889,1.1425770118544842,0.8766666666666667,0.716,0.34933333333333333,0.235,0.2906666666666667,0.7416666666666667,13550.0,0:03:10.130514,14599012.300850507
368,0.01,4,1.0,0.001,1.0,0.5296666666666666,1.156601596199507,0.8873333333333333,0.7273333333333334,0.3486666666666667,0.17266666666666666,0.305,0.737,9766.0,0:01:29.205889,14599101.522398224
369,0.01,4,1.0,0.001,0.8,0.5362777777777777,1.1383160821603924,0.8803333333333333,0.7133333333333334,0.345,0.24033333333333334,0.298,0.7406666666666667,16687.0,0:03:21.081388,14599302.614323836
370,0.01,4,1.0,0.001,0.6,0.5377777777777778,1.1387305013806233,0.877,0.7166666666666667,0.3476666666666667,0.243,0.29633333333333334,0.746,13963.0,0:03:13.757781,14599496.382574352
371,0.01,4,1.0,0.001,0.4,0.5361666666666667,1.1424905557662477,0.8753333333333333,0.715,0.35033333333333333,0.24,0.2926666666666667,0.7436666666666667,13616.0,0:03:10.294633,14599686.688351398
372,0.01,4,1.0,0.01,1.0,0.5284444444444445,1.1565139135279963,0.8883333333333333,0.728,0.3433333333333333,0.17033333333333334,0.305,0.7356666666666667,9793.0,0:01:29.501279,14599776.200172799
373,0.01,4,1.0,0.01,0.8,0.5360555555555555,1.1384229657505225,0.8803333333333333,0.717,0.3466666666666667,0.23766666666666666,0.2956666666666667,0.739,16687.0,0:03:20.668984,14599976.879650248
374,0.01,4,1.0,0.01,0.6,0.5371666666666667,1.1389275758225976,0.879,0.7143333333333334,0.3446666666666667,0.24566666666666667,0.296,0.7433333333333333,14235.0,0:03:16.880517,14600173.77601254
375,0.01,4,1.0,0.01,0.4,0.5370555555555555,1.1426568618646797,0.8756666666666667,0.715,0.34933333333333333,0.24033333333333334,0.29833333333333334,0.7436666666666667,13712.0,0:03:10.947896,14600364.734420888
376,0.01,4,1.0,0.1,1.0,0.5297777777777778,1.156223272261728,0.8876666666666667,0.728,0.349,0.17466666666666666,0.30433333333333334,0.735,9865.0,0:01:29.667244,14600454.417230483
377,0.01,4,1.0,0.1,0.8,0.5353888888888889,1.1384756011562605,0.8803333333333333,0.7133333333333334,0.3463333333333333,0.23466666666666666,0.29733333333333334,0.7403333333333333,16688.0,0:03:20.721900,14600655.149677292
378,0.01,4,1.0,0.1,0.6,0.5362222222222223,1.1389046800598384,0.8793333333333333,0.7156666666666667,0.34933333333333333,0.23866666666666667,0.291,0.7433333333333333,13967.0,0:03:13.254912,14600848.41512866
379,0.01,4,1.0,0.1,0.4,0.5349444444444444,1.142452069066781,0.875,0.7163333333333334,0.3463333333333333,0.23733333333333334,0.2926666666666667,0.742,13707.0,0:03:10.965429,14601039.396251746
380,0.01,4,1.0,1.0,1.0,0.53,1.156119251658359,0.89,0.726,0.349,0.17133333333333334,0.30666666666666664,0.737,10347.0,0:01:31.356272,14601130.763073703
381,0.01,4,1.0,1.0,0.8,0.5366666666666666,1.1377667911749823,0.881,0.7133333333333334,0.3456666666666667,0.23833333333333334,0.2976666666666667,0.744,16189.0,0:03:18.352023,14601329.125650324
382,0.01,4,1.0,1.0,0.6,0.5355,1.1390746405770291,0.878,0.7136666666666667,0.342,0.24133333333333334,0.295,0.743,14098.0,0:03:15.765972,14601524.90219896
383,0.01,4,1.0,1.0,0.4,0.5342777777777777,1.1424645304132401,0.8776666666666667,0.714,0.3466666666666667,0.23666666666666666,0.2896666666666667,0.741,13612.0,0:03:09.462354,14601714.375116937
384,0.01,5,0.001,0.001,1.0,0.5289444444444444,1.1590108549842835,0.874,0.7093333333333334,0.3383333333333333,0.23833333333333334,0.30366666666666664,0.71,9511.0,0:03:10.237577,14601904.62327102
385,0.01,5,0.001,0.001,0.8,0.5359444444444444,1.1378068179257732,0.877,0.712,0.3576666666666667,0.24433333333333335,0.295,0.7296666666666667,10528.0,0:03:37.833802,14602122.473162834
386,0.01,5,0.001,0.001,0.6,0.5357777777777778,1.1374924195682066,0.876,0.711,0.35433333333333333,0.24566666666666667,0.293,0.7346666666666667,9656.0,0:03:22.629620,14602325.114578525
387,0.01,5,0.001,0.001,0.4,0.5368333333333334,1.1398012147451324,0.8723333333333333,0.7073333333333334,0.357,0.248,0.3,0.7363333333333333,9549.0,0:03:20.797892,14602525.923147505
388,0.01,5,0.001,0.01,1.0,0.5282777777777777,1.1588685720175322,0.8756666666666667,0.709,0.33466666666666667,0.239,0.302,0.7093333333333334,9332.0,0:03:05.311573,14602711.245322997
389,0.01,5,0.001,0.01,0.8,0.5366111111111111,1.1374836249293192,0.877,0.7113333333333334,0.355,0.24733333333333332,0.299,0.73,10528.0,0:03:37.914216,14602929.17044794
390,0.01,5,0.001,0.01,0.6,0.537,1.137614631758628,0.876,0.7123333333333334,0.353,0.249,0.296,0.7356666666666667,9654.0,0:03:22.077797,14603131.258860376
391,0.01,5,0.001,0.01,0.4,0.5371666666666667,1.1401196881136035,0.874,0.709,0.356,0.24866666666666667,0.3016666666666667,0.7336666666666667,9547.0,0:03:20.624442,14603331.899031708
392,0.01,5,0.001,0.1,1.0,0.5260555555555556,1.1599484167476841,0.8763333333333333,0.707,0.3243333333333333,0.23233333333333334,0.304,0.7123333333333334,9926.0,0:03:15.956404,14603527.866037304
393,0.01,5,0.001,0.1,0.8,0.5364444444444444,1.1376064330100895,0.8776666666666667,0.713,0.35433333333333333,0.251,0.293,0.7296666666666667,10528.0,0:03:37.294156,14603745.170791415
394,0.01,5,0.001,0.1,0.6,0.5350555555555555,1.1374744718582688,0.8746666666666667,0.712,0.34833333333333333,0.24466666666666667,0.29633333333333334,0.7343333333333333,9647.0,0:03:21.675024,14603946.856481014
395,0.01,5,0.001,0.1,0.4,0.5353888888888889,1.1401308558113732,0.8753333333333333,0.7103333333333334,0.354,0.241,0.2976666666666667,0.734,8728.0,0:03:03.834283,14604130.701453388
396,0.01,5,0.001,1.0,1.0,0.5287777777777778,1.156522641468041,0.877,0.7126666666666667,0.3383333333333333,0.23466666666666666,0.2996666666666667,0.7103333333333334,9644.0,0:03:10.762588,14604321.479928976
397,0.01,5,0.001,1.0,0.8,0.5370555555555555,1.1377134056944236,0.8773333333333333,0.7126666666666667,0.351,0.247,0.30266666666666664,0.7316666666666667,10557.0,0:03:38.368207,14604539.85880258
398,0.01,5,0.001,1.0,0.6,0.5337777777777778,1.1377543707259106,0.8746666666666667,0.713,0.351,0.241,0.2916666666666667,0.7313333333333333,9752.0,0:03:24.627648,14604744.497087073
399,0.01,5,0.001,1.0,0.4,0.5352222222222223,1.1408627408110814,0.8753333333333333,0.7096666666666667,0.3546666666666667,0.243,0.2946666666666667,0.734,9302.0,0:03:15.765274,14604940.27311375
400,0.01,5,0.01,0.001,1.0,0.5285555555555556,1.159588906768995,0.877,0.7093333333333334,0.3396666666666667,0.22833333333333333,0.307,0.71,8974.0,0:02:58.408074,14605118.69215714
401,0.01,5,0.01,0.001,0.8,0.5372222222222223,1.1376486651047109,0.8783333333333333,0.712,0.35433333333333333,0.25133333333333335,0.297,0.7303333333333333,10548.0,0:03:37.862972,14605336.57132724
402,0.01,5,0.01,0.001,0.6,0.5359444444444444,1.1373920859416256,0.8743333333333333,0.7133333333333334,0.349,0.24933333333333332,0.2926666666666667,0.737,9650.0,0:03:21.737336,14605538.324428031
403,0.01,5,0.01,0.001,0.4,0.534,1.1405650993950343,0.873,0.708,0.3496666666666667,0.24466666666666667,0.2936666666666667,0.735,9435.0,0:03:17.861979,14605736.197182093
404,0.01,5,0.01,0.01,1.0,0.528,1.158499325634598,0.8753333333333333,0.709,0.3373333333333333,0.23866666666666667,0.30033333333333334,0.7073333333333334,9691.0,0:03:11.623144,14605927.831030216
405,0.01,5,0.01,0.01,0.8,0.5373333333333333,1.1378461065810135,0.8766666666666667,0.71,0.36033333333333334,0.25033333333333335,0.2976666666666667,0.729,10539.0,0:03:37.413409,14606145.25519882
406,0.01,5,0.01,0.01,0.6,0.5355555555555556,1.1377623558348662,0.8746666666666667,0.713,0.353,0.24733333333333332,0.29033333333333333,0.735,9636.0,0:03:21.686665,14606346.952601627
407,0.01,5,0.01,0.01,0.4,0.5347222222222222,1.1401879016356673,0.8733333333333333,0.708,0.355,0.24366666666666667,0.29333333333333333,0.735,8748.0,0:03:04.349993,14606531.318713011
408,0.01,5,0.01,0.1,1.0,0.5264444444444445,1.1591592884472595,0.8763333333333333,0.711,0.3323333333333333,0.232,0.2926666666666667,0.7143333333333334,9863.0,0:03:14.793937,14606726.123325344
409,0.01,5,0.01,0.1,0.8,0.5381111111111111,1.1377276339292937,0.8793333333333333,0.7123333333333334,0.354,0.253,0.30033333333333334,0.7296666666666667,10528.0,0:03:37.566108,14606943.70013004
410,0.01,5,0.01,0.1,0.6,0.5353333333333333,1.1375034620162094,0.874,0.713,0.3526666666666667,0.24666666666666667,0.293,0.7326666666666667,9643.0,0:03:21.627336,14607145.338184908
411,0.01,5,0.01,0.1,0.4,0.5362222222222223,1.1399777957454336,0.873,0.7103333333333334,0.3576666666666667,0.24633333333333332,0.2966666666666667,0.7333333333333333,9546.0,0:03:19.777519,14607345.126454351
412,0.01,5,0.01,1.0,1.0,0.5297222222222222,1.1567874401791263,0.877,0.7113333333333334,0.3353333333333333,0.23766666666666666,0.3006666666666667,0.7163333333333334,9020.0,0:02:59.429770,14607524.572104195
413,0.01,5,0.01,1.0,0.8,0.5364444444444444,1.13758351491728,0.879,0.7113333333333334,0.3526666666666667,0.24633333333333332,0.2996666666666667,0.7296666666666667,10539.0,0:03:37.828991,14607742.41182222
414,0.01,5,0.01,1.0,0.6,0.534,1.137835944145982,0.8753333333333333,0.7133333333333334,0.348,0.243,0.293,0.7313333333333333,9557.0,0:03:20.592884,14607943.015470058
415,0.01,5,0.01,1.0,0.4,0.5347222222222222,1.1408204538588624,0.8736666666666667,0.7103333333333334,0.35633333333333334,0.23833333333333334,0.29433333333333334,0.7353333333333333,8748.0,0:03:04.634740,14608127.660956707
416,0.01,5,0.1,0.001,1.0,0.5278333333333334,1.1590509212839537,0.876,0.7073333333333334,0.334,0.23866666666666667,0.305,0.706,9038.0,0:02:58.917660,14608306.589869274
417,0.01,5,0.1,0.001,0.8,0.5372777777777777,1.1376187082910005,0.8786666666666667,0.712,0.35433333333333333,0.25033333333333335,0.298,0.7303333333333333,10528.0,0:03:36.770966,14608523.371618208
418,0.01,5,0.1,0.001,0.6,0.5347777777777778,1.1373282188734362,0.8753333333333333,0.711,0.349,0.24466666666666667,0.2936666666666667,0.735,9647.0,0:03:21.476861,14608724.864520404
419,0.01,5,0.1,0.001,0.4,0.5349444444444444,1.1403076146680484,0.872,0.7076666666666667,0.357,0.24733333333333332,0.29333333333333333,0.7323333333333333,9207.0,0:03:13.046897,14608917.92219567
420,0.01,5,0.1,0.01,1.0,0.5277777777777778,1.1581101984277162,0.875,0.7073333333333334,0.33266666666666667,0.23833333333333334,0.30466666666666664,0.7086666666666667,8906.0,0:02:56.255746,14609094.18874602
421,0.01,5,0.1,0.01,0.8,0.5377222222222222,1.1376671522981587,0.8773333333333333,0.712,0.35833333333333334,0.25,0.2976666666666667,0.731,10539.0,0:03:36.594840,14609310.79437328
422,0.01,5,0.1,0.01,0.6,0.5350555555555555,1.1373708574777077,0.875,0.712,0.35133333333333333,0.24566666666666667,0.292,0.7343333333333333,9655.0,0:03:21.404059,14609512.20927026
423,0.01,5,0.1,0.01,0.4,0.5352222222222223,1.140146586911528,0.8726666666666667,0.7083333333333334,0.35433333333333333,0.24266666666666667,0.297,0.7363333333333333,9547.0,0:03:19.670936,14609711.891026396
424,0.01,5,0.1,0.1,1.0,0.5262222222222223,1.1594237083775474,0.8753333333333333,0.7113333333333334,0.33066666666666666,0.23,0.30033333333333334,0.7096666666666667,9412.0,0:03:05.778383,14609897.685328173
425,0.01,5,0.1,0.1,0.8,0.5366666666666666,1.1375949134130334,0.8783333333333333,0.7116666666666667,0.3546666666666667,0.24666666666666667,0.298,0.7306666666666667,10387.0,0:03:34.128988,14610111.82517804
426,0.01,5,0.1,0.1,0.6,0.5360555555555555,1.1373433838012352,0.874,0.7123333333333334,0.3536666666666667,0.248,0.2926666666666667,0.7356666666666667,9664.0,0:03:21.486111,14610313.322209137
427,0.01,5,0.1,0.1,0.4,0.5363333333333333,1.1403323153973923,0.8733333333333333,0.7086666666666667,0.354,0.24933333333333332,0.2996666666666667,0.733,9287.0,0:03:14.495428,14610507.828453276
428,0.01,5,0.1,1.0,1.0,0.5261111111111111,1.1569867926616937,0.8786666666666667,0.7106666666666667,0.336,0.22766666666666666,0.29033333333333333,0.7133333333333334,8684.0,0:02:52.502578,14610680.341862502
429,0.01,5,0.1,1.0,0.8,0.5373888888888889,1.1374145399574163,0.8773333333333333,0.7133333333333334,0.35333333333333333,0.24766666666666667,0.303,0.7296666666666667,10851.0,0:03:43.796775,14610904.154614666
430,0.01,5,0.1,1.0,0.6,0.5335,1.1375309350154068,0.8756666666666667,0.713,0.3476666666666667,0.23833333333333334,0.29533333333333334,0.731,9557.0,0:03:19.914432,14611104.079929216
431,0.01,5,0.1,1.0,0.4,0.5345,1.1406976270650884,0.8736666666666667,0.71,0.35133333333333333,0.246,0.292,0.734,9287.0,0:03:15.178740,14611299.270034008
432,0.01,5,1.0,0.001,1.0,0.5278888888888889,1.155269868129906,0.8826666666666667,0.7226666666666667,0.35033333333333333,0.18,0.30766666666666664,0.724,6930.0,0:01:28.637566,14611387.918483855
433,0.01,5,1.0,0.001,0.8,0.5386111111111112,1.1354089352172603,0.8786666666666667,0.715,0.3596666666666667,0.24633333333333332,0.29833333333333334,0.7336666666666667,14962.0,0:03:29.103864,14611597.033228192
434,0.01,5,1.0,0.001,0.6,0.5352777777777777,1.1377311049900771,0.875,0.7133333333333334,0.3496666666666667,0.24533333333333332,0.29433333333333334,0.734,9641.0,0:03:15.590126,14611792.634258876
435,0.01,5,1.0,0.001,0.4,0.5353888888888889,1.1398380877285474,0.8743333333333333,0.7056666666666667,0.35333333333333333,0.245,0.2986666666666667,0.7353333333333333,9548.0,0:03:14.952502,14611987.59764346
436,0.01,5,1.0,0.01,1.0,0.5281666666666667,1.1548526666895067,0.885,0.7213333333333334,0.35533333333333333,0.17966666666666667,0.30266666666666664,0.725,6954.0,0:01:28.870464,14612076.479034089
437,0.01,5,1.0,0.01,0.8,0.5398888888888889,1.1352804906899923,0.88,0.7146666666666667,0.3606666666666667,0.24866666666666667,0.30266666666666664,0.7326666666666667,12679.0,0:03:14.060485,14612270.550414888
438,0.01,5,1.0,0.01,0.6,0.5349444444444444,1.1374971907225833,0.874,0.7096666666666667,0.3556666666666667,0.247,0.28933333333333333,0.734,9653.0,0:03:15.287910,14612465.849254446
439,0.01,5,1.0,0.01,0.4,0.5358888888888889,1.1396648099631004,0.8736666666666667,0.708,0.35633333333333334,0.248,0.2946666666666667,0.7346666666666667,9646.0,0:03:17.117284,14612662.977477403
440,0.01,5,1.0,0.1,1.0,0.5284444444444445,1.1554370470343391,0.8826666666666667,0.7203333333333334,0.353,0.182,0.30666666666666664,0.726,7186.0,0:01:29.623594,14612752.61711878
441,0.01,5,1.0,0.1,0.8,0.5371111111111111,1.1356434462662217,0.8776666666666667,0.7133333333333334,0.355,0.24466666666666667,0.2996666666666667,0.7323333333333333,12097.0,0:03:10.393528,14612943.021559404
442,0.01,5,1.0,0.1,0.6,0.5343888888888889,1.1375049844860874,0.8746666666666667,0.712,0.3506666666666667,0.242,0.29333333333333333,0.7336666666666667,9653.0,0:03:15.942300,14613138.974850046
443,0.01,5,1.0,0.1,0.4,0.5363888888888889,1.1399675413582617,0.8713333333333333,0.708,0.35833333333333334,0.248,0.298,0.7346666666666667,9547.0,0:03:14.908349,14613333.894206513
444,0.01,5,1.0,1.0,1.0,0.5278333333333334,1.1548147769595296,0.884,0.7183333333333334,0.3536666666666667,0.18066666666666667,0.30533333333333335,0.725,7615.0,0:01:30.875534,14613424.78580706
445,0.01,5,1.0,1.0,0.8,0.5379444444444444,1.1352521983099948,0.878,0.7163333333333334,0.35633333333333334,0.24166666666666667,0.303,0.7323333333333333,12442.0,0:03:14.962530,14613619.759316092
446,0.01,5,1.0,1.0,0.6,0.5342777777777777,1.1373750597166765,0.875,0.7106666666666667,0.34933333333333333,0.24333333333333335,0.29233333333333333,0.735,9781.0,0:03:17.746543,14613817.5175038
447,0.01,5,1.0,1.0,0.4,0.5343888888888889,1.1401876087145844,0.8743333333333333,0.7103333333333334,0.35533333333333333,0.23966666666666667,0.2926666666666667,0.734,8866.0,0:03:01.813448,14613999.3419864
448,0.01,6,0.001,0.001,1.0,0.5268333333333334,1.1598609838874483,0.8753333333333333,0.7093333333333334,0.3436666666666667,0.23766666666666666,0.29633333333333334,0.6986666666666667,6427.0,0:03:19.983037,14614199.336032592
449,0.01,6,0.001,0.001,0.8,0.5356666666666666,1.1381552663513679,0.88,0.713,0.355,0.24433333333333335,0.30466666666666664,0.717,7308.0,0:03:57.809434,14614437.157150537
450,0.01,6,0.001,0.001,0.6,0.5367777777777778,1.137262511381751,0.874,0.7123333333333334,0.35733333333333334,0.24666666666666667,0.307,0.7233333333333334,6669.0,0:03:41.168880,14614658.33703941
451,0.01,6,0.001,0.001,0.4,0.5335555555555556,1.1405671403674806,0.8723333333333333,0.7066666666666667,0.3596666666666667,0.237,0.29833333333333334,0.7273333333333334,6748.0,0:03:43.956147,14614882.307105033
452,0.01,6,0.001,0.01,1.0,0.5285555555555556,1.159983657328414,0.875,0.7106666666666667,0.339,0.24633333333333332,0.2996666666666667,0.7006666666666667,6023.0,0:03:07.753322,14615070.071523434
453,0.01,6,0.001,0.01,0.8,0.5367222222222222,1.1382680455339647,0.8786666666666667,0.7126666666666667,0.36133333333333334,0.246,0.30133333333333334,0.7203333333333334,7311.0,0:03:56.423328,14615306.506169092
454,0.01,6,0.001,0.01,0.6,0.5365,1.1378321399451212,0.8756666666666667,0.714,0.36033333333333334,0.24233333333333335,0.3006666666666667,0.726,6756.0,0:03:41.899750,14615528.417275423
455,0.01,6,0.001,0.01,0.4,0.5348888888888889,1.13978058331714,0.8726666666666667,0.7063333333333334,0.3576666666666667,0.246,0.30233333333333334,0.7243333333333334,6546.0,0:03:35.066567,14615743.494961087
456,0.01,6,0.001,0.1,1.0,0.5282222222222223,1.1594546442833755,0.88,0.7026666666666667,0.3426666666666667,0.24566666666666667,0.299,0.6993333333333334,6568.0,0:03:20.646750,14615944.152963808
457,0.01,6,0.001,0.1,0.8,0.5358888888888889,1.138096201309664,0.8776666666666667,0.7116666666666667,0.3596666666666667,0.245,0.30466666666666664,0.7166666666666667,7487.0,0:04:00.049107,14616184.213032613
458,0.01,6,0.001,0.1,0.6,0.537,1.1375261601826219,0.8743333333333333,0.711,0.3596666666666667,0.25133333333333335,0.30266666666666664,0.723,7301.0,0:03:56.904866,14616421.128906304
459,0.01,6,0.001,0.1,0.4,0.5334444444444445,1.1397305511748166,0.8726666666666667,0.7063333333333334,0.35733333333333334,0.24266666666666667,0.29933333333333334,0.7223333333333334,6663.0,0:03:37.144999,14616638.284955405
460,0.01,6,0.001,1.0,1.0,0.5267777777777778,1.157709885740754,0.8736666666666667,0.7066666666666667,0.34,0.24333333333333335,0.297,0.7,7083.0,0:03:35.086195,14616853.381869696
461,0.01,6,0.001,1.0,0.8,0.5376111111111112,1.137888222380268,0.8786666666666667,0.7123333333333334,0.3626666666666667,0.24933333333333332,0.30133333333333334,0.7213333333333334,7990.0,0:04:17.165892,14617110.558909532
462,0.01,6,0.001,1.0,0.6,0.5346666666666666,1.1385926868687672,0.8766666666666667,0.7096666666666667,0.355,0.25033333333333335,0.2926666666666667,0.7236666666666667,7229.0,0:03:56.376859,14617346.94677206
463,0.01,6,0.001,1.0,0.4,0.5334444444444445,1.141410264702749,0.8716666666666667,0.7016666666666667,0.359,0.24466666666666667,0.29733333333333334,0.7263333333333334,7184.0,0:03:54.203413,14617581.161246572
464,0.01,6,0.01,0.001,1.0,0.5272777777777777,1.1592525854693647,0.876,0.7113333333333334,0.3393333333333333,0.23933333333333334,0.30033333333333334,0.6973333333333334,5733.0,0:02:58.241782,14617759.414079092
465,0.01,6,0.01,0.001,0.8,0.5373888888888889,1.1381269942738839,0.8783333333333333,0.7133333333333334,0.3616666666666667,0.24366666666666667,0.30766666666666664,0.7196666666666667,7289.0,0:03:54.531970,14617993.957103627
466,0.01,6,0.01,0.001,0.6,0.5345555555555556,1.1376555466066565,0.8746666666666667,0.7116666666666667,0.3506666666666667,0.24266666666666667,0.30333333333333334,0.7243333333333334,6739.0,0:03:40.508170,14618214.476365216
467,0.01,6,0.01,0.001,0.4,0.5356666666666666,1.1402373154596566,0.8736666666666667,0.7063333333333334,0.35933333333333334,0.24866666666666667,0.2996666666666667,0.7263333333333334,6649.0,0:03:37.158238,14618431.64567463
468,0.01,6,0.01,0.01,1.0,0.5278888888888889,1.1597373185309876,0.8736666666666667,0.7093333333333334,0.33866666666666667,0.238,0.305,0.7026666666666667,5957.0,0:03:04.497867,14618616.154603392
469,0.01,6,0.01,0.01,0.8,0.5373888888888889,1.1383608132818894,0.8766666666666667,0.7093333333333334,0.3556666666666667,0.25566666666666665,0.306,0.721,7854.0,0:04:11.182247,14618867.347934872
470,0.01,6,0.01,0.01,0.6,0.5361666666666667,1.1376638987882322,0.8736666666666667,0.711,0.359,0.247,0.304,0.7223333333333334,7268.0,0:03:56.412177,14619103.771226969
471,0.01,6,0.01,0.01,0.4,0.5338888888888889,1.1404031627171238,0.8723333333333333,0.7066666666666667,0.3586666666666667,0.251,0.2916666666666667,0.723,6749.0,0:03:40.314467,14619324.09682268
472,0.01,6,0.01,0.1,1.0,0.5281666666666667,1.1591661373921227,0.8773333333333333,0.7076666666666667,0.338,0.23866666666666667,0.303,0.7043333333333334,6469.0,0:03:17.799696,14619521.907649372
473,0.01,6,0.01,0.1,0.8,0.5354444444444444,1.138172782806729,0.8766666666666667,0.7113333333333334,0.359,0.248,0.30033333333333334,0.7173333333333334,7854.0,0:04:11.126793,14619773.0455842
474,0.01,6,0.01,0.1,0.6,0.5362222222222223,1.1378648236662783,0.8756666666666667,0.7123333333333334,0.358,0.24566666666666667,0.305,0.7206666666666667,7065.0,0:03:50.277274,14620003.333983704
475,0.01,6,0.01,0.1,0.4,0.5348888888888889,1.1401754309808365,0.873,0.708,0.35733333333333334,0.24666666666666667,0.298,0.7263333333333334,6392.0,0:03:29.287630,14620212.632765427
476,0.01,6,0.01,1.0,1.0,0.5293888888888889,1.1579162588986147,0.874,0.7063333333333334,0.3423333333333333,0.24033333333333334,0.30733333333333335,0.706,7363.0,0:03:42.970325,14620435.614599876
477,0.01,6,0.01,1.0,0.8,0.5369444444444444,1.1379699743666998,0.8766666666666667,0.711,0.3586666666666667,0.25033333333333335,0.304,0.721,7986.0,0:04:15.933198,14620691.558929764
478,0.01,6,0.01,1.0,0.6,0.5354444444444444,1.1380146277669119,0.8743333333333333,0.7086666666666667,0.3556666666666667,0.254,0.296,0.724,7269.0,0:03:57.408014,14620928.978102995
479,0.01,6,0.01,1.0,0.4,0.5351666666666667,1.1408858774414674,0.8726666666666667,0.7086666666666667,0.36033333333333334,0.24566666666666667,0.298,0.7256666666666667,6883.0,0:03:45.177195,14621154.166427504
480,0.01,6,0.1,0.001,1.0,0.527,1.1599490628301048,0.8713333333333333,0.706,0.339,0.24666666666666667,0.301,0.698,6371.0,0:03:13.990461,14621348.168056704
481,0.01,6,0.1,0.001,0.8,0.5361666666666667,1.1384943997773238,0.8783333333333333,0.711,0.3596666666666667,0.244,0.305,0.719,7264.0,0:03:53.004578,14621581.183764096
482,0.01,6,0.1,0.001,0.6,0.5353888888888889,1.137681131990871,0.8723333333333333,0.7106666666666667,0.3546666666666667,0.24933333333333332,0.3016666666666667,0.7236666666666667,7067.0,0:03:48.982200,14621810.177135946
483,0.01,6,0.1,0.001,0.4,0.5351111111111111,1.1400517761397113,0.8726666666666667,0.7043333333333334,0.36333333333333334,0.24833333333333332,0.29933333333333334,0.7226666666666667,6763.0,0:03:38.990264,14622029.17859386
484,0.01,6,0.1,0.01,1.0,0.5296666666666666,1.1590541436348332,0.874,0.7136666666666667,0.343,0.23933333333333334,0.305,0.703,5787.0,0:02:58.665412,14622207.855198417
485,0.01,6,0.1,0.01,0.8,0.5362222222222223,1.138412910599114,0.8786666666666667,0.7123333333333334,0.3566666666666667,0.24766666666666667,0.305,0.717,7602.0,0:04:02.224199,14622450.090217575
486,0.01,6,0.1,0.01,0.6,0.5356666666666666,1.1374192856580736,0.8736666666666667,0.7116666666666667,0.3576666666666667,0.24566666666666667,0.30266666666666664,0.7226666666666667,6717.0,0:03:38.326713,14622668.428117683
487,0.01,6,0.1,0.01,0.4,0.5353888888888889,1.1405357839360288,0.872,0.7063333333333334,0.36633333333333334,0.245,0.2976666666666667,0.725,6492.0,0:03:31.392198,14622879.831536613
488,0.01,6,0.1,0.1,1.0,0.5263888888888889,1.1597052365830602,0.8763333333333333,0.7096666666666667,0.3363333333333333,0.23366666666666666,0.30466666666666664,0.6976666666666667,5824.0,0:02:59.384932,14623059.22798753
489,0.01,6,0.1,0.1,0.8,0.5364444444444444,1.1386857749910282,0.8786666666666667,0.7123333333333334,0.359,0.24866666666666667,0.301,0.719,7671.0,0:04:04.621088,14623303.85997822
490,0.01,6,0.1,0.1,0.6,0.5366666666666666,1.1376833630499847,0.8746666666666667,0.714,0.35333333333333333,0.254,0.30133333333333334,0.7226666666666667,7278.0,0:03:56.029364,14623539.900605189
491,0.01,6,0.1,0.1,0.4,0.5353333333333333,1.1401180695640918,0.8726666666666667,0.704,0.35833333333333334,0.25133333333333335,0.301,0.7246666666666667,6663.0,0:03:36.533490,14623756.445707828
492,0.01,6,0.1,1.0,1.0,0.5296666666666666,1.1577785777897147,0.8723333333333333,0.7116666666666667,0.3496666666666667,0.234,0.30566666666666664,0.7046666666666667,6510.0,0:03:18.721483,14623955.178409688
493,0.01,6,0.1,1.0,0.8,0.5377777777777778,1.137907260674747,0.8786666666666667,0.7136666666666667,0.359,0.252,0.30366666666666664,0.7196666666666667,7664.0,0:04:05.622841,14624200.812476637
494,0.01,6,0.1,1.0,0.6,0.5341111111111111,1.1380512852668507,0.8753333333333333,0.7086666666666667,0.35233333333333333,0.25366666666666665,0.2936666666666667,0.721,7287.0,0:03:57.926846,14624438.750447894
495,0.01,6,0.1,1.0,0.4,0.5356666666666666,1.1409331776301213,0.8773333333333333,0.7043333333333334,0.363,0.24833333333333332,0.29933333333333334,0.7216666666666667,6878.0,0:03:44.157618,14624662.919461517
496,0.01,6,1.0,0.001,1.0,0.5266111111111111,1.1540537791367436,0.881,0.7186666666666667,0.3526666666666667,0.194,0.303,0.7103333333333334,5089.0,0:01:34.273224,14624757.204124328
497,0.01,6,1.0,0.001,0.8,0.5375555555555556,1.1352921706869352,0.878,0.7153333333333334,0.36666666666666664,0.238,0.30533333333333335,0.722,9466.0,0:03:11.732269,14624948.94774612
498,0.01,6,1.0,0.001,0.6,0.5365,1.137042316569041,0.8753333333333333,0.7106666666666667,0.35733333333333334,0.24566666666666667,0.30433333333333334,0.7256666666666667,7066.0,0:03:26.278117,14625155.237219363
499,0.01,6,1.0,0.001,0.4,0.5359444444444444,1.1400575537426687,0.873,0.7043333333333334,0.36333333333333334,0.245,0.3006666666666667,0.7293333333333333,6662.0,0:03:23.437764,14625358.686353823
500,0.01,6,1.0,0.01,1.0,0.5257222222222222,1.1539690714755357,0.878,0.7183333333333334,0.3516666666666667,0.19066666666666668,0.30333333333333334,0.7123333333333334,5130.0,0:01:34.589449,14625453.287955586
501,0.01,6,1.0,0.01,0.8,0.5365555555555556,1.1356528517171693,0.8776666666666667,0.7116666666666667,0.362,0.237,0.30733333333333335,0.7236666666666667,11405.0,0:03:24.402505,14625657.701635472
502,0.01,6,1.0,0.01,0.6,0.5341111111111111,1.1373350651443557,0.876,0.711,0.3486666666666667,0.248,0.297,0.724,7031.0,0:03:25.690995,14625863.403950049
503,0.01,6,1.0,0.01,0.4,0.5351666666666667,1.1404077717206424,0.8753333333333333,0.7046666666666667,0.3566666666666667,0.249,0.2996666666666667,0.7256666666666667,6556.0,0:03:20.561902,14626063.977134226
504,0.01,6,1.0,0.1,1.0,0.5240555555555556,1.1535702299802646,0.877,0.7183333333333334,0.3506666666666667,0.18633333333333332,0.30233333333333334,0.7096666666666667,5128.0,0:01:34.424163,14626158.412601175
505,0.01,6,1.0,0.1,0.8,0.5368888888888889,1.1354722204690755,0.8796666666666667,0.711,0.3626666666666667,0.24333333333333335,0.305,0.7196666666666667,12739.0,0:03:32.785578,14626371.209482417
506,0.01,6,1.0,0.1,0.6,0.5371666666666667,1.137507690823635,0.8776666666666667,0.7163333333333334,0.35233333333333333,0.25,0.3,0.7266666666666667,7066.0,0:03:26.524333,14626577.745169248
507,0.01,6,1.0,0.1,0.4,0.5356666666666666,1.1405275103704533,0.8736666666666667,0.706,0.35933333333333334,0.251,0.29233333333333333,0.7316666666666667,7280.0,0:03:38.978090,14626796.7345785
508,0.01,6,1.0,1.0,1.0,0.5265555555555556,1.1531104142705983,0.8786666666666667,0.7213333333333334,0.3556666666666667,0.17933333333333334,0.31033333333333335,0.714,6301.0,0:01:39.196291,14626895.942215309
509,0.01,6,1.0,1.0,0.8,0.5377777777777778,1.13502879749876,0.8783333333333333,0.716,0.361,0.24633333333333332,0.3016666666666667,0.7233333333333334,10897.0,0:03:24.920430,14627100.873610066
510,0.01,6,1.0,1.0,0.6,0.5365,1.138150870856975,0.8763333333333333,0.7136666666666667,0.358,0.25,0.2946666666666667,0.7263333333333334,7060.0,0:03:29.077591,14627309.962575903
511,0.01,6,1.0,1.0,0.4,0.5338888888888889,1.1410877630515888,0.8733333333333333,0.7076666666666667,0.356,0.24466666666666667,0.295,0.7266666666666667,7172.0,0:03:37.259150,14627527.233087052
512,0.1,3,0.001,0.001,1.0,0.5285,1.1584647716539012,0.883,0.7056666666666667,0.31966666666666665,0.236,0.2956666666666667,0.731,2365.0,0:00:24.676751,14627551.92119922
513,0.1,3,0.001,0.001,0.8,0.5342222222222223,1.1490183271626533,0.879,0.715,0.338,0.234,0.294,0.7453333333333333,2284.0,0:00:24.898680,14627576.830832751
514,0.1,3,0.001,0.001,0.6,0.5308888888888889,1.1545620199212905,0.8756666666666667,0.709,0.3253333333333333,0.24466666666666667,0.286,0.7446666666666667,2245.0,0:00:24.755810,14627601.597127488
515,0.1,3,0.001,0.001,0.4,0.5345,1.1589062494497948,0.88,0.71,0.33766666666666667,0.24333333333333335,0.28733333333333333,0.7486666666666667,1616.0,0:00:19.529592,14627621.138075668
516,0.1,3,0.001,0.01,1.0,0.5319444444444444,1.1583511529875594,0.884,0.706,0.323,0.24866666666666667,0.2956666666666667,0.7343333333333333,2442.0,0:00:25.283606,14627646.432455959
517,0.1,3,0.001,0.01,0.8,0.5315,1.149723173504274,0.8763333333333333,0.7076666666666667,0.3303333333333333,0.23533333333333334,0.2956666666666667,0.7436666666666667,2284.0,0:00:24.900243,14627671.34369016
518,0.1,3,0.001,0.01,0.6,0.5319444444444444,1.154365870211721,0.8756666666666667,0.713,0.331,0.24666666666666667,0.2823333333333333,0.743,2232.0,0:00:24.688745,14627696.042990971
519,0.1,3,0.001,0.01,0.4,0.534,1.1595475873638312,0.8783333333333333,0.707,0.341,0.24466666666666667,0.2866666666666667,0.7463333333333333,1769.0,0:00:20.837732,14627716.89172228
520,0.1,3,0.001,0.1,1.0,0.5298333333333334,1.1572995252075466,0.885,0.7093333333333334,0.32366666666666666,0.237,0.2896666666666667,0.7343333333333333,2328.0,0:00:24.406492,14627741.30878363
521,0.1,3,0.001,0.1,0.8,0.5315555555555556,1.1497524508068289,0.877,0.706,0.332,0.24066666666666667,0.295,0.7386666666666667,2415.0,0:00:26.074240,14627767.39407783
522,0.1,3,0.001,0.1,0.6,0.5329444444444444,1.1530240217640433,0.8753333333333333,0.7116666666666667,0.32866666666666666,0.24566666666666667,0.297,0.7393333333333333,2232.0,0:00:24.630961,14627792.035631582
523,0.1,3,0.001,0.1,0.4,0.5313333333333333,1.1598665323607653,0.8733333333333333,0.7066666666666667,0.3343333333333333,0.244,0.28833333333333333,0.7413333333333333,1769.0,0:00:20.925102,14627812.971792227
524,0.1,3,0.001,1.0,1.0,0.5292777777777777,1.1571554965665594,0.885,0.7073333333333334,0.31933333333333336,0.23833333333333334,0.2946666666666667,0.731,2334.0,0:00:24.384347,14627837.366788492
525,0.1,3,0.001,1.0,0.8,0.5328888888888889,1.1495972022075693,0.878,0.7123333333333334,0.33466666666666667,0.24433333333333335,0.289,0.739,2616.0,0:00:27.683113,14627865.060474664
526,0.1,3,0.001,1.0,0.6,0.5371666666666667,1.1505421306932946,0.8793333333333333,0.7176666666666667,0.338,0.25233333333333335,0.29033333333333333,0.7453333333333333,2231.0,0:00:24.661941,14627889.733556705
527,0.1,3,0.001,1.0,0.4,0.5309444444444444,1.1566024212200463,0.873,0.6996666666666667,0.338,0.24633333333333332,0.2843333333333333,0.7443333333333333,1953.0,0:00:22.334741,14627912.079753876
528,0.1,3,0.01,0.001,1.0,0.5304444444444445,1.1593727728612842,0.8823333333333333,0.708,0.325,0.23766666666666666,0.296,0.7336666666666667,2342.0,0:00:24.491756,14627936.582087267
529,0.1,3,0.01,0.001,0.8,0.5318888888888889,1.1498355986985824,0.8776666666666667,0.714,0.3303333333333333,0.232,0.297,0.7403333333333333,2127.0,0:00:23.535523,14627960.128723996
530,0.1,3,0.01,0.001,0.6,0.5349444444444444,1.1539501153283307,0.881,0.7113333333333334,0.331,0.25066666666666665,0.29233333333333333,0.7433333333333333,1971.0,0:00:22.428725,14627982.568554936
531,0.1,3,0.01,0.001,0.4,0.5323333333333333,1.159488372608627,0.876,0.7126666666666667,0.3353333333333333,0.24033333333333334,0.285,0.7446666666666667,1716.0,0:00:20.383003,14628002.962508716
532,0.1,3,0.01,0.01,1.0,0.5282222222222223,1.1578221709590366,0.883,0.704,0.31766666666666665,0.24233333333333335,0.29,0.7323333333333333,2568.0,0:00:26.405826,14628029.379446363
533,0.1,3,0.01,0.01,0.8,0.5306666666666666,1.1481071654283195,0.8763333333333333,0.707,0.3273333333333333,0.24133333333333334,0.29233333333333333,0.7396666666666667,2253.0,0:00:24.685902,14628054.076025112
534,0.1,3,0.01,0.01,0.6,0.5302777777777777,1.1527839773583357,0.874,0.707,0.3313333333333333,0.24266666666666667,0.287,0.7396666666666667,2156.0,0:00:23.979642,14628078.067134598
535,0.1,3,0.01,0.01,0.4,0.5327777777777778,1.1590557768514003,0.879,0.7126666666666667,0.3373333333333333,0.239,0.28833333333333333,0.7403333333333333,1649.0,0:00:19.870145,14628097.947909744
536,0.1,3,0.01,0.1,1.0,0.5308333333333334,1.1574771759806157,0.8833333333333333,0.7086666666666667,0.324,0.24633333333333332,0.296,0.7266666666666667,2455.0,0:00:25.457896,14628123.417088795
537,0.1,3,0.01,0.1,0.8,0.5328888888888889,1.1502652344064765,0.876,0.7093333333333334,0.342,0.23466666666666666,0.2926666666666667,0.7426666666666667,2234.0,0:00:24.476703,14628147.904979777
538,0.1,3,0.01,0.1,0.6,0.5342777777777777,1.153353325621199,0.8776666666666667,0.718,0.335,0.24433333333333335,0.28933333333333333,0.7413333333333333,1971.0,0:00:22.512905,14628170.428571029
539,0.1,3,0.01,0.1,0.4,0.5296666666666666,1.1600416405433596,0.8766666666666667,0.713,0.335,0.236,0.2793333333333333,0.738,1672.0,0:00:20.042248,14628190.48239848
540,0.1,3,0.01,1.0,1.0,0.5288333333333334,1.1568891631386184,0.885,0.7123333333333334,0.32033333333333336,0.23533333333333334,0.29,0.73,2205.0,0:00:23.472495,14628213.96562348
541,0.1,3,0.01,1.0,0.8,0.5310555555555555,1.1492826513540613,0.881,0.709,0.333,0.236,0.2876666666666667,0.7396666666666667,2303.0,0:00:25.012127,14628238.989289297
542,0.1,3,0.01,1.0,0.6,0.5332777777777777,1.1512442474628366,0.876,0.7096666666666667,0.33166666666666667,0.25166666666666665,0.285,0.7456666666666667,2372.0,0:00:25.855006,14628264.854973191
543,0.1,3,0.01,1.0,0.4,0.5305,1.1565788203386553,0.8736666666666667,0.7,0.3373333333333333,0.24633333333333332,0.2813333333333333,0.7443333333333333,1953.0,0:00:22.463535,14628287.32978017
544,0.1,3,0.1,0.001,1.0,0.5280555555555555,1.159379456521334,0.883,0.7083333333333334,0.31566666666666665,0.23233333333333334,0.29433333333333334,0.7346666666666667,2276.0,0:00:23.908314,14628311.249305489
545,0.1,3,0.1,0.001,0.8,0.533,1.1498946658440357,0.879,0.7143333333333334,0.33666666666666667,0.235,0.2916666666666667,0.7413333333333333,2412.0,0:00:26.002546,14628337.262580704
546,0.1,3,0.1,0.001,0.6,0.5311111111111111,1.1544425058674,0.8796666666666667,0.7126666666666667,0.32966666666666666,0.23566666666666666,0.2886666666666667,0.7403333333333333,2014.0,0:00:22.840091,14628360.114458997
547,0.1,3,0.1,0.001,0.4,0.5307777777777778,1.1601665250636575,0.87,0.7083333333333334,0.33766666666666667,0.23933333333333334,0.2846666666666667,0.7446666666666667,1813.0,0:00:21.184895,14628381.310048327
548,0.1,3,0.1,0.01,1.0,0.5289444444444444,1.1581341999569545,0.8833333333333333,0.711,0.321,0.234,0.2906666666666667,0.7336666666666667,2099.0,0:00:22.535232,14628403.856617255
549,0.1,3,0.1,0.01,0.8,0.5307222222222222,1.1506934042736032,0.882,0.7076666666666667,0.32133333333333336,0.23566666666666666,0.29433333333333334,0.7433333333333333,2415.0,0:00:25.985655,14628429.853527104
550,0.1,3,0.1,0.01,0.6,0.5322222222222223,1.154573834446352,0.882,0.7143333333333334,0.33066666666666666,0.23566666666666666,0.2866666666666667,0.744,1728.0,0:00:20.274361,14628450.13870028
551,0.1,3,0.1,0.01,0.4,0.5313888888888889,1.1598143923633042,0.878,0.7103333333333334,0.3383333333333333,0.23133333333333334,0.2856666666666667,0.7446666666666667,1659.0,0:00:19.867708,14628470.017664956
552,0.1,3,0.1,0.1,1.0,0.5301111111111111,1.1579983488368364,0.8836666666666667,0.7046666666666667,0.32133333333333336,0.241,0.2976666666666667,0.7323333333333333,2531.0,0:00:25.764077,14628495.792554108
553,0.1,3,0.1,0.1,0.8,0.5305555555555556,1.1502641154429358,0.8796666666666667,0.7063333333333334,0.329,0.237,0.292,0.7393333333333333,2137.0,0:00:23.611428,14628519.4156088
554,0.1,3,0.1,0.1,0.6,0.5324444444444445,1.154287488380896,0.877,0.708,0.333,0.24066666666666667,0.29233333333333333,0.7436666666666667,1901.0,0:00:21.837588,14628541.26397098
555,0.1,3,0.1,0.1,0.4,0.5305555555555556,1.160095318427041,0.8803333333333333,0.7066666666666667,0.337,0.23633333333333334,0.2796666666666667,0.7433333333333333,1662.0,0:00:19.876938,14628561.152290208
556,0.1,3,0.1,1.0,1.0,0.5283888888888889,1.1573921117074868,0.8836666666666667,0.7076666666666667,0.32133333333333336,0.23366666666666666,0.28933333333333333,0.7346666666666667,2306.0,0:00:24.132703,14628585.296283914
557,0.1,3,0.1,1.0,0.8,0.5302777777777777,1.1488050440773183,0.879,0.71,0.32766666666666666,0.23966666666666667,0.2866666666666667,0.7386666666666667,2616.0,0:00:27.684535,14628612.991710387
558,0.1,3,0.1,1.0,0.6,0.5332777777777777,1.1516977549931782,0.8756666666666667,0.7096666666666667,0.3313333333333333,0.25166666666666665,0.28833333333333333,0.743,2387.0,0:00:26.019467,14628639.022986634
559,0.1,3,0.1,1.0,0.4,0.5314444444444445,1.156910232205121,0.8783333333333333,0.709,0.33666666666666667,0.242,0.2796666666666667,0.743,1664.0,0:00:19.903482,14628658.93729051
560,0.1,3,1.0,0.001,1.0,0.5293333333333333,1.1604845268776085,0.8876666666666667,0.7243333333333334,0.345,0.16833333333333333,0.30266666666666664,0.748,1501.0,0:00:12.064238,14628671.012936512
561,0.1,3,1.0,0.001,0.8,0.5336666666666666,1.148474673723703,0.881,0.7143333333333334,0.33366666666666667,0.23666666666666666,0.2956666666666667,0.7406666666666667,2355.0,0:00:23.937475,14628694.961401412
562,0.1,3,1.0,0.001,0.6,0.5322777777777777,1.1556172525676958,0.8773333333333333,0.707,0.32966666666666666,0.24066666666666667,0.29433333333333334,0.7446666666666667,2201.0,0:00:24.384122,14628719.35723528
563,0.1,3,1.0,0.001,0.4,0.5335,1.1594152685499073,0.8753333333333333,0.7083333333333334,0.3476666666666667,0.24133333333333334,0.286,0.7423333333333333,1757.0,0:00:20.741205,14628740.109273456
564,0.1,3,1.0,0.01,1.0,0.5323888888888889,1.160122788173709,0.891,0.728,0.3446666666666667,0.174,0.31,0.7466666666666667,1495.0,0:00:12.085631,14628752.206341228
565,0.1,3,1.0,0.01,0.8,0.5333888888888889,1.1479720237727455,0.878,0.713,0.332,0.23933333333333334,0.295,0.743,2303.0,0:00:23.597214,14628775.814354878
566,0.1,3,1.0,0.01,0.6,0.531,1.1544601098092762,0.8766666666666667,0.71,0.321,0.24266666666666667,0.28933333333333333,0.7463333333333333,2232.0,0:00:24.676806,14628800.502860725
567,0.1,3,1.0,0.01,0.4,0.5329444444444444,1.1604604908001919,0.8776666666666667,0.7096666666666667,0.336,0.23833333333333334,0.29033333333333333,0.7456666666666667,1703.0,0:00:20.264874,14628820.778586635
568,0.1,3,1.0,0.1,1.0,0.5286666666666666,1.1604108379197926,0.8896666666666667,0.7263333333333334,0.3473333333333333,0.17,0.296,0.7426666666666667,1505.0,0:00:12.081227,14628832.871247308
569,0.1,3,1.0,0.1,0.8,0.5315555555555556,1.1472496322929733,0.879,0.7143333333333334,0.337,0.22666666666666666,0.291,0.7413333333333333,2131.0,0:00:22.489082,14628855.371233942
570,0.1,3,1.0,0.1,0.6,0.5347777777777778,1.1534753427148094,0.88,0.7153333333333334,0.3333333333333333,0.24033333333333334,0.2956666666666667,0.744,2041.0,0:00:23.003320,14628878.38635336
571,0.1,3,1.0,0.1,0.4,0.5328888888888889,1.1602795473819831,0.8776666666666667,0.712,0.339,0.23566666666666666,0.28833333333333333,0.7446666666666667,1618.0,0:00:19.462473,14628897.859707555
572,0.1,3,1.0,1.0,1.0,0.5297222222222222,1.1607225567851251,0.8893333333333333,0.7266666666666667,0.3466666666666667,0.17233333333333334,0.29533333333333334,0.748,1598.0,0:00:12.346835,14628910.218027491
573,0.1,3,1.0,1.0,0.8,0.5331111111111111,1.148219349813143,0.879,0.711,0.334,0.23666666666666666,0.2996666666666667,0.7383333333333333,2415.0,0:00:24.332339,14628934.561255343
574,0.1,3,1.0,1.0,0.6,0.5354444444444444,1.1531534621138622,0.8773333333333333,0.7156666666666667,0.339,0.25133333333333335,0.2856666666666667,0.7436666666666667,1971.0,0:00:22.301867,14628956.874932945
575,0.1,3,1.0,1.0,0.4,0.5329444444444444,1.1585498224516302,0.8793333333333333,0.7076666666666667,0.3413333333333333,0.24533333333333332,0.27666666666666667,0.7473333333333333,1662.0,0:00:19.912431,14628976.798284153
576,0.1,4,0.001,0.001,1.0,0.5278888888888889,1.1582482929715767,0.8786666666666667,0.7116666666666667,0.3303333333333333,0.23566666666666666,0.2906666666666667,0.7203333333333334,1307.0,0:00:23.825400,14629000.635929357
577,0.1,4,0.001,0.001,0.8,0.5322777777777777,1.148455369504613,0.8773333333333333,0.714,0.3423333333333333,0.24333333333333335,0.288,0.7286666666666667,1337.0,0:00:24.989065,14629025.635875016
578,0.1,4,0.001,0.001,0.6,0.5328888888888889,1.1525559115620416,0.8756666666666667,0.7113333333333334,0.331,0.24266666666666667,0.2986666666666667,0.738,1293.0,0:00:24.660647,14629050.308092464
579,0.1,4,0.001,0.001,0.4,0.5265555555555556,1.1651953524051957,0.8706666666666667,0.708,0.3353333333333333,0.23733333333333334,0.2836666666666667,0.7243333333333334,1120.0,0:00:22.598909,14629072.918435134
580,0.1,4,0.001,0.01,1.0,0.5278333333333334,1.1577454444310162,0.8793333333333333,0.7143333333333334,0.3273333333333333,0.236,0.28733333333333333,0.7226666666666667,1315.0,0:00:23.887002,14629096.816448512
581,0.1,4,0.001,0.01,0.8,0.5316666666666666,1.148471513159091,0.8786666666666667,0.709,0.342,0.239,0.2936666666666667,0.7276666666666667,1328.0,0:00:24.891699,14629121.719983222
582,0.1,4,0.001,0.01,0.6,0.5318333333333334,1.1534083972929137,0.8773333333333333,0.7106666666666667,0.3423333333333333,0.23533333333333334,0.2926666666666667,0.7326666666666667,1095.0,0:00:22.177128,14629143.908111515
583,0.1,4,0.001,0.01,0.4,0.5272777777777777,1.1671203436095028,0.8713333333333333,0.7026666666666667,0.33266666666666667,0.236,0.2916666666666667,0.7293333333333333,976.0,0:00:20.731226,14629164.650916608
584,0.1,4,0.001,0.1,1.0,0.5286666666666666,1.1588952279140001,0.8816666666666667,0.7116666666666667,0.32666666666666666,0.236,0.299,0.717,1318.0,0:00:23.933604,14629188.596085945
585,0.1,4,0.001,0.1,0.8,0.5305,1.1487278672675887,0.877,0.7096666666666667,0.338,0.23466666666666666,0.2936666666666667,0.73,1350.0,0:00:25.151544,14629213.75866086
586,0.1,4,0.001,0.1,0.6,0.5326111111111111,1.1526921896681013,0.8796666666666667,0.7116666666666667,0.3313333333333333,0.245,0.29433333333333334,0.7336666666666667,1220.0,0:00:23.725869,14629237.496421976
587,0.1,4,0.001,0.1,0.4,0.53,1.1632282352754058,0.8713333333333333,0.704,0.33266666666666667,0.24733333333333332,0.29133333333333333,0.7333333333333333,1089.0,0:00:22.185976,14629259.693395687
588,0.1,4,0.001,1.0,1.0,0.5282777777777777,1.1558784574075047,0.8783333333333333,0.7073333333333334,0.3273333333333333,0.23566666666666666,0.295,0.726,1467.0,0:00:25.660151,14629285.365172982
589,0.1,4,0.001,1.0,0.8,0.5334444444444445,1.148773803606758,0.881,0.716,0.3383333333333333,0.238,0.292,0.7353333333333333,1186.0,0:00:23.110932,14629308.48769539
590,0.1,4,0.001,1.0,0.6,0.5297222222222222,1.1513606594961687,0.872,0.708,0.33,0.24466666666666667,0.2946666666666667,0.729,1316.0,0:00:24.928126,14629333.4269534
591,0.1,4,0.001,1.0,0.4,0.5285,1.1627837367068476,0.8733333333333333,0.71,0.32966666666666666,0.242,0.28633333333333333,0.7296666666666667,1089.0,0:00:22.143371,14629355.582558706
592,0.1,4,0.01,0.001,1.0,0.528,1.1590666446577456,0.8823333333333333,0.7123333333333334,0.326,0.23833333333333334,0.28933333333333333,0.7196666666666667,1398.0,0:00:24.918480,14629380.512115087
593,0.1,4,0.01,0.001,0.8,0.5311111111111111,1.1477541135860974,0.8796666666666667,0.7116666666666667,0.3303333333333333,0.24133333333333334,0.2906666666666667,0.733,1350.0,0:00:25.094633,14629405.618374132
594,0.1,4,0.01,0.001,0.6,0.5312222222222223,1.1528210092886317,0.8816666666666667,0.7123333333333334,0.3383333333333333,0.23566666666666666,0.288,0.7313333333333333,1107.0,0:00:22.302832,14629427.932803284
595,0.1,4,0.01,0.001,0.4,0.5274444444444445,1.164023220486428,0.8736666666666667,0.703,0.334,0.24833333333333332,0.2793333333333333,0.7263333333333334,1160.0,0:00:23.080164,14629451.024129383
596,0.1,4,0.01,0.01,1.0,0.5258333333333334,1.1592564817246374,0.8746666666666667,0.7073333333333334,0.328,0.23933333333333334,0.288,0.7176666666666667,1421.0,0:00:25.153236,14629476.188952629
597,0.1,4,0.01,0.01,0.8,0.5296111111111111,1.149186870859611,0.8763333333333333,0.7063333333333334,0.3303333333333333,0.245,0.29,0.7296666666666667,1350.0,0:00:25.128459,14629501.328579096
598,0.1,4,0.01,0.01,0.6,0.5336666666666666,1.1519005498532853,0.8783333333333333,0.709,0.3396666666666667,0.23566666666666666,0.303,0.7363333333333333,1318.0,0:00:24.979161,14629526.319390193
599,0.1,4,0.01,0.01,0.4,0.5249444444444444,1.1666420604516954,0.8716666666666667,0.7013333333333334,0.327,0.23666666666666666,0.286,0.727,1097.0,0:00:22.256700,14629548.587759787
600,0.1,4,0.01,0.1,1.0,0.528,1.158337929978556,0.8816666666666667,0.711,0.3273333333333333,0.23366666666666666,0.29133333333333333,0.723,1227.0,0:00:22.848233,14629571.447189815
601,0.1,4,0.01,0.1,0.8,0.5328333333333334,1.1496296429353536,0.8766666666666667,0.7063333333333334,0.32766666666666666,0.25366666666666665,0.299,0.7336666666666667,1516.0,0:00:27.276506,14629598.735316165
602,0.1,4,0.01,0.1,0.6,0.5315555555555556,1.1521899764201218,0.8793333333333333,0.7063333333333334,0.33766666666666667,0.23833333333333334,0.2906666666666667,0.737,1106.0,0:00:22.307678,14629621.0541392
603,0.1,4,0.01,0.1,0.4,0.5268888888888889,1.1651072816349028,0.8726666666666667,0.706,0.3333333333333333,0.23733333333333334,0.2796666666666667,0.7323333333333333,1086.0,0:00:22.163166,14629643.228998484
604,0.1,4,0.01,1.0,1.0,0.5293333333333333,1.156384660544575,0.8803333333333333,0.7113333333333334,0.33266666666666667,0.235,0.29033333333333333,0.7263333333333334,1382.0,0:00:24.665819,14629667.905943856
605,0.1,4,0.01,1.0,0.8,0.5325555555555556,1.146703352966319,0.8796666666666667,0.7113333333333334,0.3363333333333333,0.24333333333333335,0.288,0.7366666666666667,1341.0,0:00:25.035533,14629692.953201244
606,0.1,4,0.01,1.0,0.6,0.5307222222222222,1.1495545970855026,0.8746666666666667,0.705,0.33566666666666667,0.23933333333333334,0.29933333333333334,0.7303333333333333,1301.0,0:00:24.771873,14629717.736938564
607,0.1,4,0.01,1.0,0.4,0.5287222222222222,1.16280428628048,0.873,0.7143333333333334,0.3293333333333333,0.24066666666666667,0.2886666666666667,0.7263333333333334,1092.0,0:00:22.164281,14629739.912430039
608,0.1,4,0.1,0.001,1.0,0.53,1.1592619283923444,0.88,0.7133333333333334,0.33,0.24166666666666667,0.295,0.72,1382.0,0:00:24.194209,14629764.118411064
609,0.1,4,0.1,0.001,0.8,0.5278888888888889,1.1483541521272003,0.8746666666666667,0.709,0.32766666666666666,0.23266666666666666,0.29033333333333333,0.733,1351.0,0:00:25.178790,14629789.308379292
610,0.1,4,0.1,0.001,0.6,0.5322222222222223,1.1522242657739137,0.8796666666666667,0.7083333333333334,0.3363333333333333,0.23766666666666666,0.298,0.7333333333333333,1317.0,0:00:24.932914,14629814.253042826
611,0.1,4,0.1,0.001,0.4,0.5282777777777777,1.1649419254321633,0.873,0.708,0.3303333333333333,0.246,0.2786666666666667,0.7336666666666667,1079.0,0:00:22.022426,14629836.287142552
612,0.1,4,0.1,0.01,1.0,0.5261111111111111,1.1587605548240594,0.8803333333333333,0.7126666666666667,0.32,0.23333333333333334,0.29033333333333333,0.72,1289.0,0:00:23.256819,14629859.555176232
613,0.1,4,0.1,0.01,0.8,0.5314444444444445,1.1496818795736736,0.878,0.7113333333333334,0.333,0.23966666666666667,0.29733333333333334,0.7293333333333333,1307.0,0:00:24.617075,14629884.184330609
614,0.1,4,0.1,0.01,0.6,0.5317777777777778,1.1509274223492134,0.88,0.7073333333333334,0.3313333333333333,0.24566666666666667,0.2976666666666667,0.7286666666666667,1220.0,0:00:23.694842,14629907.890351174
615,0.1,4,0.1,0.01,0.4,0.529,1.1640235342845264,0.876,0.7106666666666667,0.329,0.23133333333333334,0.3,0.727,978.0,0:00:20.709748,14629928.611935208
616,0.1,4,0.1,0.1,1.0,0.5291111111111111,1.1578324174650045,0.882,0.7103333333333334,0.329,0.237,0.2886666666666667,0.7276666666666667,1290.0,0:00:23.378985,14629952.002682164
617,0.1,4,0.1,0.1,0.8,0.5318333333333334,1.149604007009578,0.8773333333333333,0.7053333333333334,0.3393333333333333,0.24,0.297,0.732,1304.0,0:00:24.554069,14629976.568242384
618,0.1,4,0.1,0.1,0.6,0.5313888888888889,1.152260781957976,0.8766666666666667,0.7086666666666667,0.33766666666666667,0.244,0.29333333333333333,0.728,1219.0,0:00:23.683418,14630000.263822837
619,0.1,4,0.1,0.1,0.4,0.5290555555555555,1.1664961074649036,0.8736666666666667,0.7043333333333334,0.3303333333333333,0.23866666666666667,0.2966666666666667,0.7306666666666667,1091.0,0:00:22.179303,14630022.45433648
620,0.1,4,0.1,1.0,1.0,0.5278333333333334,1.1543229978999896,0.8793333333333333,0.7113333333333334,0.3283333333333333,0.231,0.2886666666666667,0.7283333333333334,1395.0,0:00:24.293375,14630046.759525023
621,0.1,4,0.1,1.0,0.8,0.5315,1.1481959485104019,0.8756666666666667,0.7116666666666667,0.33566666666666667,0.24166666666666667,0.2906666666666667,0.7336666666666667,1353.0,0:00:25.189925,14630071.961463338
622,0.1,4,0.1,1.0,0.6,0.5318888888888889,1.1507606088972497,0.8773333333333333,0.7083333333333334,0.3343333333333333,0.24766666666666667,0.289,0.7346666666666667,1403.0,0:00:26.047619,14630098.020344935
623,0.1,4,0.1,1.0,0.4,0.5291111111111111,1.1630613569083732,0.8753333333333333,0.7053333333333334,0.3343333333333333,0.23566666666666666,0.2896666666666667,0.7343333333333333,1083.0,0:00:22.055687,14630120.088167109
624,0.1,4,1.0,0.001,1.0,0.5277222222222222,1.155639757341198,0.8866666666666667,0.7233333333333334,0.3516666666666667,0.173,0.29733333333333334,0.7343333333333333,991.0,0:00:11.682904,14630131.782300016
625,0.1,4,1.0,0.001,0.8,0.5309444444444444,1.1489387677411138,0.878,0.7126666666666667,0.336,0.242,0.286,0.731,1371.0,0:00:21.531879,14630153.32594084
626,0.1,4,1.0,0.001,0.6,0.5328888888888889,1.1516843008164375,0.8773333333333333,0.7123333333333334,0.3406666666666667,0.23666666666666666,0.2976666666666667,0.7326666666666667,1220.0,0:00:23.294186,14630176.631460752
627,0.1,4,1.0,0.001,0.4,0.5258888888888889,1.1651066290045582,0.8743333333333333,0.7063333333333334,0.332,0.23966666666666667,0.276,0.727,1081.0,0:00:21.966984,14630198.610597806
628,0.1,4,1.0,0.01,1.0,0.528,1.1556377850759085,0.8883333333333333,0.7233333333333334,0.3473333333333333,0.17133333333333334,0.304,0.7336666666666667,1002.0,0:00:11.728872,14630210.350777324
629,0.1,4,1.0,0.01,0.8,0.5321111111111111,1.147575939625655,0.8823333333333333,0.7113333333333334,0.3383333333333333,0.235,0.291,0.7346666666666667,1337.0,0:00:21.285393,14630231.647978665
630,0.1,4,1.0,0.01,0.6,0.5352222222222223,1.1518944852299589,0.8776666666666667,0.7083333333333334,0.3463333333333333,0.249,0.29433333333333334,0.7356666666666667,1219.0,0:00:23.258628,14630254.917986512
631,0.1,4,1.0,0.01,0.4,0.5289444444444444,1.1660109861467687,0.8703333333333333,0.7086666666666667,0.33266666666666667,0.246,0.287,0.729,1130.0,0:00:22.509688,14630277.439511936
632,0.1,4,1.0,0.1,1.0,0.5297222222222222,1.1548300706713268,0.89,0.7253333333333334,0.35333333333333333,0.174,0.297,0.7386666666666667,998.0,0:00:11.708605,14630289.159486426
633,0.1,4,1.0,0.1,0.8,0.5306666666666666,1.147360086677609,0.875,0.712,0.3313333333333333,0.24,0.295,0.7306666666666667,1485.0,0:00:22.388004,14630311.559301369
634,0.1,4,1.0,0.1,0.6,0.5327222222222222,1.1516217810703022,0.8816666666666667,0.7083333333333334,0.348,0.23966666666666667,0.29033333333333333,0.7283333333333334,1114.0,0:00:22.006258,14630333.576947803
635,0.1,4,1.0,0.1,0.4,0.5272777777777777,1.1642341190049552,0.8723333333333333,0.7066666666666667,0.3233333333333333,0.24033333333333334,0.2906666666666667,0.7303333333333333,1086.0,0:00:21.929146,14630355.517952668
636,0.1,4,1.0,1.0,1.0,0.5303333333333333,1.15456212391096,0.8896666666666667,0.722,0.3433333333333333,0.183,0.304,0.74,1082.0,0:00:11.919187,14630367.448774084
637,0.1,4,1.0,1.0,0.8,0.5332222222222223,1.1468714579730335,0.8773333333333333,0.7153333333333334,0.3393333333333333,0.23766666666666666,0.2956666666666667,0.734,1372.0,0:00:21.694872,14630389.15550906
638,0.1,4,1.0,1.0,0.6,0.5363888888888889,1.1501917454279362,0.8786666666666667,0.7116666666666667,0.3363333333333333,0.25633333333333336,0.306,0.7293333333333333,1421.0,0:00:25.653051,14630414.8199828
639,0.1,4,1.0,1.0,0.4,0.5288888888888889,1.1600178838832098,0.8753333333333333,0.7056666666666667,0.3393333333333333,0.241,0.2776666666666667,0.7343333333333333,1089.0,0:00:22.034897,14630436.866793867
640,0.1,5,0.001,0.001,1.0,0.5281666666666667,1.1593289107408375,0.879,0.7086666666666667,0.3303333333333333,0.23533333333333334,0.302,0.7136666666666667,905.0,0:00:28.515190,14630465.39338553
641,0.1,5,0.001,0.001,0.8,0.5293333333333333,1.1528131148483305,0.8746666666666667,0.711,0.3373333333333333,0.23733333333333334,0.2946666666666667,0.721,941.0,0:00:30.226015,14630495.631347608
642,0.1,5,0.001,0.001,0.6,0.5309444444444444,1.155152136647868,0.8696666666666667,0.71,0.3443333333333333,0.25466666666666665,0.289,0.718,794.0,0:00:27.745274,14630523.388491496
643,0.1,5,0.001,0.001,0.4,0.5234444444444445,1.1702130393128154,0.873,0.6996666666666667,0.3413333333333333,0.23833333333333334,0.2763333333333333,0.712,709.0,0:00:26.225905,14630549.625781767
644,0.1,5,0.001,0.01,1.0,0.5240555555555556,1.1593619287896295,0.8763333333333333,0.7083333333333334,0.326,0.234,0.293,0.7066666666666667,856.0,0:00:27.567394,14630577.205134332
645,0.1,5,0.001,0.01,0.8,0.5311111111111111,1.1527473965614754,0.8763333333333333,0.7086666666666667,0.35,0.243,0.292,0.7166666666666667,811.0,0:00:27.747819,14630604.970214305
646,0.1,5,0.001,0.01,0.6,0.5315,1.1553750272291932,0.8726666666666667,0.7086666666666667,0.33466666666666667,0.25433333333333336,0.29433333333333334,0.7243333333333334,785.0,0:00:27.485907,14630632.467466796
647,0.1,5,0.001,0.01,0.4,0.5247777777777778,1.1693609803793852,0.8703333333333333,0.7,0.3486666666666667,0.22833333333333333,0.2866666666666667,0.7146666666666667,707.0,0:00:26.102088,14630658.581535282
648,0.1,5,0.001,0.1,1.0,0.5261111111111111,1.1601448644977417,0.878,0.7133333333333334,0.32766666666666666,0.23433333333333334,0.2996666666666667,0.7036666666666667,777.0,0:00:26.119182,14630684.713029824
649,0.1,5,0.001,0.1,0.8,0.5268333333333334,1.1517476297033022,0.874,0.7033333333333334,0.337,0.24133333333333334,0.285,0.7203333333333334,1007.0,0:00:31.289620,14630716.014025513
650,0.1,5,0.001,0.1,0.6,0.5307777777777778,1.155215973574984,0.8716666666666667,0.7053333333333334,0.3426666666666667,0.24933333333333332,0.2966666666666667,0.719,794.0,0:00:27.620666,14630743.64671966
651,0.1,5,0.001,0.1,0.4,0.5239444444444444,1.1681105982053068,0.8703333333333333,0.708,0.3293333333333333,0.22733333333333333,0.2926666666666667,0.716,640.0,0:00:24.781015,14630768.439900463
652,0.1,5,0.001,1.0,1.0,0.5266111111111111,1.1592476431411405,0.8763333333333333,0.7103333333333334,0.33066666666666666,0.22866666666666666,0.301,0.7126666666666667,857.0,0:00:27.575684,14630796.027521169
653,0.1,5,0.001,1.0,0.8,0.5292222222222223,1.1515968867144986,0.871,0.7116666666666667,0.3406666666666667,0.24333333333333335,0.28933333333333333,0.7193333333333334,882.0,0:00:29.097846,14630825.13682608
654,0.1,5,0.001,1.0,0.6,0.5318333333333334,1.1514157203379687,0.8753333333333333,0.7073333333333334,0.343,0.24733333333333332,0.30033333333333334,0.7176666666666667,786.0,0:00:27.542325,14630852.691143095
655,0.1,5,0.001,1.0,0.4,0.5266111111111111,1.1635223468246372,0.874,0.7006666666666667,0.33866666666666667,0.23833333333333334,0.29233333333333333,0.7156666666666667,718.0,0:00:26.327438,14630879.030530931
656,0.1,5,0.01,0.001,1.0,0.5255555555555556,1.1605691465867627,0.8776666666666667,0.7093333333333334,0.324,0.23266666666666666,0.3016666666666667,0.708,810.0,0:00:26.759772,14630905.801818596
657,0.1,5,0.01,0.001,0.8,0.5311111111111111,1.1501634084141308,0.8786666666666667,0.714,0.3463333333333333,0.23533333333333334,0.29333333333333333,0.719,845.0,0:00:28.315712,14630934.12956326
658,0.1,5,0.01,0.001,0.6,0.5322777777777777,1.1551812756192512,0.873,0.699,0.347,0.254,0.29833333333333334,0.7223333333333334,794.0,0:00:27.717744,14630961.859346425
659,0.1,5,0.01,0.001,0.4,0.5223888888888889,1.169339585932794,0.8693333333333333,0.7003333333333334,0.33466666666666667,0.23766666666666666,0.286,0.7063333333333334,627.0,0:00:24.602338,14630986.473199764
660,0.1,5,0.01,0.01,1.0,0.5250555555555556,1.1619211361247992,0.877,0.7086666666666667,0.32866666666666666,0.238,0.2876666666666667,0.7103333333333334,880.0,0:00:27.948394,14631014.433610424
661,0.1,5,0.01,0.01,0.8,0.5287777777777778,1.1506146525971128,0.8756666666666667,0.7016666666666667,0.3396666666666667,0.235,0.30033333333333334,0.7203333333333334,860.0,0:00:28.608262,14631043.05387346
662,0.1,5,0.01,0.01,0.6,0.5335555555555556,1.155457680125768,0.8716666666666667,0.7083333333333334,0.337,0.25666666666666665,0.297,0.7306666666666667,788.0,0:00:27.556927,14631070.622333111
663,0.1,5,0.01,0.01,0.4,0.5277777777777778,1.1666162745686415,0.8756666666666667,0.6976666666666667,0.3353333333333333,0.24433333333333335,0.3006666666666667,0.713,719.0,0:00:26.235140,14631096.869594773
664,0.1,5,0.01,0.1,1.0,0.5265,1.1595828161364414,0.879,0.707,0.3273333333333333,0.24566666666666667,0.29433333333333334,0.7056666666666667,925.0,0:00:28.684037,14631125.565659411
665,0.1,5,0.01,0.1,0.8,0.5300555555555555,1.1513038663430188,0.8776666666666667,0.7036666666666667,0.3383333333333333,0.23933333333333334,0.29733333333333334,0.724,829.0,0:00:28.034863,14631153.612065328
666,0.1,5,0.01,0.1,0.6,0.5327222222222222,1.1540802518420554,0.8733333333333333,0.709,0.345,0.25033333333333335,0.29533333333333334,0.7233333333333334,862.0,0:00:28.887062,14631182.511452263
667,0.1,5,0.01,0.1,0.4,0.5242222222222223,1.1672506356645318,0.868,0.6943333333333334,0.3403333333333333,0.23833333333333334,0.29233333333333333,0.712,718.0,0:00:26.274583,14631208.798404643
668,0.1,5,0.01,1.0,1.0,0.5285,1.1563469337478693,0.876,0.7103333333333334,0.326,0.23866666666666667,0.30266666666666664,0.7173333333333334,942.0,0:00:29.077399,14631237.887292152
669,0.1,5,0.01,1.0,0.8,0.5299444444444444,1.1502546647253036,0.875,0.709,0.34,0.242,0.2956666666666667,0.718,920.0,0:00:29.790938,14631267.690330427
670,0.1,5,0.01,1.0,0.6,0.5299444444444444,1.1534714679932243,0.871,0.702,0.3426666666666667,0.252,0.29133333333333333,0.7206666666666667,862.0,0:00:28.948139,14631296.65060562
671,0.1,5,0.01,1.0,0.4,0.5243888888888889,1.1638324323744227,0.8746666666666667,0.6983333333333334,0.338,0.245,0.27466666666666667,0.7156666666666667,732.0,0:00:26.604966,14631323.267629676
672,0.1,5,0.1,0.001,1.0,0.5271111111111111,1.1571815572392785,0.878,0.7066666666666667,0.3343333333333333,0.24,0.29433333333333334,0.7093333333333334,907.0,0:00:26.454498,14631349.733730752
673,0.1,5,0.1,0.001,0.8,0.5297777777777778,1.153636709694256,0.8733333333333333,0.7036666666666667,0.343,0.24466666666666667,0.296,0.718,941.0,0:00:29.979803,14631379.725718966
674,0.1,5,0.1,0.001,0.6,0.5318333333333334,1.1541563097630363,0.8756666666666667,0.7053333333333334,0.3403333333333333,0.255,0.293,0.7216666666666667,796.0,0:00:27.589419,14631407.327613449
675,0.1,5,0.1,0.001,0.4,0.5271666666666667,1.1696876216302639,0.868,0.7033333333333334,0.342,0.24233333333333335,0.2936666666666667,0.7136666666666667,683.0,0:00:25.589439,14631432.928603068
676,0.1,5,0.1,0.01,1.0,0.5256666666666666,1.1604277481905423,0.8723333333333333,0.7036666666666667,0.33166666666666667,0.24166666666666667,0.2956666666666667,0.709,929.0,0:00:26.870806,14631459.811589755
677,0.1,5,0.1,0.01,0.8,0.5308888888888889,1.150785985403204,0.8736666666666667,0.7076666666666667,0.33566666666666667,0.24733333333333332,0.3,0.721,836.0,0:00:28.051853,14631487.875949482
678,0.1,5,0.1,0.01,0.6,0.5309444444444444,1.1558384354782827,0.8733333333333333,0.708,0.343,0.24433333333333335,0.29833333333333334,0.7186666666666667,778.0,0:00:27.253238,14631515.140806148
679,0.1,5,0.1,0.01,0.4,0.5235,1.168592391575298,0.872,0.7006666666666667,0.334,0.232,0.2843333333333333,0.718,637.0,0:00:24.675609,14631539.828619445
680,0.1,5,0.1,0.1,1.0,0.5299444444444444,1.1592759990683754,0.88,0.7113333333333334,0.3416666666666667,0.236,0.3,0.7106666666666667,859.0,0:00:25.867712,14631565.70843198
681,0.1,5,0.1,0.1,0.8,0.5307777777777778,1.1501263577263043,0.879,0.712,0.3443333333333333,0.231,0.30033333333333334,0.718,832.0,0:00:28.041414,14631593.76172772
682,0.1,5,0.1,0.1,0.6,0.5310555555555555,1.1546710088960317,0.8723333333333333,0.709,0.33666666666666667,0.25266666666666665,0.29733333333333334,0.7183333333333334,786.0,0:00:27.430174,14631621.204120891
683,0.1,5,0.1,0.1,0.4,0.5271666666666667,1.166823440542525,0.8726666666666667,0.702,0.3476666666666667,0.24133333333333334,0.28633333333333333,0.713,738.0,0:00:26.575550,14631647.792176329
684,0.1,5,0.1,1.0,1.0,0.5273333333333333,1.1571005217557715,0.8773333333333333,0.7116666666666667,0.32866666666666666,0.234,0.29533333333333334,0.717,887.0,0:00:26.282674,14631674.086473487
685,0.1,5,0.1,1.0,0.8,0.5289444444444444,1.1515142687728606,0.8753333333333333,0.7096666666666667,0.33566666666666667,0.24266666666666667,0.2926666666666667,0.7176666666666667,960.0,0:00:30.465548,14631704.56430922
686,0.1,5,0.1,1.0,0.6,0.5321666666666667,1.1517870248568634,0.8736666666666667,0.7123333333333334,0.33766666666666667,0.248,0.2986666666666667,0.7226666666666667,793.0,0:00:27.653692,14631732.230563767
687,0.1,5,0.1,1.0,0.4,0.5247222222222222,1.1649036146155143,0.873,0.7016666666666667,0.3343333333333333,0.244,0.2793333333333333,0.716,712.0,0:00:26.203096,14631758.44588452
688,0.1,5,1.0,0.001,1.0,0.5303333333333333,1.154739327094732,0.8836666666666667,0.7233333333333334,0.36433333333333334,0.18866666666666668,0.2996666666666667,0.7223333333333334,697.0,0:00:11.673373,14631770.130933916
689,0.1,5,1.0,0.001,0.8,0.5303888888888889,1.1483872004199063,0.876,0.7073333333333334,0.34,0.246,0.293,0.72,1153.0,0:00:22.438095,14631792.58071678
690,0.1,5,1.0,0.001,0.6,0.528,1.1545984025784164,0.8723333333333333,0.7046666666666667,0.3343333333333333,0.253,0.2813333333333333,0.7223333333333334,849.0,0:00:24.962901,14631817.555928236
691,0.1,5,1.0,0.001,0.4,0.5252777777777777,1.169146392638363,0.867,0.7016666666666667,0.3423333333333333,0.24433333333333335,0.28933333333333333,0.707,788.0,0:00:25.942715,14631843.510857511
692,0.1,5,1.0,0.01,1.0,0.528,1.1553260010713169,0.8813333333333333,0.7223333333333334,0.3463333333333333,0.18466666666666667,0.31166666666666665,0.7216666666666667,700.0,0:00:11.667897,14631855.1905297
693,0.1,5,1.0,0.01,0.8,0.5308888888888889,1.148908553065409,0.8736666666666667,0.707,0.3496666666666667,0.24266666666666667,0.2886666666666667,0.7236666666666667,1012.0,0:00:21.639211,14631876.8419978
694,0.1,5,1.0,0.01,0.6,0.5304444444444445,1.1548674674055635,0.874,0.7096666666666667,0.3353333333333333,0.24533333333333332,0.29833333333333334,0.72,787.0,0:00:24.133172,14631900.98695164
695,0.1,5,1.0,0.01,0.4,0.5231111111111111,1.1668580767660446,0.8713333333333333,0.7006666666666667,0.33566666666666667,0.23566666666666666,0.2843333333333333,0.711,704.0,0:00:24.627921,14631925.627133716
696,0.1,5,1.0,0.1,1.0,0.529,1.1528726075100002,0.8786666666666667,0.725,0.34933333333333333,0.19066666666666668,0.30366666666666664,0.7266666666666667,707.0,0:00:11.754593,14631937.393680643
697,0.1,5,1.0,0.1,0.8,0.5295555555555556,1.1470583343372747,0.8766666666666667,0.7066666666666667,0.34,0.237,0.2956666666666667,0.7213333333333334,899.0,0:00:20.754505,14631958.160421357
698,0.1,5,1.0,0.1,0.6,0.5296111111111111,1.154177427941288,0.8783333333333333,0.7036666666666667,0.3433333333333333,0.243,0.282,0.7273333333333334,786.0,0:00:24.199920,14631982.372164572
699,0.1,5,1.0,0.1,0.4,0.5247222222222222,1.1659705268020515,0.8656666666666667,0.698,0.331,0.25833333333333336,0.2783333333333333,0.717,811.0,0:00:26.310159,14632008.69495823
700,0.1,5,1.0,1.0,1.0,0.5285,1.1525666320285601,0.883,0.7183333333333334,0.347,0.18733333333333332,0.30533333333333335,0.73,825.0,0:00:12.238851,14632020.945524737
701,0.1,5,1.0,1.0,0.8,0.5332222222222223,1.1476801506940721,0.875,0.7106666666666667,0.35133333333333333,0.24266666666666667,0.2926666666666667,0.727,1009.0,0:00:21.869650,14632042.82745877
702,0.1,5,1.0,1.0,0.6,0.5311111111111111,1.1525969207326927,0.8763333333333333,0.7033333333333334,0.3416666666666667,0.245,0.2926666666666667,0.7276666666666667,787.0,0:00:24.458751,14632067.298033845
703,0.1,5,1.0,1.0,0.4,0.5256666666666666,1.1622357034693653,0.8686666666666667,0.707,0.337,0.243,0.2773333333333333,0.721,653.0,0:00:23.882521,14632091.192923656
704,0.1,6,0.001,0.001,1.0,0.5255,1.1622816948018522,0.8716666666666667,0.7063333333333334,0.33666666666666667,0.24166666666666667,0.303,0.6936666666666667,628.0,0:00:36.182480,14632127.387148432
705,0.1,6,0.001,0.001,0.8,0.5255,1.1554951175539965,0.875,0.7066666666666667,0.337,0.24,0.2906666666666667,0.7036666666666667,630.0,0:00:37.879578,14632165.279116316
706,0.1,6,0.001,0.001,0.6,0.5253888888888889,1.1584690205036625,0.8713333333333333,0.7,0.332,0.25433333333333336,0.296,0.6986666666666667,531.0,0:00:35.618480,14632200.909969175
707,0.1,6,0.001,0.001,0.4,0.5213333333333333,1.1730691074359159,0.863,0.6996666666666667,0.345,0.236,0.2876666666666667,0.6966666666666667,464.0,0:00:33.676862,14632234.59923839
708,0.1,6,0.001,0.01,1.0,0.5228888888888888,1.1625329442581736,0.87,0.7086666666666667,0.32566666666666666,0.232,0.30366666666666664,0.6973333333333334,623.0,0:00:35.921494,14632270.533144776
709,0.1,6,0.001,0.01,0.8,0.5275555555555556,1.15327446723651,0.873,0.7026666666666667,0.348,0.24166666666666667,0.29133333333333333,0.7086666666666667,623.0,0:00:37.583774,14632308.129321638
710,0.1,6,0.001,0.01,0.6,0.5281111111111111,1.1589567725926249,0.87,0.706,0.3423333333333333,0.254,0.2866666666666667,0.7096666666666667,513.0,0:00:34.928404,14632343.070111772
711,0.1,6,0.001,0.01,0.4,0.5194444444444445,1.173231093113154,0.869,0.69,0.3343333333333333,0.23833333333333334,0.2833333333333333,0.7016666666666667,485.0,0:00:34.097282,14632377.180291753
712,0.1,6,0.001,0.1,1.0,0.5247777777777778,1.1626153767084588,0.8716666666666667,0.7073333333333334,0.3403333333333333,0.23433333333333334,0.29733333333333334,0.6976666666666667,580.0,0:00:34.664187,14632411.856837695
713,0.1,6,0.001,0.1,0.8,0.534,1.1518801072355564,0.8736666666666667,0.707,0.3626666666666667,0.24966666666666668,0.306,0.705,662.0,0:00:38.504677,14632450.37341068
714,0.1,6,0.001,0.1,0.6,0.5281666666666667,1.1589215726538458,0.875,0.7053333333333334,0.336,0.24466666666666667,0.309,0.699,561.0,0:00:36.108817,14632486.499737298
715,0.1,6,0.001,0.1,0.4,0.5225,1.171124226544804,0.8703333333333333,0.702,0.32966666666666666,0.23666666666666666,0.292,0.7043333333333334,470.0,0:00:33.516917,14632520.029086787
716,0.1,6,0.001,1.0,1.0,0.5293888888888889,1.161064345269175,0.876,0.705,0.3433333333333333,0.23833333333333334,0.314,0.6996666666666667,660.0,0:00:36.991561,14632557.033078209
717,0.1,6,0.001,1.0,0.8,0.5291666666666667,1.153074226424014,0.8743333333333333,0.7076666666666667,0.3373333333333333,0.24766666666666667,0.2976666666666667,0.7103333333333334,688.0,0:00:39.595916,14632596.641491024
718,0.1,6,0.001,1.0,0.6,0.5288333333333334,1.1558389174569188,0.8713333333333333,0.7043333333333334,0.3453333333333333,0.24633333333333332,0.2956666666666667,0.71,594.0,0:00:37.424663,14632634.078640413
719,0.1,6,0.001,1.0,0.4,0.5221111111111111,1.1678351983809245,0.8676666666666667,0.6963333333333334,0.331,0.24833333333333332,0.29533333333333334,0.694,512.0,0:00:35.017739,14632669.10890902
720,0.1,6,0.01,0.001,1.0,0.5253333333333333,1.162716588800729,0.8713333333333333,0.7056666666666667,0.331,0.24,0.3,0.704,629.0,0:00:35.910520,14632705.031900886
721,0.1,6,0.01,0.001,0.8,0.5277777777777778,1.154293504127204,0.8756666666666667,0.7096666666666667,0.33666666666666667,0.24666666666666667,0.298,0.7,609.0,0:00:37.116916,14632742.161603555
722,0.1,6,0.01,0.001,0.6,0.5281666666666667,1.1591982980813942,0.8716666666666667,0.7083333333333334,0.33866666666666667,0.24933333333333332,0.29433333333333334,0.7066666666666667,581.0,0:00:36.716356,14632778.890414601
723,0.1,6,0.01,0.001,0.4,0.5237777777777778,1.17219462778246,0.8693333333333333,0.695,0.33466666666666667,0.24,0.29833333333333334,0.7053333333333334,476.0,0:00:33.766192,14632812.669091335
724,0.1,6,0.01,0.01,1.0,0.5261111111111111,1.162441690138287,0.8766666666666667,0.7096666666666667,0.33,0.237,0.302,0.7013333333333334,587.0,0:00:34.799842,14632847.480903162
725,0.1,6,0.01,0.01,0.8,0.5306666666666666,1.1536478189736348,0.876,0.7036666666666667,0.3403333333333333,0.25166666666666665,0.304,0.7083333333333334,599.0,0:00:36.848623,14632884.342047852
726,0.1,6,0.01,0.01,0.6,0.5263333333333333,1.1578587520695724,0.872,0.6953333333333334,0.32766666666666666,0.25133333333333335,0.307,0.7046666666666667,548.0,0:00:35.714538,14632920.06926115
727,0.1,6,0.01,0.01,0.4,0.5233333333333333,1.1710064502695607,0.8686666666666667,0.6943333333333334,0.341,0.24333333333333335,0.287,0.7056666666666667,503.0,0:00:34.512184,14632954.593948623
728,0.1,6,0.01,0.1,1.0,0.5274444444444445,1.1621921047438275,0.87,0.7093333333333334,0.348,0.242,0.30133333333333334,0.694,637.0,0:00:36.052913,14632990.65942188
729,0.1,6,0.01,0.1,0.8,0.5291666666666667,1.1522253194802758,0.8776666666666667,0.703,0.3446666666666667,0.24066666666666667,0.299,0.71,596.0,0:00:36.636290,14633027.308231466
730,0.1,6,0.01,0.1,0.6,0.5282222222222223,1.1578031986564692,0.8686666666666667,0.707,0.34933333333333333,0.241,0.298,0.7053333333333334,562.0,0:00:36.103828,14633063.42490082
731,0.1,6,0.01,0.1,0.4,0.5227222222222222,1.171214585143415,0.8686666666666667,0.6996666666666667,0.33,0.238,0.298,0.702,454.0,0:00:33.083126,14633096.520530997
732,0.1,6,0.01,1.0,1.0,0.5279444444444444,1.1599867784471685,0.872,0.7013333333333334,0.3476666666666667,0.242,0.30233333333333334,0.7023333333333334,652.0,0:00:36.678862,14633133.211975507
733,0.1,6,0.01,1.0,0.8,0.5266666666666666,1.15208355512681,0.8766666666666667,0.7026666666666667,0.3393333333333333,0.24166666666666667,0.2916666666666667,0.708,640.0,0:00:38.316545,14633171.540489834
734,0.1,6,0.01,1.0,0.6,0.527,1.1591876163878252,0.8673333333333333,0.7066666666666667,0.33,0.25,0.29633333333333334,0.7116666666666667,568.0,0:00:36.693162,14633208.246203348
735,0.1,6,0.01,1.0,0.4,0.5211111111111111,1.1682809688464226,0.8663333333333333,0.695,0.33366666666666667,0.239,0.2906666666666667,0.702,518.0,0:00:35.141169,14633243.399908768
736,0.1,6,0.1,0.001,1.0,0.5270555555555556,1.1619375040256517,0.8753333333333333,0.7046666666666667,0.3373333333333333,0.24566666666666667,0.302,0.6973333333333334,575.0,0:00:29.636377,14633273.04885114
737,0.1,6,0.1,0.001,0.8,0.5284444444444445,1.154030265239115,0.8743333333333333,0.707,0.3383333333333333,0.238,0.30433333333333334,0.7086666666666667,651.0,0:00:37.731492,14633310.7928955
738,0.1,6,0.1,0.001,0.6,0.524,1.160121933721145,0.8673333333333333,0.7046666666666667,0.3273333333333333,0.24266666666666667,0.295,0.707,493.0,0:00:33.810797,14633344.61630076
739,0.1,6,0.1,0.001,0.4,0.5268888888888889,1.1692860469798108,0.8663333333333333,0.6986666666666667,0.3463333333333333,0.24466666666666667,0.296,0.7093333333333334,480.0,0:00:33.543767,14633378.172600908
740,0.1,6,0.1,0.01,1.0,0.5244444444444445,1.163630721087543,0.8746666666666667,0.7026666666666667,0.3406666666666667,0.238,0.291,0.6996666666666667,620.0,0:00:30.322527,14633408.507719288
741,0.1,6,0.1,0.01,0.8,0.5291666666666667,1.1536605138428881,0.8786666666666667,0.709,0.3443333333333333,0.238,0.29933333333333334,0.7056666666666667,620.0,0:00:36.996080,14633445.515989589
742,0.1,6,0.1,0.01,0.6,0.5267222222222222,1.1598803284304207,0.8706666666666667,0.709,0.3433333333333333,0.24166666666666667,0.28933333333333333,0.7063333333333334,565.0,0:00:35.807765,14633481.33632765
743,0.1,6,0.1,0.01,0.4,0.5216666666666666,1.1714888689094893,0.8663333333333333,0.7033333333333334,0.32766666666666666,0.244,0.28733333333333333,0.7013333333333334,491.0,0:00:33.851018,14633515.199833848
744,0.1,6,0.1,0.1,1.0,0.5278888888888889,1.1620039763065444,0.8733333333333333,0.7076666666666667,0.3383333333333333,0.24666666666666667,0.30266666666666664,0.6986666666666667,648.0,0:00:30.567064,14633545.784812707
745,0.1,6,0.1,0.1,0.8,0.5308888888888889,1.1513980601646723,0.8746666666666667,0.708,0.353,0.24066666666666667,0.296,0.713,597.0,0:00:36.380227,14633582.17769027
746,0.1,6,0.1,0.1,0.6,0.5304444444444445,1.1569709890528157,0.8683333333333333,0.7056666666666667,0.3446666666666667,0.25766666666666665,0.2966666666666667,0.7096666666666667,589.0,0:00:36.549499,14633618.739850532
747,0.1,6,0.1,0.1,0.4,0.5187777777777778,1.1699021426729719,0.8686666666666667,0.698,0.3343333333333333,0.22333333333333333,0.2853333333333333,0.703,454.0,0:00:32.842099,14633651.59466812
748,0.1,6,0.1,1.0,1.0,0.5254444444444445,1.1626381506104,0.872,0.709,0.32966666666666666,0.242,0.2976666666666667,0.7023333333333334,627.0,0:00:30.638456,14633682.245227551
749,0.1,6,0.1,1.0,0.8,0.5275,1.1517789317124516,0.8746666666666667,0.7073333333333334,0.3413333333333333,0.24333333333333335,0.292,0.7063333333333334,639.0,0:00:37.907939,14633720.16589206
750,0.1,6,0.1,1.0,0.6,0.5288333333333334,1.1574722231756707,0.874,0.7,0.344,0.24466666666666667,0.299,0.7113333333333334,652.0,0:00:38.714504,14633758.893294286
751,0.1,6,0.1,1.0,0.4,0.5201111111111111,1.1701145652178866,0.87,0.7036666666666667,0.332,0.23233333333333334,0.2833333333333333,0.6993333333333334,450.0,0:00:33.044179,14633791.950033814
752,0.1,6,1.0,0.001,1.0,0.5256111111111111,1.1548206315390397,0.8776666666666667,0.716,0.36033333333333334,0.19466666666666665,0.301,0.704,515.0,0:00:12.382263,14633804.344952427
753,0.1,6,1.0,0.001,0.8,0.5308888888888889,1.1475240307994021,0.877,0.7043333333333334,0.3456666666666667,0.23933333333333334,0.31,0.709,878.0,0:00:22.593600,14633826.950658796
754,0.1,6,1.0,0.001,0.6,0.5288888888888889,1.1575530316779041,0.867,0.705,0.33866666666666667,0.25433333333333336,0.30633333333333335,0.702,602.0,0:00:25.472752,14633852.436375791
755,0.1,6,1.0,0.001,0.4,0.5251111111111111,1.1694429160891475,0.871,0.6966666666666667,0.33566666666666667,0.25566666666666665,0.2876666666666667,0.704,520.0,0:00:27.438782,14633879.887318747
756,0.1,6,1.0,0.01,1.0,0.5259444444444444,1.1538991130107867,0.879,0.718,0.3566666666666667,0.188,0.30433333333333334,0.7096666666666667,513.0,0:00:12.370754,14633892.270845173
757,0.1,6,1.0,0.01,0.8,0.5271111111111111,1.1510038130406857,0.8746666666666667,0.704,0.341,0.24,0.29733333333333334,0.7056666666666667,753.0,0:00:21.878912,14633914.161858613
758,0.1,6,1.0,0.01,0.6,0.5262222222222223,1.1588318981577403,0.871,0.7053333333333334,0.3416666666666667,0.23733333333333334,0.29433333333333334,0.7076666666666667,546.0,0:00:24.730933,14633938.905501572
759,0.1,6,1.0,0.01,0.4,0.5211666666666667,1.1733490780738747,0.8666666666666667,0.6996666666666667,0.3396666666666667,0.23766666666666666,0.2776666666666667,0.7056666666666667,515.0,0:00:27.460068,14633966.378219957
760,0.1,6,1.0,0.1,1.0,0.5273333333333333,1.1564031373008146,0.875,0.717,0.358,0.20466666666666666,0.30566666666666664,0.7036666666666667,524.0,0:00:12.427121,14633978.817557
761,0.1,6,1.0,0.1,0.8,0.5313333333333333,1.1486880669822614,0.8776666666666667,0.7096666666666667,0.35133333333333333,0.24133333333333334,0.29933333333333334,0.7086666666666667,745.0,0:00:21.842733,14634000.672993496
762,0.1,6,1.0,0.1,0.6,0.5271111111111111,1.1586998362717222,0.871,0.7006666666666667,0.33366666666666667,0.258,0.289,0.7103333333333334,581.0,0:00:25.257846,14634025.943066701
763,0.1,6,1.0,0.1,0.4,0.5232222222222223,1.1678765591168294,0.868,0.695,0.339,0.238,0.29833333333333334,0.701,457.0,0:00:26.631998,14634052.587772548
764,0.1,6,1.0,1.0,1.0,0.5279444444444444,1.1541973845966835,0.8793333333333333,0.7153333333333334,0.3536666666666667,0.19733333333333333,0.30866666666666664,0.7133333333333334,641.0,0:00:12.772063,14634065.372082924
765,0.1,6,1.0,1.0,0.8,0.5286666666666666,1.1498864887455684,0.876,0.707,0.342,0.24833333333333332,0.2886666666666667,0.71,879.0,0:00:23.072812,14634088.45762272
766,0.1,6,1.0,1.0,0.6,0.5280555555555555,1.1611537212308842,0.8743333333333333,0.7043333333333334,0.3363333333333333,0.243,0.2996666666666667,0.7106666666666667,564.0,0:00:25.609675,14634114.080178868
767,0.1,6,1.0,1.0,0.4,0.5237222222222222,1.1664312546839832,0.8696666666666667,0.6993333333333334,0.335,0.24266666666666667,0.29033333333333333,0.7053333333333334,508.0,0:00:27.938356,14634142.031307405
