Wrongly predicted events from datasets: ['/disk/atlas3/data_MC/delphes//PP13-Sphaleron-THR9-FRZ15-NB0-NSUBPALL_20000events.root', '/disk/atlas3/data_MC/delphes//BH_n4_M8_15000events.root', '/disk/atlas3/data_MC/delphes//BH_n2_M10_6000events.root', '/disk/atlas3/data_MC/delphes//BH_n4_M10_15000events.root', '/disk/atlas3/data_MC/delphes//BH_n6_M10_7000events.root', '/disk/atlas3/data_MC/delphes//BH_n4_M12_15000events.root']by model XGBoost(multiclass-classification, high-levelBH_n2_M10, 10249
BH_n4_M12, 5940
BH_n2_M10, 1209
BH_n4_M10, 27522
BH_n6_M10, 29235
SPH_9, 19999
BH_n2_M10, 1190
BH_n6_M10, 4099
BH_n2_M10, 1856
BH_n6_M10, 20389
BH_n2_M10, 12125
BH_n2_M10, 15651
BH_n4_M12, 6708
BH_n4_M12, 2335
BH_n6_M10, 528
BH_n4_M8, 10413
BH_n4_M12, 16932
BH_n6_M10, 15153
BH_n6_M10, 14532
BH_n4_M10, 22953
BH_n4_M10, 2759
BH_n2_M10, 15688
BH_n6_M10, 31294
BH_n2_M10, 23479
BH_n6_M10, 3606
BH_n4_M12, 3343
BH_n2_M10, 26271
BH_n4_M8, 25288
BH_n6_M10, 32104
BH_n2_M10, 10235
BH_n6_M10, 17346
BH_n4_M10, 20061
BH_n6_M10, 17432
BH_n2_M10, 9155
BH_n2_M10, 22733
BH_n4_M8, 6734
BH_n4_M8, 29657
BH_n6_M10, 13896
BH_n6_M10, 33034
BH_n6_M10, 22245
BH_n6_M10, 18026
BH_n2_M10, 14857
SPH_9, 61018
BH_n4_M10, 28716
BH_n4_M10, 1959
BH_n4_M10, 17305
BH_n6_M10, 14698
BH_n4_M12, 1743
BH_n4_M8, 74666
BH_n2_M10, 26133
BH_n2_M10, 5229
BH_n4_M8, 4377
BH_n4_M12, 4375
BH_n6_M10, 11080
BH_n6_M10, 643
BH_n2_M10, 9466
BH_n6_M10, 5124
BH_n4_M12, 14399
BH_n4_M10, 3480
BH_n4_M8, 51156
BH_n4_M12, 7761
BH_n4_M10, 23046
BH_n6_M10, 7197
BH_n4_M8, 85476
BH_n2_M10, 8813
BH_n2_M10, 8329
BH_n2_M10, 19836
BH_n4_M8, 64614
BH_n4_M8, 74321
BH_n4_M12, 6802
BH_n6_M10, 18473
BH_n4_M10, 9366
BH_n6_M10, 32276
BH_n4_M10, 3462
BH_n6_M10, 28679
BH_n6_M10, 7502
BH_n4_M10, 14071
BH_n2_M10, 8734
SPH_9, 30250
BH_n6_M10, 32875
BH_n2_M10, 21227
BH_n6_M10, 2261
SPH_9, 15679
BH_n6_M10, 722
BH_n6_M10, 20093
BH_n6_M10, 33340
BH_n6_M10, 5948
BH_n6_M10, 32200
BH_n4_M12, 10058
BH_n6_M10, 31885
BH_n4_M8, 23396
BH_n2_M10, 13729
BH_n2_M10, 11067
BH_n2_M10, 16928
BH_n4_M10, 30148
BH_n4_M10, 22461
BH_n4_M8, 9717
BH_n4_M8, 61168
BH_n4_M10, 4028
BH_n4_M10, 29313
BH_n6_M10, 20407
BH_n6_M10, 737
BH_n4_M12, 13994
BH_n4_M12, 14927
BH_n6_M10, 14137
BH_n2_M10, 20019
BH_n6_M10, 33447
BH_n6_M10, 8519
BH_n2_M10, 18478
BH_n2_M10, 3836
BH_n4_M12, 20824
BH_n2_M10, 7073
BH_n4_M8, 67657
BH_n6_M10, 33338
BH_n6_M10, 11526
BH_n6_M10, 10504
BH_n4_M8, 9859
BH_n2_M10, 4760
BH_n6_M10, 21659
BH_n4_M12, 9438
SPH_9, 18608
BH_n4_M10, 19195
BH_n6_M10, 25584
BH_n6_M10, 13343
BH_n6_M10, 11912
BH_n4_M12, 13747
BH_n4_M10, 7776
BH_n2_M10, 18371
BH_n6_M10, 28173
BH_n4_M12, 1280
BH_n4_M8, 42355
BH_n2_M10, 17137
BH_n4_M10, 17460
SPH_9, 52769
BH_n4_M8, 55848
BH_n6_M10, 14882
BH_n4_M10, 26342
BH_n6_M10, 33839
BH_n6_M10, 24720
BH_n4_M10, 13052
BH_n4_M8, 2091
BH_n4_M8, 76991
BH_n4_M12, 17597
BH_n4_M10, 4754
BH_n2_M10, 26237
BH_n4_M8, 13171
BH_n6_M10, 21053
BH_n2_M10, 16445
BH_n2_M10, 17312
BH_n4_M10, 8484
BH_n4_M8, 64678
BH_n4_M10, 10174
BH_n2_M10, 26454
BH_n6_M10, 29615
BH_n4_M12, 1165
BH_n2_M10, 12646
BH_n4_M10, 8203
SPH_9, 36677
BH_n2_M10, 15526
BH_n4_M8, 46247
BH_n4_M8, 78259
BH_n2_M10, 9942
BH_n4_M12, 4377
BH_n6_M10, 26350
BH_n4_M12, 8284
BH_n4_M10, 14558
BH_n4_M10, 18658
BH_n2_M10, 20562
SPH_9, 30905
BH_n4_M8, 22984
BH_n6_M10, 16009
BH_n6_M10, 27565
BH_n2_M10, 6243
BH_n4_M8, 72116
BH_n4_M12, 5393
BH_n4_M10, 25856
BH_n4_M10, 11201
BH_n4_M10, 1346
BH_n4_M8, 9557
BH_n4_M8, 64743
BH_n2_M10, 2190
BH_n4_M10, 29946
BH_n2_M10, 16609
SPH_9, 48101
BH_n4_M10, 28537
BH_n4_M8, 76308
BH_n4_M12, 17363
BH_n4_M12, 12685
BH_n4_M10, 13847
BH_n4_M10, 22333
BH_n6_M10, 33700
BH_n2_M10, 25352
BH_n2_M10, 5921
BH_n4_M12, 7648
BH_n2_M10, 521
BH_n6_M10, 9031
BH_n4_M10, 27206
BH_n4_M8, 74121
BH_n4_M8, 53262
BH_n4_M8, 70270
BH_n4_M10, 2903
BH_n4_M10, 14465
BH_n4_M10, 4918
BH_n2_M10, 9422
BH_n4_M10, 7436
BH_n4_M8, 77515
BH_n6_M10, 2365
BH_n4_M8, 31906
BH_n6_M10, 32893
BH_n2_M10, 20410
BH_n6_M10, 29891
BH_n2_M10, 24391
BH_n2_M10, 11170
BH_n6_M10, 27195
BH_n6_M10, 31817
BH_n4_M10, 6688
BH_n6_M10, 20877
BH_n4_M8, 35549
BH_n6_M10, 32720
BH_n4_M8, 20082
BH_n6_M10, 28604
BH_n6_M10, 12251
BH_n4_M8, 18087
BH_n4_M8, 61930
BH_n2_M10, 13597
BH_n6_M10, 6869
BH_n4_M12, 3698
BH_n4_M10, 24813
BH_n2_M10, 22370
BH_n6_M10, 15878
BH_n6_M10, 3343
SPH_9, 13493
BH_n6_M10, 29010
BH_n2_M10, 12669
BH_n4_M12, 15609
BH_n6_M10, 11719
BH_n4_M10, 7786
BH_n2_M10, 9438
SPH_9, 25683
BH_n2_M10, 9283
BH_n4_M8, 15007
BH_n4_M8, 62514
BH_n2_M10, 14661
BH_n6_M10, 29531
BH_n4_M8, 24125
BH_n4_M8, 76305
BH_n2_M10, 14990
BH_n2_M10, 21668
SPH_9, 4997
BH_n6_M10, 33786
BH_n4_M10, 30554
BH_n4_M10, 23296
SPH_9, 57289
SPH_9, 66218
BH_n6_M10, 1875
BH_n6_M10, 9873
BH_n4_M12, 5605
BH_n6_M10, 25879
BH_n2_M10, 251
BH_n4_M10, 17350
BH_n2_M10, 19599
BH_n4_M10, 12194
BH_n4_M8, 16089
BH_n4_M10, 1233
BH_n4_M10, 3952
BH_n4_M10, 10494
BH_n6_M10, 24530
BH_n4_M8, 52803
BH_n2_M10, 12490
BH_n4_M8, 41604
BH_n4_M10, 2395
BH_n6_M10, 5735
BH_n2_M10, 9127
BH_n4_M12, 5926
BH_n6_M10, 12200
BH_n4_M10, 22761
SPH_9, 41600
BH_n4_M12, 10757
BH_n4_M10, 26922
BH_n4_M10, 12012
BH_n6_M10, 16393
BH_n4_M10, 6216
BH_n4_M10, 3890
BH_n6_M10, 3290
BH_n4_M10, 2789
BH_n2_M10, 1703
BH_n6_M10, 21951
BH_n6_M10, 7685
BH_n4_M10, 28756
BH_n4_M10, 18835
BH_n2_M10, 26609
BH_n4_M10, 2846
BH_n6_M10, 9830
BH_n4_M12, 841
BH_n4_M10, 3373
BH_n6_M10, 4737
BH_n4_M8, 63294
BH_n2_M10, 4831
BH_n4_M10, 8292
BH_n4_M8, 53281
BH_n4_M12, 10700
BH_n4_M12, 11977
BH_n6_M10, 31256
BH_n4_M10, 15044
BH_n2_M10, 25060
BH_n6_M10, 31886
BH_n2_M10, 23888
BH_n2_M10, 20603
BH_n4_M10, 14733
SPH_9, 55641
BH_n6_M10, 30035
BH_n4_M10, 28086
BH_n4_M8, 16202
BH_n6_M10, 10935
BH_n6_M10, 27975
BH_n4_M10, 5099
BH_n6_M10, 29019
BH_n4_M10, 13970
BH_n4_M12, 8822
BH_n4_M10, 26017
BH_n2_M10, 20373
BH_n4_M10, 15170
BH_n2_M10, 24918
BH_n6_M10, 21715
BH_n4_M8, 73030
BH_n4_M10, 248
BH_n2_M10, 23601
BH_n2_M10, 26443
BH_n6_M10, 16951
BH_n4_M10, 12816
BH_n6_M10, 29389
BH_n4_M8, 49287
BH_n2_M10, 4364
BH_n4_M10, 15451
BH_n6_M10, 25645
BH_n2_M10, 16654
BH_n6_M10, 32756
BH_n2_M10, 26071
BH_n2_M10, 22790
BH_n6_M10, 32316
BH_n4_M10, 15961
BH_n4_M10, 12075
BH_n2_M10, 1799
BH_n4_M12, 11017
BH_n4_M12, 9819
BH_n6_M10, 1790
BH_n6_M10, 19348
BH_n4_M10, 2775
BH_n4_M8, 17501
BH_n6_M10, 6054
BH_n6_M10, 21679
BH_n4_M12, 20743
BH_n6_M10, 19552
BH_n4_M8, 71062
BH_n4_M12, 4137
BH_n2_M10, 22526
BH_n2_M10, 14304
BH_n4_M10, 10726
BH_n6_M10, 19652
BH_n4_M10, 11336
BH_n2_M10, 5397
BH_n6_M10, 22031
BH_n2_M10, 16047
BH_n2_M10, 10037
BH_n4_M8, 30074
BH_n2_M10, 25136
BH_n2_M10, 18516
BH_n2_M10, 21661
BH_n6_M10, 9103
BH_n4_M8, 43267
BH_n4_M10, 21487
BH_n6_M10, 11372
BH_n4_M8, 47632
BH_n4_M12, 10116
BH_n4_M8, 8399
BH_n4_M8, 22783
BH_n4_M10, 29283
BH_n6_M10, 900
BH_n6_M10, 11496
BH_n4_M10, 3547
BH_n2_M10, 22163
BH_n4_M12, 3984
BH_n2_M10, 26290
BH_n4_M10, 10274
BH_n4_M8, 4539
BH_n2_M10, 6442
BH_n2_M10, 25202
BH_n6_M10, 2289
BH_n6_M10, 10466
BH_n6_M10, 2199
BH_n2_M10, 17701
BH_n4_M10, 5
BH_n4_M10, 27801
BH_n4_M10, 10017
BH_n4_M10, 10074
SPH_9, 6427
BH_n2_M10, 25186
BH_n6_M10, 11777
BH_n2_M10, 12121
BH_n2_M10, 168
BH_n4_M10, 10706
BH_n4_M10, 17803
BH_n4_M8, 11987
BH_n2_M10, 7207
BH_n4_M8, 33149
BH_n4_M8, 14578
BH_n4_M12, 2500
BH_n2_M10, 16199
BH_n4_M12, 4770
BH_n2_M10, 26859
BH_n6_M10, 9547
BH_n6_M10, 11511
BH_n4_M10, 18824
BH_n6_M10, 20478
BH_n4_M10, 4497
BH_n4_M8, 4480
BH_n4_M10, 13802
BH_n4_M10, 27089
BH_n4_M10, 5540
BH_n2_M10, 21670
BH_n2_M10, 5234
BH_n4_M8, 23828
BH_n2_M10, 1266
BH_n2_M10, 2002
BH_n4_M10, 10391
BH_n4_M10, 7895
BH_n4_M10, 18906
BH_n2_M10, 22110
BH_n4_M10, 19546
BH_n4_M12, 3599
BH_n4_M8, 85795
SPH_9, 78637
BH_n4_M10, 24869
BH_n2_M10, 25945
BH_n4_M12, 2184
BH_n4_M10, 3392
BH_n6_M10, 23934
BH_n4_M8, 45953
BH_n4_M10, 18583
BH_n4_M10, 22374
BH_n6_M10, 19422
BH_n6_M10, 20799
BH_n4_M12, 22146
BH_n6_M10, 11867
BH_n4_M10, 18750
BH_n4_M12, 11046
BH_n2_M10, 9858
BH_n4_M10, 10661
BH_n6_M10, 29419
BH_n2_M10, 21575
BH_n2_M10, 2096
BH_n6_M10, 13045
BH_n6_M10, 3118
BH_n4_M10, 21737
BH_n2_M10, 7
SPH_9, 40005
BH_n4_M10, 1406
BH_n6_M10, 14864
BH_n4_M12, 13898
BH_n2_M10, 11318
BH_n2_M10, 25642
SPH_9, 22455
BH_n2_M10, 26537
BH_n2_M10, 12581
BH_n6_M10, 4639
BH_n6_M10, 33461
BH_n2_M10, 14555
BH_n4_M8, 72644
BH_n4_M8, 15327
BH_n2_M10, 6689
BH_n2_M10, 8274
BH_n2_M10, 5291
BH_n2_M10, 23389
BH_n6_M10, 26783
BH_n4_M10, 13160
BH_n4_M8, 53830
BH_n4_M10, 3977
BH_n4_M12, 7061
BH_n2_M10, 1395
SPH_9, 51273
BH_n4_M10, 12205
BH_n6_M10, 18918
BH_n6_M10, 6808
BH_n4_M10, 10482
BH_n2_M10, 20619
BH_n2_M10, 22520
BH_n2_M10, 6975
BH_n2_M10, 3506
BH_n6_M10, 8958
BH_n4_M12, 18343
BH_n2_M10, 7142
BH_n2_M10, 3784
BH_n4_M10, 21781
BH_n6_M10, 2435
BH_n2_M10, 19100
BH_n6_M10, 5652
BH_n6_M10, 30155
BH_n2_M10, 5927
BH_n2_M10, 15116
BH_n2_M10, 20186
BH_n4_M12, 5973
BH_n6_M10, 8650
BH_n4_M8, 40645
BH_n2_M10, 18298
BH_n2_M10, 13333
BH_n4_M12, 9964
BH_n4_M10, 21410
BH_n2_M10, 6958
BH_n2_M10, 8448
BH_n6_M10, 19483
BH_n4_M12, 16058
BH_n6_M10, 26401
BH_n4_M12, 7095
BH_n2_M10, 15088
BH_n4_M10, 3832
BH_n4_M10, 12524
BH_n4_M8, 69651
BH_n4_M8, 82401
BH_n4_M8, 34538
BH_n4_M10, 22143
BH_n6_M10, 23866
BH_n6_M10, 26778
BH_n6_M10, 33372
BH_n6_M10, 17197
BH_n6_M10, 7236
BH_n2_M10, 20674
BH_n4_M10, 17916
BH_n4_M10, 8110
BH_n4_M8, 55583
BH_n2_M10, 24014
BH_n2_M10, 1492
SPH_9, 32487
BH_n4_M8, 15831
BH_n4_M10, 19111
BH_n2_M10, 20699
BH_n6_M10, 17229
BH_n4_M10, 4618
BH_n4_M10, 29440
BH_n2_M10, 19310
BH_n4_M10, 28259
BH_n4_M10, 18048
BH_n4_M8, 74510
BH_n6_M10, 2117
BH_n4_M10, 13749
BH_n4_M12, 3734
BH_n6_M10, 22248
BH_n4_M10, 11903
BH_n2_M10, 26661
BH_n2_M10, 26491
BH_n4_M10, 21362
BH_n4_M8, 51092
BH_n2_M10, 1997
BH_n6_M10, 12134
BH_n4_M10, 6962
BH_n2_M10, 21216
BH_n2_M10, 3636
BH_n6_M10, 2810
BH_n4_M12, 13729
BH_n6_M10, 21085
BH_n6_M10, 15121
BH_n4_M10, 6813
BH_n4_M10, 20069
BH_n2_M10, 16272
BH_n2_M10, 16776
BH_n6_M10, 13943
BH_n4_M10, 21585
BH_n4_M10, 7105
BH_n4_M8, 53953
BH_n2_M10, 26921
BH_n6_M10, 29850
BH_n2_M10, 7293
BH_n2_M10, 11251
SPH_9, 27785
BH_n4_M8, 35292
BH_n4_M10, 9676
BH_n4_M10, 30007
BH_n6_M10, 27622
BH_n2_M10, 5402
BH_n2_M10, 26520
BH_n4_M10, 7138
BH_n4_M10, 26584
BH_n6_M10, 27
BH_n2_M10, 24430
BH_n2_M10, 14289
BH_n6_M10, 28780
BH_n2_M10, 16750
BH_n4_M8, 85210
BH_n4_M10, 2297
BH_n4_M10, 14341
BH_n6_M10, 11366
BH_n4_M8, 34556
BH_n6_M10, 18909
BH_n6_M10, 13570
BH_n6_M10, 8023
BH_n2_M10, 19460
BH_n2_M10, 20304
BH_n4_M12, 3317
BH_n2_M10, 15412
BH_n6_M10, 32159
BH_n4_M12, 20957
BH_n4_M10, 25415
BH_n6_M10, 22317
BH_n4_M10, 14176
BH_n2_M10, 10574
BH_n4_M10, 21514
BH_n6_M10, 20085
BH_n6_M10, 28756
BH_n4_M10, 134
BH_n6_M10, 16773
BH_n4_M10, 21097
BH_n2_M10, 7579
BH_n4_M12, 2110
BH_n4_M12, 16281
BH_n6_M10, 6227
BH_n4_M10, 23904
BH_n4_M10, 20577
BH_n4_M8, 23118
BH_n4_M10, 7315
BH_n4_M8, 2304
BH_n2_M10, 7105
BH_n4_M10, 12817
BH_n4_M8, 77518
BH_n4_M10, 20772
BH_n2_M10, 18133
BH_n4_M10, 5781
BH_n4_M10, 6873
BH_n4_M10, 3325
BH_n4_M8, 80456
BH_n6_M10, 32285
BH_n2_M10, 20994
BH_n4_M10, 2286
BH_n4_M10, 21492
SPH_9, 68596
BH_n4_M10, 5226
BH_n4_M10, 15543
BH_n2_M10, 5758
BH_n4_M10, 23625
BH_n6_M10, 9492
BH_n6_M10, 22219
BH_n4_M8, 55062
BH_n2_M10, 3110
BH_n4_M8, 17699
SPH_9, 36433
BH_n4_M8, 43848
BH_n4_M10, 9752
BH_n2_M10, 20715
BH_n4_M12, 7583
BH_n6_M10, 10282
BH_n6_M10, 25485
BH_n2_M10, 14348
BH_n4_M8, 15426
BH_n4_M10, 26674
BH_n2_M10, 2354
BH_n4_M12, 4409
BH_n4_M8, 4159
SPH_9, 2606
SPH_9, 15575
BH_n2_M10, 12495
BH_n4_M8, 27270
BH_n2_M10, 23585
BH_n6_M10, 22336
BH_n6_M10, 10735
BH_n4_M8, 23673
BH_n4_M8, 33293
BH_n4_M10, 3379
BH_n4_M12, 5946
BH_n4_M8, 517
BH_n6_M10, 10080
BH_n6_M10, 727
BH_n2_M10, 26866
BH_n6_M10, 21190
BH_n4_M10, 11622
BH_n4_M10, 30131
BH_n4_M12, 22675
BH_n4_M8, 7308
BH_n2_M10, 16374
BH_n4_M8, 48752
BH_n4_M10, 15724
BH_n4_M10, 10780
BH_n4_M10, 22425
BH_n6_M10, 19546
BH_n4_M8, 49411
BH_n2_M10, 1031
BH_n4_M8, 24964
BH_n4_M10, 12016
BH_n2_M10, 25754
BH_n4_M12, 15775
BH_n4_M12, 2834
BH_n4_M10, 13541
BH_n4_M12, 9892
BH_n4_M10, 29567
BH_n2_M10, 21504
BH_n4_M10, 25254
BH_n6_M10, 13731
BH_n4_M10, 21966
BH_n6_M10, 14850
BH_n4_M12, 2381
BH_n6_M10, 25346
BH_n4_M8, 25449
BH_n2_M10, 13723
BH_n6_M10, 10680
BH_n4_M10, 13824
BH_n2_M10, 1075
BH_n4_M10, 1929
BH_n4_M12, 709
BH_n4_M8, 22134
BH_n4_M10, 9938
BH_n6_M10, 11545
BH_n6_M10, 9131
BH_n6_M10, 9643
BH_n2_M10, 22817
BH_n4_M8, 26731
BH_n4_M10, 186
BH_n6_M10, 18526
BH_n4_M8, 29274
BH_n2_M10, 993
BH_n2_M10, 1343
BH_n4_M10, 28914
BH_n4_M12, 10510
BH_n2_M10, 25536
BH_n6_M10, 25217
BH_n4_M10, 4687
BH_n4_M8, 78449
BH_n6_M10, 209
BH_n2_M10, 25110
BH_n4_M10, 3061
BH_n4_M8, 49583
BH_n4_M10, 17359
BH_n4_M10, 14847
BH_n4_M12, 15088
BH_n4_M12, 17028
BH_n6_M10, 3374
BH_n4_M10, 22196
BH_n6_M10, 10408
BH_n6_M10, 12104
BH_n2_M10, 25119
BH_n4_M8, 49848
BH_n6_M10, 26272
BH_n2_M10, 7966
BH_n6_M10, 22404
BH_n4_M10, 27491
BH_n4_M12, 2999
BH_n4_M10, 27639
BH_n4_M8, 62623
BH_n4_M10, 3513
BH_n6_M10, 21133
BH_n2_M10, 13660
BH_n2_M10, 17395
BH_n2_M10, 23366
BH_n4_M10, 23161
BH_n2_M10, 1425
BH_n4_M10, 4316
BH_n2_M10, 6942
BH_n2_M10, 26787
BH_n6_M10, 7819
BH_n4_M10, 30712
BH_n4_M10, 6568
BH_n4_M12, 10152
BH_n6_M10, 22582
BH_n4_M10, 18174
BH_n2_M10, 22486
SPH_9, 75514
BH_n2_M10, 794
BH_n6_M10, 20771
BH_n4_M8, 84308
BH_n6_M10, 1416
BH_n4_M10, 28760
BH_n4_M8, 17071
BH_n6_M10, 21145
BH_n6_M10, 18901
BH_n4_M8, 56381
SPH_9, 28899
BH_n2_M10, 17150
BH_n4_M12, 17867
BH_n4_M8, 77024
BH_n4_M10, 8513
BH_n4_M12, 9990
BH_n2_M10, 21843
BH_n6_M10, 12902
BH_n4_M10, 15124
BH_n2_M10, 7850
BH_n4_M10, 18550
SPH_9, 57843
BH_n4_M8, 83435
BH_n6_M10, 32009
BH_n2_M10, 26176
BH_n2_M10, 12147
BH_n4_M10, 16184
BH_n2_M10, 21255
BH_n4_M10, 3962
BH_n4_M8, 8174
BH_n2_M10, 4421
BH_n4_M10, 5868
BH_n6_M10, 9391
BH_n2_M10, 23341
BH_n4_M10, 3787
BH_n4_M10, 22619
BH_n6_M10, 31531
BH_n4_M10, 1313
BH_n2_M10, 9009
BH_n4_M12, 16122
BH_n4_M10, 30210
BH_n6_M10, 31218
BH_n4_M8, 377
BH_n2_M10, 6592
BH_n4_M8, 42465
BH_n2_M10, 12072
BH_n4_M8, 38321
BH_n6_M10, 987
BH_n4_M10, 29503
BH_n4_M10, 459
BH_n6_M10, 26429
BH_n6_M10, 29765
BH_n6_M10, 33633
BH_n6_M10, 32576
BH_n4_M10, 29692
BH_n2_M10, 2968
BH_n4_M10, 17436
BH_n2_M10, 14590
BH_n6_M10, 16441
BH_n6_M10, 6792
BH_n2_M10, 11728
BH_n4_M12, 17263
BH_n4_M8, 84108
BH_n4_M10, 28347
BH_n6_M10, 32849
BH_n4_M10, 611
BH_n4_M8, 58436
BH_n2_M10, 10466
BH_n6_M10, 557
BH_n4_M8, 65881
SPH_9, 39805
BH_n4_M8, 80528
BH_n4_M8, 66822
BH_n2_M10, 25377
BH_n6_M10, 6141
BH_n4_M10, 15321
BH_n4_M8, 41020
BH_n2_M10, 19732
BH_n4_M10, 24337
BH_n2_M10, 19419
BH_n2_M10, 21837
BH_n4_M10, 17496
BH_n4_M10, 13351
BH_n4_M10, 24586
BH_n2_M10, 6753
BH_n2_M10, 2573
BH_n6_M10, 26244
BH_n4_M8, 72885
BH_n4_M10, 19885
BH_n2_M10, 21254
BH_n6_M10, 8119
BH_n4_M8, 14191
BH_n4_M10, 2880
BH_n4_M10, 27295
BH_n4_M10, 29160
BH_n4_M10, 3714
BH_n2_M10, 18464
BH_n2_M10, 17968
BH_n2_M10, 15946
BH_n6_M10, 2311
BH_n4_M8, 65352
BH_n4_M8, 71028
BH_n4_M10, 22134
BH_n2_M10, 16616
BH_n4_M8, 56844
SPH_9, 8425
BH_n4_M8, 84050
BH_n4_M10, 9233
BH_n4_M10, 5676
BH_n2_M10, 21953
BH_n4_M10, 7163
BH_n4_M12, 19144
BH_n4_M8, 9170
BH_n2_M10, 22076
BH_n2_M10, 12807
BH_n4_M12, 16896
BH_n4_M8, 46104
BH_n6_M10, 15171
BH_n4_M12, 5156
BH_n6_M10, 33115
BH_n2_M10, 2716
BH_n2_M10, 10473
BH_n4_M10, 10748
BH_n6_M10, 25954
BH_n2_M10, 9478
BH_n4_M10, 23097
SPH_9, 82139
BH_n2_M10, 21312
BH_n4_M10, 17212
BH_n4_M12, 16719
BH_n2_M10, 15873
BH_n2_M10, 16074
BH_n2_M10, 11003
BH_n6_M10, 1290
BH_n6_M10, 28407
BH_n6_M10, 21350
BH_n2_M10, 13731
BH_n2_M10, 10221
BH_n2_M10, 10020
BH_n6_M10, 18629
BH_n2_M10, 233
BH_n2_M10, 15646
BH_n4_M10, 9451
BH_n4_M8, 43520
BH_n4_M10, 1304
BH_n6_M10, 15327
BH_n4_M12, 8308
BH_n4_M10, 15385
BH_n4_M10, 177
BH_n2_M10, 948
BH_n6_M10, 18998
BH_n2_M10, 14084
BH_n6_M10, 15517
BH_n6_M10, 29981
BH_n4_M10, 14384
BH_n2_M10, 4950
BH_n4_M8, 52224
BH_n6_M10, 2771
BH_n4_M10, 2998
BH_n2_M10, 20752
BH_n4_M8, 51352
BH_n2_M10, 1682
BH_n2_M10, 15468
BH_n6_M10, 9107
BH_n4_M10, 7231
BH_n4_M8, 39872
BH_n4_M8, 36809
BH_n4_M12, 12436
BH_n6_M10, 7761
BH_n4_M10, 22390
BH_n4_M8, 72439
BH_n4_M10, 238
BH_n4_M10, 2023
BH_n4_M8, 61009
BH_n4_M10, 8835
BH_n6_M10, 16945
BH_n2_M10, 11863
BH_n6_M10, 18858
BH_n4_M8, 4290
BH_n4_M12, 8229
BH_n4_M12, 16404
BH_n4_M10, 12618
BH_n6_M10, 321
BH_n4_M12, 21993
BH_n6_M10, 19126
BH_n6_M10, 13824
BH_n2_M10, 15250
BH_n2_M10, 5318
BH_n4_M8, 42591
BH_n2_M10, 23438
BH_n2_M10, 16820
BH_n4_M10, 3794
SPH_9, 11856
BH_n4_M10, 15850
BH_n4_M8, 81622
BH_n4_M10, 21420
BH_n2_M10, 9815
SPH_9, 41450
BH_n4_M8, 122
BH_n6_M10, 27173
BH_n4_M12, 23005
BH_n2_M10, 3414
BH_n2_M10, 24024
BH_n4_M10, 6886
BH_n4_M12, 60
SPH_9, 362
BH_n4_M10, 1586
BH_n4_M10, 24799
BH_n4_M10, 21103
BH_n4_M10, 9389
BH_n4_M8, 12574
BH_n4_M12, 18246
BH_n6_M10, 27648
BH_n4_M10, 29140
BH_n4_M8, 43463
BH_n4_M8, 24369
BH_n2_M10, 18343
BH_n4_M10, 8867
BH_n6_M10, 24200
BH_n6_M10, 11598
BH_n4_M10, 30423
BH_n4_M10, 18233
BH_n4_M12, 21074
BH_n4_M10, 11932
BH_n4_M10, 28692
BH_n4_M10, 828
BH_n2_M10, 13868
BH_n6_M10, 26575
BH_n4_M10, 1366
BH_n4_M8, 21524
BH_n2_M10, 15098
BH_n2_M10, 11809
BH_n2_M10, 2662
BH_n4_M10, 4224
BH_n4_M10, 5235
BH_n2_M10, 8019
BH_n4_M10, 28750
BH_n4_M8, 75134
BH_n2_M10, 12813
BH_n2_M10, 6795
BH_n4_M10, 807
BH_n4_M10, 30435
BH_n4_M10, 26745
BH_n4_M10, 3979
SPH_9, 75939
BH_n6_M10, 26155
BH_n4_M12, 11062
BH_n6_M10, 29213
BH_n4_M10, 13129
BH_n6_M10, 19429
BH_n6_M10, 6218
BH_n6_M10, 29470
BH_n4_M8, 41074
SPH_9, 53669
BH_n4_M12, 20033
BH_n6_M10, 31029
BH_n2_M10, 15707
BH_n2_M10, 8408
BH_n2_M10, 4724
BH_n6_M10, 25419
BH_n6_M10, 23974
BH_n4_M10, 3131
BH_n4_M10, 12207
BH_n6_M10, 17751
SPH_9, 70339
BH_n4_M10, 21354
BH_n4_M10, 10445
BH_n6_M10, 17140
BH_n6_M10, 273
BH_n2_M10, 21822
BH_n2_M10, 10427
BH_n6_M10, 23713
BH_n2_M10, 18442
BH_n4_M10, 1941
BH_n4_M12, 19434
BH_n2_M10, 16383
BH_n4_M8, 25996
BH_n6_M10, 842
BH_n6_M10, 19272
BH_n6_M10, 20052
BH_n2_M10, 1516
BH_n4_M10, 28771
BH_n2_M10, 19024
BH_n6_M10, 32795
BH_n2_M10, 143
BH_n2_M10, 18661
BH_n4_M12, 2518
BH_n4_M10, 9827
BH_n2_M10, 8164
BH_n2_M10, 13379
BH_n6_M10, 11711
BH_n2_M10, 21407
SPH_9, 48037
BH_n4_M10, 3839
BH_n6_M10, 2263
BH_n4_M10, 9446
BH_n6_M10, 7969
BH_n2_M10, 25819
BH_n4_M12, 5456
BH_n6_M10, 2766
BH_n4_M10, 23328
BH_n4_M10, 25730
BH_n4_M10, 16823
BH_n2_M10, 11579
BH_n6_M10, 31425
BH_n2_M10, 7744
BH_n2_M10, 24066
BH_n4_M8, 45736
BH_n4_M8, 69792
BH_n6_M10, 7677
BH_n4_M10, 21075
BH_n6_M10, 19755
BH_n4_M12, 11224
BH_n4_M10, 7375
BH_n4_M8, 61785
BH_n4_M10, 11792
BH_n6_M10, 28971
BH_n4_M12, 3515
BH_n4_M12, 4256
BH_n4_M8, 8761
BH_n6_M10, 11637
BH_n4_M12, 6358
BH_n6_M10, 21017
BH_n6_M10, 13927
BH_n2_M10, 24020
BH_n6_M10, 19902
BH_n4_M10, 8727
BH_n6_M10, 22933
BH_n6_M10, 29161
BH_n4_M8, 40314
BH_n4_M12, 14272
BH_n4_M8, 50665
BH_n2_M10, 16028
BH_n4_M10, 22208
BH_n4_M8, 60587
BH_n4_M8, 48893
BH_n4_M10, 9223
BH_n4_M10, 24005
BH_n2_M10, 13855
BH_n4_M10, 1470
BH_n6_M10, 21913
BH_n6_M10, 15396
BH_n6_M10, 16681
BH_n2_M10, 22527
BH_n6_M10, 25684
SPH_9, 17096
BH_n6_M10, 17122
BH_n6_M10, 25045
BH_n2_M10, 19580
BH_n4_M10, 10269
SPH_9, 67046
BH_n4_M10, 13852
BH_n2_M10, 21567
SPH_9, 29722
BH_n6_M10, 20261
BH_n2_M10, 12303
SPH_9, 55955
BH_n4_M10, 17209
BH_n4_M10, 24245
BH_n4_M10, 26873
BH_n2_M10, 13090
BH_n6_M10, 16850
BH_n6_M10, 26289
BH_n4_M12, 7560
BH_n6_M10, 31980
BH_n4_M12, 19842
BH_n4_M10, 20318
BH_n2_M10, 26407
BH_n4_M10, 23288
BH_n4_M8, 22206
BH_n2_M10, 3225
BH_n4_M10, 10426
BH_n6_M10, 27555
BH_n4_M12, 1092
BH_n4_M10, 5399
BH_n4_M12, 9435
BH_n2_M10, 14018
BH_n4_M12, 21962
BH_n2_M10, 2521
BH_n6_M10, 20711
BH_n4_M12, 8049
BH_n4_M10, 10855
BH_n2_M10, 5600
BH_n6_M10, 16990
BH_n4_M10, 23971
BH_n4_M8, 81899
BH_n6_M10, 8297
BH_n6_M10, 19909
BH_n6_M10, 32510
BH_n4_M8, 80312
BH_n6_M10, 16301
BH_n4_M10, 30258
BH_n6_M10, 18557
BH_n6_M10, 27590
BH_n6_M10, 25633
BH_n2_M10, 20481
BH_n4_M10, 8501
BH_n6_M10, 1429
BH_n4_M10, 28237
BH_n4_M10, 21367
BH_n2_M10, 1934
BH_n4_M12, 568
BH_n4_M8, 27499
BH_n2_M10, 8703
BH_n2_M10, 22807
BH_n6_M10, 28245
BH_n4_M12, 13667
BH_n4_M8, 52574
BH_n4_M10, 25054
BH_n2_M10, 19926
BH_n4_M10, 10746
BH_n6_M10, 8224
BH_n2_M10, 24110
BH_n4_M10, 8060
BH_n2_M10, 13058
SPH_9, 70597
BH_n6_M10, 26834
BH_n2_M10, 17846
BH_n6_M10, 2669
BH_n2_M10, 12078
BH_n4_M12, 8496
BH_n4_M10, 28104
BH_n4_M8, 63047
SPH_9, 12722
BH_n4_M10, 28035
BH_n2_M10, 11596
BH_n6_M10, 27533
BH_n2_M10, 2686
BH_n6_M10, 7609
BH_n4_M12, 19382
BH_n4_M10, 17585
BH_n4_M10, 16317
BH_n2_M10, 12327
BH_n4_M10, 30338
BH_n4_M10, 6528
BH_n4_M12, 10555
BH_n6_M10, 21711
BH_n2_M10, 11537
SPH_9, 38438
BH_n4_M8, 24671
BH_n4_M10, 28864
BH_n6_M10, 370
BH_n4_M10, 9989
BH_n4_M10, 922
BH_n6_M10, 31560
BH_n4_M8, 10984
BH_n4_M10, 24805
BH_n4_M10, 4312
BH_n4_M8, 2313
BH_n4_M10, 13814
BH_n4_M10, 19241
BH_n4_M10, 16255
BH_n4_M10, 19313
BH_n6_M10, 10895
BH_n6_M10, 12458
BH_n4_M8, 19691
BH_n2_M10, 19617
BH_n2_M10, 2135
BH_n6_M10, 27807
BH_n4_M8, 74871
SPH_9, 66053
BH_n4_M10, 6187
BH_n2_M10, 9119
BH_n4_M10, 11950
BH_n4_M10, 27909
BH_n4_M10, 29118
BH_n4_M10, 15486
SPH_9, 10875
BH_n4_M8, 46720
BH_n6_M10, 11650
SPH_9, 58016
BH_n6_M10, 9528
BH_n6_M10, 31459
BH_n2_M10, 13004
BH_n4_M10, 1601
BH_n4_M10, 24841
BH_n4_M8, 71960
BH_n6_M10, 32451
BH_n6_M10, 21259
BH_n4_M10, 29070
BH_n6_M10, 29379
BH_n2_M10, 1352
BH_n4_M10, 19442
BH_n4_M12, 12973
BH_n4_M12, 13465
BH_n2_M10, 12649
BH_n6_M10, 23692
BH_n4_M8, 63237
BH_n4_M10, 13960
BH_n4_M8, 45907
SPH_9, 16266
BH_n6_M10, 22144
BH_n4_M10, 27539
BH_n4_M8, 63342
BH_n4_M12, 6893
BH_n2_M10, 7140
BH_n6_M10, 24768
BH_n6_M10, 15122
BH_n2_M10, 10412
BH_n4_M8, 58939
BH_n6_M10, 28744
BH_n4_M8, 22651
BH_n4_M10, 7942
BH_n2_M10, 1978
BH_n4_M10, 20793
BH_n4_M12, 1464
BH_n4_M8, 73769
SPH_9, 80006
BH_n4_M10, 6279
BH_n4_M12, 22994
BH_n2_M10, 25653
BH_n2_M10, 18802
BH_n2_M10, 17444
BH_n2_M10, 18276
BH_n4_M10, 6510
BH_n2_M10, 11842
BH_n4_M10, 4752
BH_n4_M12, 9241
BH_n4_M8, 11518
BH_n4_M8, 41351
BH_n2_M10, 25895
BH_n6_M10, 13509
BH_n2_M10, 23953
BH_n6_M10, 6984
BH_n6_M10, 6693
BH_n4_M12, 18608
BH_n6_M10, 8176
BH_n4_M10, 12992
BH_n2_M10, 16061
BH_n2_M10, 9572
BH_n2_M10, 23615
BH_n4_M10, 2729
BH_n4_M8, 4717
BH_n6_M10, 11261
BH_n4_M10, 23337
BH_n6_M10, 23045
BH_n6_M10, 28542
BH_n6_M10, 28219
BH_n4_M10, 3674
BH_n6_M10, 14481
BH_n4_M10, 3572
BH_n2_M10, 14182
BH_n4_M10, 19497
BH_n4_M10, 916
BH_n4_M12, 16776
BH_n6_M10, 34215
BH_n6_M10, 21830
BH_n2_M10, 22278
BH_n6_M10, 735
BH_n2_M10, 26721
BH_n4_M10, 25482
BH_n4_M10, 1139
BH_n6_M10, 26454
BH_n4_M8, 10547
BH_n2_M10, 24091
BH_n4_M10, 3802
BH_n4_M10, 20362
BH_n4_M8, 27241
BH_n4_M10, 29845
BH_n4_M8, 35360
BH_n2_M10, 17617
BH_n4_M12, 22738
BH_n4_M12, 9565
BH_n4_M8, 50974
BH_n6_M10, 13205
BH_n6_M10, 22769
BH_n4_M10, 17930
SPH_9, 47575
BH_n6_M10, 21613
BH_n2_M10, 3903
BH_n2_M10, 15439
BH_n2_M10, 26477
BH_n2_M10, 17563
BH_n4_M10, 12584
SPH_9, 22029
BH_n4_M10, 27862
BH_n4_M10, 27396
BH_n4_M10, 12377
BH_n4_M8, 69560
BH_n4_M10, 27569
BH_n4_M10, 16245
BH_n4_M8, 12804
BH_n4_M10, 3247
BH_n2_M10, 9013
BH_n4_M8, 717
BH_n2_M10, 9576
BH_n2_M10, 2523
BH_n4_M10, 13288
BH_n6_M10, 32057
BH_n4_M10, 7497
BH_n6_M10, 10603
BH_n4_M10, 10937
BH_n6_M10, 21001
BH_n6_M10, 15046
BH_n4_M10, 19720
BH_n6_M10, 20255
BH_n4_M12, 6585
BH_n4_M10, 6845
BH_n4_M8, 19687
BH_n6_M10, 17364
BH_n4_M10, 697
BH_n6_M10, 27290
BH_n2_M10, 22393
BH_n4_M10, 26229
BH_n4_M12, 1298
BH_n2_M10, 7469
BH_n4_M10, 9718
BH_n2_M10, 17433
SPH_9, 20630
BH_n4_M10, 12738
BH_n6_M10, 10757
BH_n6_M10, 19413
SPH_9, 9667
BH_n6_M10, 33794
BH_n6_M10, 30887
BH_n2_M10, 2585
BH_n2_M10, 14968
BH_n6_M10, 24791
BH_n4_M8, 69301
BH_n6_M10, 15384
BH_n2_M10, 12761
BH_n2_M10, 17657
BH_n4_M8, 72774
SPH_9, 69315
BH_n2_M10, 21328
BH_n6_M10, 7257
BH_n4_M10, 26663
BH_n2_M10, 24910
BH_n2_M10, 25400
BH_n2_M10, 15576
BH_n2_M10, 15684
BH_n2_M10, 14356
BH_n2_M10, 24735
BH_n6_M10, 30606
BH_n4_M10, 10904
BH_n4_M12, 22821
BH_n6_M10, 13808
BH_n4_M12, 10630
BH_n4_M8, 12330
BH_n4_M8, 65960
BH_n6_M10, 15885
BH_n4_M8, 32159
BH_n6_M10, 23461
BH_n4_M10, 18193
BH_n4_M10, 22990
BH_n4_M10, 1100
BH_n4_M8, 39051
BH_n4_M10, 2046
SPH_9, 45566
BH_n6_M10, 23551
BH_n2_M10, 23715
BH_n4_M10, 25385
BH_n4_M10, 9496
BH_n4_M12, 787
BH_n4_M12, 10204
BH_n2_M10, 1152
BH_n6_M10, 11501
BH_n4_M10, 4878
BH_n2_M10, 21488
BH_n4_M8, 73051
BH_n2_M10, 23991
BH_n2_M10, 25822
BH_n4_M12, 14320
BH_n4_M10, 12235
BH_n4_M8, 33349
BH_n4_M8, 8929
BH_n2_M10, 11959
BH_n4_M8, 32972
BH_n4_M10, 17922
BH_n6_M10, 12404
BH_n4_M8, 80872
BH_n4_M10, 2897
BH_n4_M10, 15370
BH_n4_M10, 25890
BH_n2_M10, 8303
BH_n4_M10, 7421
BH_n2_M10, 5569
BH_n2_M10, 7294
BH_n2_M10, 5912
BH_n4_M10, 29762
BH_n4_M8, 34817
BH_n6_M10, 30261
BH_n4_M10, 8856
BH_n4_M8, 61856
BH_n4_M10, 26291
BH_n2_M10, 18208
BH_n2_M10, 17755
BH_n6_M10, 1767
BH_n2_M10, 13367
BH_n4_M10, 13755
BH_n4_M12, 20609
BH_n4_M12, 3194
BH_n6_M10, 14430
SPH_9, 14214
BH_n6_M10, 15359
BH_n4_M12, 20589
BH_n4_M8, 41333
BH_n6_M10, 30739
SPH_9, 75517
BH_n4_M8, 21054
BH_n4_M12, 16141
BH_n4_M8, 75205
BH_n4_M10, 23548
BH_n4_M8, 6509
BH_n4_M10, 27660
BH_n6_M10, 3322
BH_n4_M10, 17807
BH_n4_M8, 12985
BH_n6_M10, 27442
BH_n4_M10, 16015
BH_n6_M10, 6829
BH_n6_M10, 31301
BH_n4_M12, 13135
BH_n2_M10, 4262
BH_n6_M10, 20859
BH_n6_M10, 27781
BH_n6_M10, 25230
BH_n4_M12, 572
BH_n2_M10, 15614
BH_n2_M10, 20485
BH_n2_M10, 10369
BH_n6_M10, 12092
BH_n2_M10, 23099
SPH_9, 20236
BH_n4_M8, 66851
BH_n6_M10, 13250
BH_n2_M10, 16070
BH_n4_M10, 14096
BH_n4_M10, 11782
BH_n2_M10, 16269
BH_n4_M8, 36619
SPH_9, 28433
BH_n6_M10, 5705
BH_n2_M10, 24146
BH_n4_M10, 3473
BH_n4_M8, 26099
SPH_9, 52692
BH_n4_M8, 81018
BH_n4_M8, 27557
BH_n4_M10, 25340
BH_n4_M8, 49877
BH_n6_M10, 5041
BH_n6_M10, 22292
BH_n2_M10, 13568
SPH_9, 9544
BH_n6_M10, 34381
BH_n4_M10, 11293
BH_n4_M10, 25139
BH_n2_M10, 26041
BH_n2_M10, 22039
BH_n4_M10, 5809
BH_n4_M8, 19945
BH_n6_M10, 17790
BH_n4_M8, 52608
BH_n4_M10, 1358
BH_n4_M10, 80
BH_n2_M10, 2336
BH_n4_M8, 32250
BH_n2_M10, 16949
BH_n6_M10, 11809
BH_n4_M8, 40951
BH_n6_M10, 19392
BH_n2_M10, 965
BH_n6_M10, 6073
BH_n2_M10, 18931
SPH_9, 42816
BH_n4_M8, 47500
BH_n4_M10, 6060
BH_n4_M8, 64798
BH_n6_M10, 7054
BH_n2_M10, 18672
BH_n2_M10, 785
BH_n6_M10, 31588
BH_n4_M10, 14243
SPH_9, 72470
BH_n4_M10, 28949
BH_n2_M10, 10233
BH_n4_M8, 32485
SPH_9, 65484
BH_n4_M10, 7807
BH_n4_M8, 30907
BH_n6_M10, 19601
BH_n2_M10, 21939
BH_n2_M10, 20360
BH_n4_M10, 25301
BH_n4_M10, 30228
BH_n4_M10, 15827
BH_n4_M8, 54118
BH_n2_M10, 20210
BH_n4_M12, 3274
BH_n2_M10, 22178
BH_n4_M8, 53185
BH_n2_M10, 25903
BH_n4_M8, 18117
BH_n4_M8, 62235
BH_n4_M8, 73595
BH_n6_M10, 2856
SPH_9, 58187
BH_n4_M12, 16892
BH_n4_M8, 63420
BH_n6_M10, 2325
BH_n4_M12, 22382
BH_n4_M12, 19826
BH_n4_M8, 41486
BH_n4_M10, 6492
BH_n4_M10, 15914
BH_n2_M10, 8293
BH_n2_M10, 14903
BH_n4_M10, 21571
SPH_9, 47934
BH_n6_M10, 20161
BH_n4_M8, 71842
BH_n2_M10, 23736
BH_n4_M10, 778
BH_n4_M10, 23352
BH_n2_M10, 129
BH_n4_M8, 1052
BH_n2_M10, 21872
BH_n2_M10, 603
SPH_9, 27146
BH_n4_M12, 18962
BH_n4_M8, 39638
BH_n6_M10, 30387
BH_n4_M12, 10212
BH_n4_M8, 23638
BH_n4_M8, 58355
BH_n6_M10, 11684
BH_n2_M10, 14257
BH_n2_M10, 19186
BH_n4_M10, 10549
BH_n4_M8, 50960
BH_n4_M10, 17416
BH_n4_M10, 14646
BH_n2_M10, 25430
BH_n4_M12, 15757
BH_n4_M10, 18968
BH_n2_M10, 6176
BH_n6_M10, 33577
BH_n4_M10, 27942
BH_n4_M10, 16774
BH_n4_M10, 23689
BH_n2_M10, 22590
BH_n4_M12, 15737
BH_n2_M10, 16452
BH_n6_M10, 20576
BH_n4_M10, 12345
BH_n6_M10, 1480
BH_n6_M10, 11303
BH_n4_M12, 14165
BH_n4_M10, 4662
BH_n6_M10, 16826
BH_n4_M12, 20728
BH_n4_M10, 18070
BH_n4_M10, 256
BH_n6_M10, 6554
BH_n2_M10, 3098
BH_n4_M10, 13726
BH_n4_M12, 21516
BH_n6_M10, 28470
BH_n4_M8, 48397
BH_n4_M10, 10562
BH_n6_M10, 31586
BH_n4_M10, 1559
BH_n2_M10, 17613
BH_n6_M10, 888
SPH_9, 55479
BH_n4_M8, 70443
BH_n4_M10, 19048
BH_n4_M10, 21983
BH_n4_M12, 13008
BH_n6_M10, 10961
BH_n4_M10, 20071
BH_n6_M10, 30743
BH_n4_M10, 18296
BH_n2_M10, 6084
SPH_9, 34079
BH_n4_M8, 40326
BH_n6_M10, 32657
BH_n6_M10, 8037
BH_n4_M10, 1560
BH_n4_M8, 30886
BH_n6_M10, 32391
BH_n4_M12, 4756
BH_n4_M10, 27049
SPH_9, 57650
BH_n4_M10, 9112
BH_n2_M10, 11701
BH_n6_M10, 22970
BH_n4_M8, 66369
BH_n4_M10, 19634
BH_n6_M10, 24547
BH_n4_M8, 44459
BH_n4_M10, 26363
BH_n6_M10, 20750
BH_n6_M10, 24188
SPH_9, 66800
BH_n6_M10, 7837
BH_n2_M10, 16737
BH_n2_M10, 12680
BH_n4_M12, 19636
BH_n2_M10, 23586
BH_n2_M10, 6108
BH_n4_M8, 13326
BH_n6_M10, 1289
BH_n4_M12, 15816
BH_n2_M10, 16248
BH_n4_M10, 12604
BH_n2_M10, 8496
BH_n4_M10, 21275
BH_n4_M8, 12982
BH_n4_M10, 7679
BH_n6_M10, 33443
BH_n6_M10, 27523
BH_n4_M12, 13394
BH_n6_M10, 29448
BH_n4_M10, 22306
BH_n4_M10, 1835
BH_n4_M10, 18212
BH_n2_M10, 18401
BH_n4_M10, 6729
BH_n4_M8, 29390
BH_n4_M12, 9827
BH_n4_M10, 19732
BH_n4_M10, 24432
BH_n4_M10, 30351
BH_n4_M10, 10372
BH_n4_M12, 11653
BH_n2_M10, 14352
BH_n4_M10, 7317
BH_n2_M10, 17509
BH_n6_M10, 4604
BH_n4_M10, 27799
BH_n4_M10, 26897
BH_n6_M10, 31975
BH_n2_M10, 21728
BH_n4_M10, 21407
BH_n2_M10, 15482
BH_n2_M10, 25993
BH_n4_M8, 70062
BH_n4_M10, 1552
BH_n2_M10, 15496
BH_n2_M10, 9584
BH_n6_M10, 12443
BH_n4_M10, 9311
BH_n4_M10, 15221
BH_n4_M12, 23068
BH_n4_M10, 12531
SPH_9, 1332
BH_n2_M10, 8072
BH_n6_M10, 9443
BH_n6_M10, 16431
BH_n4_M8, 17170
BH_n4_M10, 26437
BH_n6_M10, 14997
BH_n4_M8, 75003
BH_n4_M8, 8873
BH_n6_M10, 17008
BH_n4_M10, 18119
BH_n4_M10, 21186
BH_n6_M10, 4534
BH_n4_M12, 17018
BH_n2_M10, 17517
BH_n6_M10, 25941
BH_n4_M10, 12241
BH_n6_M10, 26081
BH_n2_M10, 12287
BH_n2_M10, 24161
BH_n6_M10, 9920
SPH_9, 65372
BH_n4_M8, 79567
BH_n4_M10, 22864
BH_n4_M8, 42824
BH_n6_M10, 17119
BH_n4_M12, 13497
BH_n4_M10, 24628
BH_n4_M12, 13794
BH_n4_M10, 20626
BH_n6_M10, 30320
BH_n6_M10, 31662
BH_n6_M10, 11400
BH_n4_M12, 1721
BH_n6_M10, 30222
BH_n4_M10, 4258
BH_n4_M12, 3991
BH_n4_M8, 67394
BH_n4_M10, 23055
BH_n4_M10, 16083
BH_n4_M8, 83659
BH_n2_M10, 5212
BH_n4_M8, 43036
BH_n6_M10, 15727
BH_n4_M10, 23268
BH_n2_M10, 24859
BH_n2_M10, 17703
BH_n2_M10, 22809
BH_n6_M10, 34087
BH_n6_M10, 685
BH_n2_M10, 22541
BH_n4_M12, 9127
BH_n6_M10, 16625
BH_n4_M8, 38116
BH_n6_M10, 12547
BH_n6_M10, 26946
BH_n6_M10, 26767
BH_n6_M10, 9845
BH_n2_M10, 165
BH_n4_M10, 12416
BH_n6_M10, 29112
BH_n4_M12, 11852
BH_n2_M10, 25296
BH_n2_M10, 14613
BH_n4_M12, 10040
BH_n4_M10, 6431
SPH_9, 35700
BH_n4_M10, 1946
BH_n4_M10, 9012
BH_n2_M10, 24856
BH_n2_M10, 22056
BH_n4_M10, 3834
BH_n4_M10, 3988
SPH_9, 77227
BH_n2_M10, 9441
BH_n6_M10, 3123
BH_n4_M8, 44312
BH_n6_M10, 1579
BH_n4_M10, 3036
BH_n4_M10, 12195
BH_n4_M8, 68435
BH_n6_M10, 26224
BH_n6_M10, 26193
BH_n2_M10, 18438
BH_n4_M10, 16044
BH_n4_M10, 9845
BH_n4_M8, 83845
BH_n4_M10, 29995
BH_n2_M10, 10669
BH_n6_M10, 11930
BH_n6_M10, 9821
BH_n4_M12, 2992
BH_n6_M10, 32765
BH_n4_M10, 1595
BH_n2_M10, 3822
BH_n4_M10, 4895
BH_n4_M8, 45735
BH_n6_M10, 24114
BH_n4_M12, 2850
BH_n4_M8, 79216
BH_n4_M12, 10399
BH_n4_M10, 10069
BH_n2_M10, 16559
BH_n4_M10, 1420
BH_n2_M10, 19825
BH_n2_M10, 22846
BH_n6_M10, 12795
BH_n2_M10, 5074
BH_n4_M8, 17915
BH_n4_M10, 4892
BH_n2_M10, 22942
BH_n4_M10, 1400
BH_n2_M10, 983
BH_n6_M10, 2721
BH_n4_M10, 23854
BH_n4_M10, 15297
BH_n4_M10, 9625
BH_n4_M10, 4883
BH_n4_M10, 26941
BH_n4_M12, 14273
BH_n4_M12, 61
BH_n4_M10, 14193
BH_n4_M8, 20342
BH_n4_M10, 19948
BH_n4_M10, 27987
BH_n4_M10, 27565
BH_n4_M12, 3482
BH_n2_M10, 21345
BH_n4_M10, 6762
BH_n4_M8, 14397
BH_n4_M10, 9146
BH_n4_M12, 22262
BH_n4_M8, 79299
BH_n2_M10, 18119
BH_n4_M10, 29153
BH_n4_M8, 68752
BH_n4_M8, 34027
BH_n6_M10, 21757
BH_n4_M10, 26013
BH_n6_M10, 21829
BH_n4_M8, 76566
BH_n2_M10, 21068
BH_n4_M10, 11922
BH_n4_M12, 17716
BH_n4_M8, 61183
BH_n4_M10, 23723
BH_n4_M10, 17310
BH_n2_M10, 15695
BH_n6_M10, 13215
SPH_9, 46648
BH_n2_M10, 10199
BH_n4_M12, 6865
BH_n6_M10, 33838
BH_n2_M10, 10928
BH_n4_M8, 4738
BH_n4_M8, 46849
BH_n4_M10, 10522
BH_n4_M8, 47141
BH_n2_M10, 26576
SPH_9, 34246
BH_n2_M10, 23871
BH_n6_M10, 16927
BH_n4_M12, 13818
BH_n4_M12, 5316
BH_n6_M10, 29799
BH_n4_M10, 14689
BH_n4_M12, 8209
BH_n2_M10, 11513
BH_n4_M8, 74631
BH_n4_M12, 16104
BH_n6_M10, 6605
BH_n4_M8, 55331
BH_n4_M10, 14490
BH_n6_M10, 927
BH_n4_M10, 8520
BH_n6_M10, 7067
BH_n4_M10, 12687
BH_n2_M10, 22222
BH_n4_M8, 46581
BH_n2_M10, 15283
BH_n4_M12, 1694
BH_n2_M10, 17110
BH_n2_M10, 15897
BH_n4_M10, 3687
BH_n4_M10, 12141
BH_n4_M10, 4494
BH_n6_M10, 31367
BH_n6_M10, 30322
SPH_9, 41593
BH_n4_M12, 10431
BH_n6_M10, 8997
BH_n6_M10, 28429
BH_n4_M10, 25932
BH_n2_M10, 8374
BH_n4_M8, 1758
BH_n2_M10, 20704
BH_n6_M10, 30514
BH_n4_M8, 48310
BH_n4_M12, 1841
BH_n4_M12, 18621
BH_n4_M10, 7740
BH_n2_M10, 13498
BH_n6_M10, 24097
BH_n4_M10, 23451
BH_n4_M10, 15980
BH_n4_M10, 20347
BH_n4_M10, 20973
BH_n6_M10, 1064
BH_n4_M10, 7167
BH_n6_M10, 28222
BH_n4_M8, 32420
BH_n2_M10, 6444
BH_n6_M10, 2357
BH_n4_M8, 13566
BH_n4_M10, 17633
BH_n4_M8, 79471
BH_n2_M10, 23682
BH_n4_M10, 8197
BH_n6_M10, 33899
BH_n6_M10, 1373
BH_n6_M10, 20707
SPH_9, 69748
BH_n6_M10, 29934
BH_n2_M10, 22293
BH_n4_M10, 6317
BH_n4_M10, 26838
BH_n4_M10, 23994
BH_n2_M10, 15632
BH_n4_M12, 20855
BH_n4_M8, 50003
BH_n4_M10, 18442
BH_n6_M10, 32261
BH_n4_M12, 4028
BH_n4_M10, 17501
BH_n4_M8, 16683
BH_n4_M8, 61310
BH_n4_M10, 21135
BH_n2_M10, 23758
BH_n4_M8, 19835
BH_n2_M10, 17445
BH_n4_M8, 65562
BH_n4_M10, 14453
BH_n4_M10, 27101
BH_n2_M10, 25579
BH_n4_M8, 11641
BH_n6_M10, 25673
BH_n4_M10, 15572
BH_n6_M10, 4864
BH_n6_M10, 14938
BH_n4_M12, 14801
BH_n4_M12, 6729
BH_n6_M10, 33518
BH_n4_M10, 12842
SPH_9, 69143
BH_n4_M10, 17010
BH_n6_M10, 23606
BH_n2_M10, 10194
BH_n6_M10, 5887
BH_n2_M10, 15838
BH_n4_M10, 10486
SPH_9, 30494
BH_n6_M10, 7789
BH_n2_M10, 3016
BH_n4_M12, 13712
BH_n4_M10, 12889
BH_n4_M10, 27712
BH_n4_M8, 1050
BH_n2_M10, 14446
BH_n4_M8, 40345
BH_n6_M10, 3307
SPH_9, 46098
BH_n2_M10, 11957
BH_n6_M10, 21946
BH_n4_M10, 16172
BH_n4_M10, 20968
BH_n6_M10, 11283
BH_n4_M12, 4367
SPH_9, 45952
BH_n2_M10, 19566
BH_n2_M10, 13647
BH_n6_M10, 1711
BH_n4_M10, 16702
SPH_9, 5301
BH_n6_M10, 16984
BH_n2_M10, 891
BH_n4_M10, 6649
BH_n6_M10, 31565
BH_n4_M12, 18115
BH_n4_M10, 20916
BH_n4_M10, 18714
BH_n4_M8, 68590
BH_n2_M10, 6376
BH_n4_M10, 566
BH_n4_M10, 16982
BH_n4_M8, 21514
BH_n2_M10, 19374
BH_n4_M10, 4710
BH_n4_M10, 4645
BH_n4_M12, 10034
BH_n2_M10, 1101
BH_n2_M10, 2994
BH_n2_M10, 9652
BH_n6_M10, 26201
BH_n4_M8, 26793
BH_n2_M10, 7314
BH_n4_M8, 65333
BH_n6_M10, 2588
BH_n4_M10, 24689
BH_n4_M8, 77665
SPH_9, 52323
SPH_9, 79059
BH_n2_M10, 22991
BH_n6_M10, 17107
BH_n4_M10, 10427
BH_n4_M10, 7874
BH_n4_M8, 55404
BH_n4_M10, 8920
BH_n4_M8, 24902
BH_n4_M8, 39838
BH_n2_M10, 26311
BH_n6_M10, 1341
BH_n4_M12, 2724
BH_n6_M10, 12921
BH_n2_M10, 14954
BH_n4_M10, 9462
BH_n6_M10, 5634
BH_n4_M8, 28934
BH_n2_M10, 24021
BH_n2_M10, 21200
BH_n4_M10, 25622
BH_n6_M10, 803
BH_n4_M10, 7304
BH_n4_M12, 7242
BH_n6_M10, 21692
BH_n6_M10, 6311
BH_n2_M10, 1475
BH_n4_M8, 34825
BH_n4_M10, 27018
BH_n6_M10, 697
BH_n4_M10, 9789
BH_n4_M10, 22381
BH_n4_M10, 4843
BH_n2_M10, 17561
BH_n2_M10, 24042
BH_n4_M12, 589
BH_n4_M10, 22034
BH_n2_M10, 14607
BH_n4_M8, 60820
BH_n2_M10, 12941
BH_n6_M10, 29347
BH_n2_M10, 5297
BH_n4_M10, 25284
BH_n4_M10, 4976
BH_n4_M8, 67936
BH_n2_M10, 6856
BH_n6_M10, 19637
BH_n4_M10, 17385
BH_n6_M10, 4018
BH_n6_M10, 33342
BH_n4_M10, 22777
BH_n4_M10, 376
SPH_9, 55402
BH_n2_M10, 1715
BH_n6_M10, 9164
BH_n4_M10, 8690
BH_n4_M8, 17316
BH_n4_M10, 20889
BH_n6_M10, 1692
BH_n4_M12, 4511
BH_n4_M8, 36777
BH_n4_M10, 7180
BH_n2_M10, 15159
BH_n4_M8, 61265
BH_n4_M10, 13214
BH_n2_M10, 21398
BH_n2_M10, 6259
BH_n6_M10, 336
BH_n6_M10, 1043
BH_n4_M10, 1650
BH_n6_M10, 15178
BH_n4_M12, 13258
BH_n4_M8, 56023
BH_n2_M10, 652
BH_n2_M10, 8495
BH_n2_M10, 7218
BH_n6_M10, 17989
BH_n4_M10, 21176
BH_n4_M10, 29546
BH_n6_M10, 6369
BH_n6_M10, 21628
BH_n6_M10, 21803
BH_n4_M12, 17778
BH_n4_M12, 7281
BH_n6_M10, 6771
BH_n4_M12, 9581
BH_n6_M10, 7332
BH_n6_M10, 7385
BH_n6_M10, 25316
BH_n4_M12, 817
BH_n6_M10, 26221
BH_n4_M12, 7307
BH_n6_M10, 4888
BH_n6_M10, 2915
BH_n4_M8, 43593
BH_n2_M10, 16718
BH_n4_M10, 26482
BH_n6_M10, 32525
BH_n6_M10, 1021
BH_n4_M10, 5928
SPH_9, 57366
BH_n6_M10, 16413
BH_n6_M10, 6757
BH_n6_M10, 26813
BH_n4_M8, 44587
BH_n4_M10, 10763
BH_n4_M10, 15100
BH_n2_M10, 23702
BH_n6_M10, 25709
BH_n2_M10, 3774
BH_n4_M8, 15527
BH_n6_M10, 12610
BH_n4_M10, 25500
BH_n4_M12, 8063
BH_n4_M8, 44960
BH_n4_M12, 7616
BH_n4_M8, 84025
BH_n6_M10, 20167
BH_n4_M10, 2177
BH_n4_M8, 11651
BH_n4_M10, 17277
BH_n6_M10, 23544
BH_n4_M10, 13916
BH_n6_M10, 245
BH_n2_M10, 24007
BH_n2_M10, 16946
BH_n2_M10, 6253
BH_n6_M10, 12718
BH_n2_M10, 22389
BH_n4_M10, 28273
BH_n4_M8, 73752
BH_n2_M10, 2865
BH_n6_M10, 22003
BH_n4_M8, 33142
BH_n2_M10, 7656
BH_n4_M10, 8279
BH_n4_M8, 26631
BH_n4_M8, 28446
BH_n2_M10, 12070
BH_n4_M10, 6986
BH_n4_M10, 2660
BH_n4_M8, 25036
BH_n4_M10, 21291
BH_n4_M12, 11846
BH_n2_M10, 3799
BH_n4_M10, 19145
BH_n2_M10, 19194
BH_n6_M10, 9172
BH_n4_M10, 19696
BH_n2_M10, 9236
BH_n4_M8, 3640
BH_n2_M10, 6321
BH_n4_M10, 9858
BH_n2_M10, 21336
BH_n2_M10, 12889
BH_n4_M10, 26867
BH_n4_M10, 17336
BH_n4_M8, 76685
BH_n4_M8, 29677
BH_n4_M8, 10213
SPH_9, 77265
BH_n4_M10, 21991
BH_n6_M10, 14434
BH_n4_M12, 12156
BH_n4_M8, 28622
BH_n4_M8, 56349
BH_n4_M10, 15079
BH_n4_M8, 15679
BH_n4_M8, 6147
BH_n6_M10, 33604
BH_n6_M10, 11846
BH_n4_M10, 15620
SPH_9, 60800
BH_n2_M10, 8
BH_n4_M10, 2238
BH_n4_M10, 2263
BH_n2_M10, 20563
BH_n4_M10, 17177
BH_n4_M8, 40520
BH_n2_M10, 4239
BH_n2_M10, 21062
BH_n6_M10, 1804
BH_n4_M12, 17772
BH_n4_M8, 6908
BH_n4_M8, 4089
BH_n2_M10, 16518
BH_n4_M10, 9946
BH_n4_M8, 59245
BH_n4_M12, 21824
BH_n6_M10, 573
BH_n6_M10, 11825
BH_n4_M10, 529
BH_n4_M10, 28091
BH_n4_M10, 28405
BH_n4_M8, 86497
BH_n4_M10, 9660
BH_n4_M12, 15755
BH_n2_M10, 450
BH_n6_M10, 31573
BH_n4_M10, 25214
BH_n6_M10, 26822
BH_n4_M8, 48060
BH_n2_M10, 15654
BH_n6_M10, 15660
BH_n4_M10, 16749
BH_n6_M10, 9964
BH_n4_M10, 17845
BH_n4_M10, 7452
BH_n4_M12, 18533
BH_n4_M10, 1369
BH_n4_M12, 1455
BH_n4_M12, 44
BH_n6_M10, 1774
BH_n6_M10, 2910
BH_n4_M10, 22773
BH_n4_M10, 22572
BH_n6_M10, 14285
BH_n6_M10, 17511
BH_n6_M10, 14606
BH_n6_M10, 27583
BH_n2_M10, 5613
SPH_9, 3583
BH_n4_M12, 14632
BH_n2_M10, 433
SPH_9, 38698
BH_n6_M10, 21574
BH_n4_M10, 7767
BH_n4_M10, 28340
BH_n2_M10, 8837
BH_n4_M10, 3497
BH_n4_M8, 67641
BH_n4_M8, 62384
BH_n4_M8, 45404
BH_n6_M10, 18268
BH_n4_M10, 27037
BH_n2_M10, 8052
BH_n2_M10, 24589
BH_n4_M12, 13409
BH_n6_M10, 15370
BH_n4_M12, 15144
BH_n4_M10, 11316
BH_n6_M10, 9919
BH_n4_M8, 33797
BH_n2_M10, 5892
BH_n6_M10, 29415
BH_n4_M10, 13466
BH_n2_M10, 920
BH_n6_M10, 6566
BH_n2_M10, 23718
BH_n4_M8, 51526
BH_n4_M8, 72493
BH_n2_M10, 20346
BH_n4_M10, 13533
BH_n6_M10, 17689
BH_n6_M10, 8988
BH_n4_M8, 41779
BH_n4_M12, 9204
BH_n4_M10, 12318
BH_n2_M10, 4517
BH_n4_M12, 13755
BH_n6_M10, 13785
BH_n6_M10, 1428
BH_n4_M12, 10887
BH_n4_M12, 5822
BH_n6_M10, 18053
BH_n4_M8, 48883
BH_n6_M10, 25000
BH_n2_M10, 14082
BH_n4_M10, 2363
BH_n6_M10, 7001
BH_n4_M8, 17219
BH_n2_M10, 24880
SPH_9, 56249
BH_n4_M10, 30372
BH_n4_M12, 8874
BH_n4_M8, 83346
BH_n4_M10, 7907
BH_n4_M8, 3840
BH_n6_M10, 5838
BH_n4_M8, 73543
BH_n4_M10, 23482
BH_n2_M10, 12872
BH_n4_M10, 22423
BH_n4_M10, 2541
BH_n4_M10, 14386
BH_n6_M10, 13714
BH_n4_M8, 1440
BH_n6_M10, 11115
BH_n4_M8, 73848
BH_n4_M8, 40002
BH_n6_M10, 28502
BH_n6_M10, 13764
BH_n4_M8, 34880
BH_n2_M10, 9003
BH_n2_M10, 20935
BH_n4_M10, 8938
BH_n4_M8, 41372
BH_n6_M10, 12577
BH_n6_M10, 1832
BH_n4_M10, 10044
BH_n4_M10, 23112
BH_n2_M10, 21832
BH_n4_M8, 63769
BH_n4_M10, 10386
BH_n6_M10, 9794
BH_n2_M10, 26806
BH_n6_M10, 17892
BH_n6_M10, 5917
BH_n6_M10, 10242
BH_n4_M8, 41480
BH_n6_M10, 27937
BH_n6_M10, 18443
BH_n6_M10, 9851
BH_n2_M10, 6058
BH_n4_M10, 9613
BH_n4_M10, 9538
BH_n6_M10, 10800
BH_n6_M10, 10690
BH_n6_M10, 18429
BH_n4_M10, 27749
BH_n2_M10, 8400
BH_n6_M10, 29834
BH_n6_M10, 2750
BH_n4_M10, 16126
BH_n4_M12, 11737
BH_n4_M10, 16793
BH_n4_M12, 8024
BH_n2_M10, 14117
SPH_9, 76670
BH_n6_M10, 28934
BH_n4_M12, 10553
SPH_9, 48738
BH_n4_M10, 8748
BH_n6_M10, 13107
BH_n4_M10, 19486
BH_n6_M10, 34135
BH_n4_M12, 15417
BH_n4_M10, 26465
BH_n4_M8, 79302
BH_n2_M10, 25499
BH_n6_M10, 7393
BH_n2_M10, 6946
BH_n2_M10, 11333
BH_n6_M10, 20238
BH_n2_M10, 23559
BH_n4_M12, 15209
BH_n4_M12, 5982
BH_n4_M10, 8970
BH_n4_M10, 23895
BH_n4_M10, 21293
SPH_9, 15173
BH_n4_M10, 16247
BH_n6_M10, 28852
BH_n4_M10, 14943
BH_n4_M10, 13557
BH_n4_M10, 11898
SPH_9, 68537
BH_n2_M10, 25996
BH_n4_M12, 21787
BH_n4_M8, 66066
BH_n4_M10, 28703
BH_n6_M10, 1571
BH_n6_M10, 28762
SPH_9, 15339
BH_n4_M8, 41833
BH_n6_M10, 7552
BH_n4_M10, 14441
BH_n4_M10, 13256
BH_n6_M10, 18999
BH_n6_M10, 32257
BH_n2_M10, 13921
BH_n6_M10, 30330
BH_n4_M10, 13372
BH_n4_M12, 4810
BH_n2_M10, 20162
BH_n6_M10, 34293
BH_n4_M10, 30151
BH_n4_M10, 29561
BH_n2_M10, 21913
SPH_9, 38797
BH_n2_M10, 12762
BH_n6_M10, 19004
BH_n4_M10, 5426
BH_n4_M10, 15130
BH_n6_M10, 8936
BH_n4_M10, 15011
BH_n6_M10, 11780
BH_n4_M10, 30418
BH_n4_M10, 3144
BH_n2_M10, 4339
BH_n4_M10, 17846
BH_n2_M10, 20824
BH_n6_M10, 12742
BH_n4_M10, 1790
BH_n4_M10, 30038
BH_n4_M10, 23452
BH_n4_M10, 17695
BH_n4_M12, 20443
BH_n4_M8, 68146
BH_n2_M10, 26775
BH_n4_M10, 12750
BH_n6_M10, 12832
SPH_9, 19672
BH_n6_M10, 19118
BH_n4_M10, 16688
SPH_9, 19898
BH_n2_M10, 17286
BH_n4_M12, 4986
BH_n4_M8, 40549
BH_n6_M10, 3038
BH_n4_M10, 6578
BH_n2_M10, 4489
BH_n4_M10, 27303
BH_n4_M10, 13939
BH_n4_M10, 4045
BH_n4_M10, 11857
BH_n2_M10, 14310
BH_n2_M10, 24497
BH_n2_M10, 7452
BH_n4_M12, 18896
SPH_9, 15515
BH_n4_M8, 59694
BH_n4_M8, 58785
BH_n6_M10, 15902
BH_n4_M8, 63283
BH_n4_M8, 31914
BH_n2_M10, 11343
BH_n4_M12, 325
BH_n4_M8, 38696
BH_n2_M10, 3374
BH_n2_M10, 972
BH_n2_M10, 22309
BH_n4_M10, 9136
BH_n4_M10, 7038
BH_n6_M10, 31786
BH_n6_M10, 24018
BH_n6_M10, 20445
BH_n4_M8, 44768
BH_n2_M10, 8237
BH_n4_M8, 5195
BH_n4_M12, 20335
BH_n4_M12, 2696
SPH_9, 70909
BH_n2_M10, 5171
BH_n6_M10, 7701
BH_n4_M10, 30068
BH_n6_M10, 30889
SPH_9, 48231
BH_n6_M10, 10112
BH_n4_M10, 7295
BH_n6_M10, 30329
BH_n6_M10, 24784
BH_n6_M10, 13861
BH_n6_M10, 22702
BH_n6_M10, 5299
BH_n2_M10, 20351
BH_n4_M10, 18210
BH_n6_M10, 32222
BH_n4_M8, 33868
BH_n4_M10, 3001
BH_n6_M10, 10592
BH_n4_M8, 63107
SPH_9, 81889
BH_n4_M8, 26562
BH_n6_M10, 14543
BH_n2_M10, 19983
SPH_9, 7157
BH_n6_M10, 1553
BH_n6_M10, 23053
SPH_9, 5453
BH_n2_M10, 11603
BH_n2_M10, 10940
BH_n4_M10, 17271
BH_n2_M10, 3985
BH_n4_M12, 407
BH_n2_M10, 21965
BH_n4_M12, 4934
SPH_9, 30818
BH_n6_M10, 14669
BH_n2_M10, 14530
BH_n4_M10, 28542
SPH_9, 76392
BH_n4_M12, 12478
BH_n4_M12, 18372
BH_n4_M8, 75444
BH_n4_M8, 41784
BH_n4_M10, 2991
BH_n4_M10, 2695
BH_n2_M10, 8693
BH_n4_M8, 54972
BH_n4_M10, 26179
BH_n6_M10, 19539
BH_n6_M10, 3794
BH_n2_M10, 13728
BH_n6_M10, 29334
BH_n2_M10, 10641
BH_n6_M10, 4582
BH_n6_M10, 27223
BH_n4_M8, 27858
BH_n6_M10, 22192
BH_n6_M10, 946
BH_n2_M10, 4272
BH_n2_M10, 2613
BH_n6_M10, 33024
BH_n4_M8, 49512
BH_n4_M10, 29911
BH_n2_M10, 23547
SPH_9, 26123
SPH_9, 26989
BH_n6_M10, 30142
BH_n2_M10, 11745
BH_n2_M10, 24722
BH_n4_M10, 8947
BH_n2_M10, 23625
BH_n2_M10, 24043
BH_n6_M10, 34338
BH_n6_M10, 23185
BH_n4_M8, 2423
BH_n4_M8, 59807
BH_n4_M12, 13904
BH_n6_M10, 33921
BH_n4_M10, 23851
BH_n6_M10, 19878
BH_n4_M10, 29433
BH_n4_M10, 29259
BH_n4_M10, 13197
BH_n4_M10, 6718
BH_n2_M10, 24985
BH_n4_M8, 85826
BH_n4_M8, 12856
BH_n2_M10, 16851
BH_n2_M10, 21648
BH_n2_M10, 814
BH_n2_M10, 2500
BH_n2_M10, 11769
BH_n2_M10, 2859
BH_n4_M12, 10044
BH_n4_M12, 20319
BH_n2_M10, 17547
BH_n4_M12, 16759
BH_n2_M10, 11400
BH_n2_M10, 26063
BH_n6_M10, 11180
BH_n2_M10, 26394
BH_n6_M10, 3955
BH_n2_M10, 9782
SPH_9, 23798
BH_n6_M10, 15380
BH_n6_M10, 13388
BH_n2_M10, 4728
BH_n4_M8, 83716
BH_n4_M8, 64989
BH_n4_M10, 23925
BH_n4_M10, 3708
BH_n4_M10, 5561
BH_n6_M10, 11773
BH_n6_M10, 20741
BH_n4_M8, 70428
BH_n2_M10, 5887
BH_n4_M10, 25163
BH_n4_M8, 6470
BH_n6_M10, 32016
BH_n4_M12, 19793
BH_n4_M10, 5384
BH_n4_M10, 8544
BH_n6_M10, 28630
BH_n2_M10, 15933
BH_n6_M10, 4131
BH_n4_M10, 2292
BH_n4_M8, 77892
BH_n4_M8, 54953
BH_n4_M8, 45629
BH_n2_M10, 798
BH_n4_M10, 24802
BH_n4_M12, 18284
BH_n2_M10, 567
BH_n4_M8, 73199
BH_n4_M8, 43298
BH_n6_M10, 24448
BH_n2_M10, 8038
BH_n4_M8, 48265
BH_n4_M12, 19191
BH_n4_M8, 13186
BH_n4_M10, 28980
BH_n6_M10, 25238
BH_n4_M10, 3211
BH_n4_M10, 7616
BH_n4_M12, 11285
BH_n4_M8, 50834
BH_n2_M10, 13416
BH_n6_M10, 27445
BH_n4_M10, 25263
BH_n4_M8, 84425
BH_n4_M10, 16137
BH_n4_M10, 22199
BH_n4_M10, 4439
BH_n4_M10, 15563
BH_n6_M10, 17624
BH_n4_M10, 17506
BH_n4_M12, 20833
BH_n2_M10, 24608
BH_n4_M12, 9645
BH_n2_M10, 2439
BH_n6_M10, 18874
BH_n6_M10, 4250
BH_n4_M8, 78714
BH_n4_M10, 5366
BH_n6_M10, 27300
BH_n4_M10, 26286
BH_n4_M10, 2068
BH_n6_M10, 23890
BH_n4_M10, 27060
BH_n4_M10, 11389
BH_n4_M12, 57
BH_n2_M10, 350
BH_n4_M8, 57431
BH_n2_M10, 16033
BH_n6_M10, 1609
SPH_9, 38249
BH_n4_M10, 20122
BH_n2_M10, 14995
BH_n4_M8, 63874
BH_n6_M10, 2935
BH_n4_M8, 20518
BH_n2_M10, 12347
BH_n4_M8, 55273
BH_n4_M10, 12749
BH_n6_M10, 8309
BH_n2_M10, 26664
BH_n4_M8, 13490
BH_n4_M10, 14627
BH_n2_M10, 17463
BH_n4_M8, 27411
BH_n6_M10, 11354
BH_n4_M8, 71595
SPH_9, 70707
BH_n6_M10, 3665
BH_n4_M8, 13970
BH_n4_M10, 20513
BH_n6_M10, 27877
BH_n2_M10, 7349
BH_n4_M8, 45974
BH_n4_M10, 29797
BH_n6_M10, 17054
BH_n2_M10, 12905
BH_n6_M10, 25692
BH_n4_M12, 3027
BH_n4_M12, 21582
BH_n4_M8, 57627
BH_n6_M10, 19039
BH_n4_M8, 68307
BH_n6_M10, 23981
BH_n4_M10, 29395
BH_n4_M8, 70128
BH_n4_M8, 42482
BH_n2_M10, 6621
BH_n2_M10, 21940
SPH_9, 58239
BH_n6_M10, 14093
BH_n6_M10, 15416
BH_n6_M10, 18574
BH_n6_M10, 17799
BH_n2_M10, 13370
BH_n4_M12, 5964
BH_n6_M10, 15332
BH_n6_M10, 30953
BH_n2_M10, 15037
SPH_9, 79270
BH_n4_M8, 1368
BH_n6_M10, 23570
BH_n2_M10, 21892
BH_n6_M10, 32385
BH_n6_M10, 7529
BH_n4_M10, 28900
BH_n2_M10, 4531
BH_n4_M10, 10916
BH_n4_M8, 73326
BH_n2_M10, 13602
BH_n4_M10, 9372
BH_n2_M10, 13411
BH_n4_M8, 71249
SPH_9, 65481
BH_n6_M10, 28555
BH_n2_M10, 843
BH_n4_M10, 23056
BH_n4_M8, 25047
BH_n6_M10, 22128
BH_n4_M12, 1610
BH_n4_M12, 18628
BH_n4_M10, 25141
BH_n4_M10, 28356
BH_n2_M10, 23314
SPH_9, 9585
BH_n4_M10, 9492
BH_n4_M10, 10127
BH_n2_M10, 7845
BH_n4_M10, 19118
BH_n4_M10, 6757
BH_n4_M10, 11194
BH_n6_M10, 20303
BH_n2_M10, 25885
BH_n6_M10, 27919
BH_n2_M10, 2496
BH_n6_M10, 20414
BH_n4_M10, 11987
BH_n4_M10, 4698
BH_n6_M10, 5716
BH_n6_M10, 22122
BH_n4_M10, 982
BH_n4_M8, 56205
BH_n6_M10, 12865
BH_n4_M8, 15815
BH_n2_M10, 316
BH_n4_M10, 16734
BH_n6_M10, 9892
SPH_9, 21052
BH_n2_M10, 25647
BH_n4_M12, 11704
BH_n4_M8, 27531
BH_n4_M10, 24889
BH_n2_M10, 9805
BH_n2_M10, 11833
BH_n4_M8, 33798
BH_n4_M8, 70776
BH_n2_M10, 7461
BH_n2_M10, 4862
BH_n4_M10, 26266
BH_n4_M10, 7507
BH_n6_M10, 2527
BH_n4_M10, 24502
BH_n6_M10, 33465
BH_n4_M10, 6059
BH_n6_M10, 1871
BH_n4_M8, 10524
BH_n4_M8, 7460
BH_n6_M10, 10912
BH_n4_M10, 8772
BH_n6_M10, 13583
BH_n6_M10, 30144
BH_n6_M10, 13692
BH_n6_M10, 28858
BH_n6_M10, 13665
BH_n4_M8, 10475
BH_n4_M10, 16388
BH_n4_M8, 20126
BH_n4_M10, 17850
BH_n4_M10, 21588
BH_n4_M8, 49798
BH_n4_M10, 14230
BH_n6_M10, 25991
BH_n4_M8, 18092
BH_n4_M8, 14589
BH_n6_M10, 23376
BH_n4_M10, 13213
BH_n4_M10, 5185
BH_n4_M8, 36910
BH_n2_M10, 6547
BH_n4_M12, 6321
BH_n6_M10, 25900
BH_n2_M10, 18261
BH_n4_M8, 53689
BH_n4_M10, 19243
BH_n4_M8, 52919
BH_n4_M10, 921
BH_n4_M10, 12928
BH_n6_M10, 27844
BH_n2_M10, 11991
BH_n2_M10, 17668
BH_n6_M10, 2756
BH_n6_M10, 874
BH_n6_M10, 1119
BH_n4_M10, 5196
BH_n4_M8, 45388
BH_n2_M10, 13760
BH_n2_M10, 24067
BH_n4_M10, 5668
BH_n6_M10, 29451
BH_n4_M12, 12797
BH_n4_M8, 1037
BH_n4_M8, 44703
BH_n4_M8, 25533
BH_n4_M12, 10598
BH_n2_M10, 10942
BH_n2_M10, 3253
BH_n4_M8, 57845
BH_n6_M10, 8124
BH_n6_M10, 12105
BH_n2_M10, 12862
BH_n6_M10, 8513
BH_n4_M8, 44636
BH_n4_M12, 12049
BH_n4_M12, 10804
BH_n6_M10, 29730
BH_n6_M10, 20858
BH_n4_M10, 18347
BH_n6_M10, 31872
BH_n2_M10, 5367
BH_n4_M10, 19336
BH_n6_M10, 23398
BH_n4_M8, 56160
BH_n4_M12, 15612
BH_n4_M10, 29128
BH_n4_M8, 396
BH_n2_M10, 3885
BH_n4_M10, 27374
BH_n6_M10, 20252
BH_n4_M12, 14823
BH_n4_M10, 13100
BH_n4_M8, 3499
SPH_9, 14477
BH_n4_M10, 16229
BH_n6_M10, 16042
BH_n6_M10, 8561
BH_n2_M10, 10474
BH_n4_M12, 22230
BH_n4_M10, 23937
BH_n4_M10, 29734
BH_n4_M8, 29660
BH_n2_M10, 8290
SPH_9, 82154
BH_n6_M10, 3824
BH_n4_M8, 8867
BH_n6_M10, 3370
BH_n2_M10, 6007
BH_n4_M10, 22851
SPH_9, 13099
BH_n4_M12, 2866
BH_n4_M10, 4058
BH_n4_M8, 18852
BH_n4_M12, 18933
BH_n6_M10, 9823
BH_n2_M10, 18143
BH_n6_M10, 25617
BH_n4_M8, 32274
BH_n4_M10, 6423
BH_n2_M10, 10937
BH_n4_M8, 501
BH_n4_M10, 12070
BH_n2_M10, 4351
BH_n2_M10, 25998
BH_n4_M8, 60687
BH_n2_M10, 26832
BH_n6_M10, 19396
BH_n6_M10, 27252
BH_n2_M10, 8802
BH_n2_M10, 25362
BH_n2_M10, 10255
BH_n4_M8, 85336
BH_n2_M10, 3517
BH_n2_M10, 5656
BH_n6_M10, 11889
BH_n2_M10, 9865
BH_n4_M8, 58372
BH_n6_M10, 14128
BH_n6_M10, 31235
BH_n6_M10, 2883
BH_n4_M10, 23690
BH_n2_M10, 2557
BH_n2_M10, 20015
BH_n6_M10, 5120
BH_n4_M12, 8458
SPH_9, 69660
BH_n4_M10, 7480
BH_n6_M10, 27457
SPH_9, 65086
BH_n4_M10, 26531
BH_n2_M10, 14955
BH_n6_M10, 18433
BH_n4_M8, 48841
BH_n4_M12, 20687
BH_n4_M10, 14314
BH_n4_M12, 8585
BH_n4_M12, 22943
BH_n2_M10, 12634
BH_n6_M10, 21265
BH_n2_M10, 7397
BH_n6_M10, 11173
BH_n4_M10, 20440
BH_n6_M10, 10110
BH_n6_M10, 28303
BH_n4_M8, 54885
BH_n4_M12, 21987
BH_n2_M10, 8110
BH_n4_M8, 23945
BH_n4_M10, 27525
BH_n4_M8, 32269
BH_n4_M12, 11093
BH_n6_M10, 29815
BH_n6_M10, 8876
BH_n2_M10, 26448
BH_n4_M8, 5463
BH_n4_M12, 17265
BH_n4_M12, 21879
BH_n2_M10, 545
BH_n4_M10, 29550
BH_n4_M10, 30182
BH_n4_M10, 26772
BH_n4_M12, 11291
BH_n6_M10, 30009
BH_n4_M8, 58992
BH_n4_M10, 12716
BH_n2_M10, 3906
BH_n2_M10, 373
BH_n6_M10, 32232
BH_n4_M10, 28383
BH_n6_M10, 21523
BH_n4_M8, 36380
BH_n6_M10, 17575
BH_n4_M10, 15299
BH_n6_M10, 745
BH_n6_M10, 13133
BH_n2_M10, 4607
SPH_9, 70253
BH_n4_M8, 58147
BH_n2_M10, 19655
BH_n6_M10, 18171
BH_n6_M10, 29396
BH_n2_M10, 389
BH_n6_M10, 21419
BH_n4_M10, 10048
BH_n4_M10, 14428
BH_n2_M10, 1888
BH_n6_M10, 30896
BH_n6_M10, 20722
BH_n2_M10, 21601
BH_n2_M10, 5870
BH_n4_M10, 20432
BH_n2_M10, 16339
BH_n4_M8, 83626
BH_n6_M10, 25591
BH_n4_M8, 16995
BH_n4_M10, 12298
BH_n4_M10, 13862
BH_n4_M8, 64907
BH_n4_M8, 84540
BH_n2_M10, 19206
BH_n6_M10, 26384
BH_n4_M10, 8381
BH_n4_M10, 12696
BH_n4_M10, 29783
BH_n6_M10, 22713
BH_n4_M10, 25957
BH_n6_M10, 10861
BH_n6_M10, 15495
BH_n6_M10, 25687
BH_n4_M10, 15429
BH_n4_M10, 12337
BH_n4_M8, 1352
BH_n4_M8, 79375
BH_n4_M8, 25164
BH_n6_M10, 1937
BH_n4_M10, 9595
BH_n4_M12, 18829
BH_n6_M10, 25305
BH_n4_M8, 48078
BH_n4_M8, 82169
BH_n2_M10, 958
BH_n2_M10, 7174
BH_n6_M10, 24511
BH_n6_M10, 2594
BH_n4_M8, 59404
BH_n6_M10, 5564
BH_n4_M12, 6759
BH_n4_M10, 8913
BH_n6_M10, 21645
BH_n4_M10, 24189
BH_n4_M12, 8495
BH_n4_M8, 72982
BH_n6_M10, 5593
BH_n4_M12, 12951
BH_n2_M10, 8936
BH_n4_M10, 2098
BH_n2_M10, 25456
BH_n6_M10, 19657
BH_n2_M10, 8319
BH_n6_M10, 17641
BH_n4_M10, 6103
BH_n2_M10, 4226
BH_n4_M10, 27182
BH_n4_M10, 3171
BH_n4_M10, 3079
BH_n4_M12, 19403
BH_n4_M10, 22680
BH_n4_M10, 20723
BH_n2_M10, 10987
BH_n2_M10, 5311
BH_n6_M10, 4132
BH_n2_M10, 23562
BH_n4_M8, 28557
BH_n2_M10, 7311
BH_n6_M10, 28388
BH_n4_M12, 10051
BH_n2_M10, 14767
BH_n4_M8, 33202
BH_n6_M10, 6303
BH_n4_M10, 18746
BH_n2_M10, 2660
BH_n4_M10, 17029
BH_n6_M10, 20817
BH_n2_M10, 2139
BH_n4_M10, 29002
BH_n4_M10, 30362
BH_n4_M10, 30633
BH_n4_M8, 42544
BH_n4_M10, 11129
BH_n6_M10, 4104
BH_n6_M10, 30793
SPH_9, 53420
BH_n4_M8, 34649
BH_n2_M10, 26506
BH_n4_M10, 1530
BH_n4_M10, 16550
BH_n2_M10, 17140
BH_n4_M12, 290
BH_n4_M10, 2617
BH_n2_M10, 12935
BH_n4_M10, 23189
BH_n2_M10, 17272
BH_n2_M10, 11347
BH_n4_M10, 23391
BH_n4_M8, 85921
BH_n6_M10, 3264
BH_n6_M10, 9301
BH_n4_M8, 46277
BH_n4_M10, 19097
BH_n2_M10, 24315
BH_n6_M10, 18035
BH_n4_M10, 1136
BH_n4_M10, 3878
BH_n4_M10, 342
BH_n2_M10, 12952
BH_n6_M10, 24880
BH_n4_M10, 24680
BH_n6_M10, 5171
BH_n6_M10, 28127
SPH_9, 17968
BH_n2_M10, 6759
SPH_9, 44027
BH_n6_M10, 10612
BH_n4_M10, 19152
BH_n6_M10, 11424
BH_n2_M10, 5995
BH_n6_M10, 19320
BH_n4_M10, 14045
BH_n6_M10, 28330
BH_n6_M10, 33949
BH_n4_M8, 75372
BH_n2_M10, 16496
BH_n6_M10, 24286
BH_n6_M10, 20503
BH_n2_M10, 8226
BH_n2_M10, 4450
SPH_9, 1065
BH_n4_M8, 41923
BH_n4_M10, 27083
BH_n2_M10, 25023
BH_n6_M10, 10670
BH_n4_M8, 33479
BH_n2_M10, 9158
BH_n4_M8, 52555
BH_n4_M12, 1700
BH_n4_M10, 28198
BH_n4_M10, 26325
BH_n4_M10, 16188
BH_n4_M10, 21023
BH_n2_M10, 24547
BH_n6_M10, 13344
BH_n4_M12, 15277
BH_n4_M12, 19333
BH_n4_M8, 36688
SPH_9, 38815
BH_n4_M10, 10034
BH_n4_M10, 12089
SPH_9, 65387
BH_n6_M10, 29528
BH_n4_M10, 7208
BH_n4_M10, 26041
BH_n6_M10, 17142
BH_n4_M10, 25223
BH_n4_M8, 47068
BH_n6_M10, 29562
BH_n4_M12, 7628
BH_n4_M12, 17432
BH_n2_M10, 19233
BH_n6_M10, 3308
BH_n4_M10, 26300
BH_n4_M8, 48123
SPH_9, 13722
BH_n4_M10, 11859
BH_n4_M10, 1300
BH_n2_M10, 14757
BH_n2_M10, 14256
BH_n4_M8, 6269
BH_n4_M8, 54052
BH_n4_M10, 11057
BH_n4_M10, 20223
BH_n4_M10, 11393
BH_n4_M8, 58504
BH_n2_M10, 282
BH_n6_M10, 5133
BH_n2_M10, 23172
BH_n4_M12, 1877
BH_n4_M8, 61965
BH_n4_M8, 83039
BH_n2_M10, 14346
BH_n2_M10, 4470
BH_n2_M10, 20427
BH_n4_M10, 10168
BH_n6_M10, 18380
BH_n2_M10, 6374
BH_n4_M8, 27714
BH_n2_M10, 4036
BH_n6_M10, 8205
BH_n2_M10, 662
BH_n6_M10, 12151
BH_n6_M10, 8523
BH_n4_M10, 26761
BH_n6_M10, 17247
BH_n2_M10, 2009
BH_n4_M10, 4684
BH_n6_M10, 15573
BH_n4_M10, 23681
BH_n4_M10, 22751
BH_n2_M10, 9983
BH_n4_M10, 24395
BH_n2_M10, 11125
BH_n4_M10, 25886
BH_n6_M10, 12145
BH_n2_M10, 24065
BH_n4_M10, 15174
SPH_9, 26798
BH_n6_M10, 27976
BH_n4_M10, 28192
BH_n2_M10, 25503
BH_n4_M8, 35772
BH_n4_M10, 8382
BH_n4_M10, 16694
BH_n2_M10, 17057
BH_n6_M10, 26230
BH_n4_M10, 4022
BH_n2_M10, 5864
BH_n2_M10, 10264
BH_n2_M10, 15802
BH_n6_M10, 29560
BH_n6_M10, 8504
BH_n4_M8, 23146
BH_n2_M10, 18571
BH_n4_M8, 40241
BH_n6_M10, 1033
BH_n4_M12, 844
BH_n4_M10, 4535
BH_n4_M8, 70431
BH_n6_M10, 3175
BH_n2_M10, 11711
BH_n4_M8, 20961
BH_n4_M10, 11167
BH_n4_M10, 18077
BH_n4_M8, 39240
BH_n2_M10, 2229
BH_n4_M8, 28464
BH_n4_M8, 31479
BH_n6_M10, 703
BH_n4_M10, 11078
BH_n4_M8, 79608
BH_n4_M8, 5361
BH_n4_M8, 30750
BH_n4_M8, 18573
BH_n4_M10, 2707
BH_n6_M10, 34032
SPH_9, 53702
BH_n6_M10, 29327
BH_n2_M10, 863
BH_n2_M10, 16200
BH_n6_M10, 5212
BH_n4_M10, 6065
BH_n6_M10, 22369
BH_n4_M8, 40337
BH_n4_M8, 69020
BH_n2_M10, 5182
BH_n4_M8, 33931
BH_n6_M10, 15808
BH_n6_M10, 32059
BH_n4_M12, 12109
BH_n2_M10, 2544
BH_n6_M10, 13941
BH_n4_M8, 19627
BH_n4_M8, 7042
BH_n4_M10, 26258
BH_n4_M8, 54526
BH_n2_M10, 6134
BH_n4_M10, 13030
BH_n4_M10, 7481
BH_n4_M10, 22976
BH_n6_M10, 24868
BH_n6_M10, 22678
BH_n4_M10, 3159
BH_n4_M10, 23440
BH_n2_M10, 4235
BH_n6_M10, 31020
BH_n2_M10, 6135
BH_n4_M10, 6964
BH_n4_M8, 22856
BH_n2_M10, 21578
BH_n4_M10, 18298
BH_n2_M10, 17426
BH_n4_M8, 69231
BH_n6_M10, 32717
BH_n4_M10, 3444
BH_n4_M10, 2021
BH_n2_M10, 5012
BH_n2_M10, 4366
BH_n4_M8, 73463
BH_n2_M10, 12407
BH_n4_M10, 15288
BH_n4_M10, 6320
BH_n6_M10, 16858
BH_n6_M10, 20665
BH_n6_M10, 24887
BH_n4_M10, 14873
BH_n4_M8, 16930
BH_n6_M10, 23464
BH_n4_M10, 2013
BH_n2_M10, 1301
BH_n2_M10, 20076
BH_n2_M10, 12701
BH_n4_M8, 82345
BH_n4_M10, 23124
BH_n2_M10, 7725
BH_n6_M10, 22490
BH_n4_M10, 6307
BH_n4_M8, 20609
BH_n4_M12, 9944
BH_n4_M8, 46266
BH_n6_M10, 11559
BH_n2_M10, 18011
BH_n4_M8, 11644
BH_n6_M10, 18255
BH_n6_M10, 16029
BH_n2_M10, 4704
BH_n4_M12, 17712
BH_n6_M10, 25351
BH_n2_M10, 12791
BH_n4_M12, 7203
BH_n6_M10, 25352
BH_n4_M8, 3218
BH_n4_M10, 27250
SPH_9, 63928
BH_n6_M10, 16588
BH_n4_M12, 12661
BH_n4_M12, 6609
BH_n2_M10, 24897
BH_n4_M10, 25642
BH_n4_M10, 26360
BH_n4_M10, 14555
BH_n4_M12, 12451
BH_n4_M10, 21897
BH_n4_M10, 658
BH_n4_M8, 19708
BH_n4_M10, 20108
BH_n4_M10, 30759
BH_n4_M10, 19374
BH_n4_M10, 11322
BH_n4_M8, 31890
BH_n2_M10, 2305
SPH_9, 24400
BH_n4_M10, 20730
BH_n6_M10, 290
BH_n4_M10, 12261
BH_n6_M10, 7808
BH_n2_M10, 6131
BH_n6_M10, 5451
BH_n4_M10, 9164
BH_n2_M10, 12448
BH_n4_M10, 3993
BH_n2_M10, 21198
BH_n4_M10, 13734
BH_n4_M10, 17193
BH_n2_M10, 22338
BH_n6_M10, 3986
BH_n4_M12, 13227
BH_n4_M12, 22484
BH_n6_M10, 31941
BH_n6_M10, 12265
BH_n4_M8, 61621
BH_n2_M10, 7812
BH_n4_M12, 15005
BH_n4_M8, 72269
BH_n4_M10, 880
BH_n2_M10, 16471
BH_n4_M10, 12965
BH_n2_M10, 26845
BH_n4_M8, 52579
BH_n4_M8, 4281
BH_n4_M8, 14538
BH_n4_M12, 22319
BH_n2_M10, 15586
BH_n6_M10, 13383
SPH_9, 18653
BH_n2_M10, 13503
BH_n4_M8, 80007
BH_n6_M10, 5525
BH_n4_M12, 6654
BH_n6_M10, 11390
BH_n4_M10, 11877
BH_n4_M12, 1522
BH_n2_M10, 17468
BH_n4_M10, 24861
BH_n6_M10, 11218
SPH_9, 26112
BH_n4_M10, 3816
BH_n2_M10, 7897
BH_n2_M10, 23000
BH_n6_M10, 32121
BH_n4_M10, 17363
BH_n4_M8, 84679
BH_n4_M8, 78807
BH_n2_M10, 19917
BH_n6_M10, 8448
BH_n4_M10, 7550
BH_n6_M10, 101
BH_n4_M10, 29079
BH_n4_M10, 10888
BH_n4_M12, 5419
BH_n2_M10, 19446
SPH_9, 24237
BH_n4_M12, 20458
BH_n6_M10, 13315
BH_n2_M10, 19170
BH_n4_M12, 18178
BH_n4_M8, 85597
BH_n2_M10, 5817
BH_n6_M10, 6006
BH_n4_M10, 29138
BH_n6_M10, 3948
BH_n6_M10, 11349
BH_n2_M10, 17837
BH_n6_M10, 32554
BH_n2_M10, 10873
BH_n4_M8, 68157
BH_n4_M8, 25901
BH_n4_M12, 17229
BH_n6_M10, 12925
BH_n4_M12, 7127
BH_n4_M10, 21272
BH_n4_M12, 12722
BH_n2_M10, 15311
BH_n2_M10, 2384
BH_n4_M10, 19783
BH_n4_M12, 12009
BH_n2_M10, 6786
BH_n6_M10, 10943
BH_n4_M12, 6579
BH_n4_M8, 49981
BH_n2_M10, 17504
BH_n6_M10, 22814
BH_n6_M10, 33537
BH_n6_M10, 33294
BH_n4_M10, 10498
BH_n4_M10, 20938
BH_n4_M10, 28720
BH_n4_M8, 85211
BH_n2_M10, 25706
BH_n6_M10, 14243
BH_n4_M10, 12093
BH_n4_M8, 83704
BH_n6_M10, 17134
BH_n6_M10, 1917
BH_n2_M10, 4935
BH_n4_M10, 20610
BH_n4_M10, 2675
BH_n6_M10, 30894
BH_n2_M10, 6937
BH_n4_M10, 24250
BH_n6_M10, 31312
BH_n4_M10, 18888
BH_n2_M10, 5558
BH_n2_M10, 20494
BH_n6_M10, 7543
BH_n4_M10, 18656
BH_n4_M10, 28115
BH_n4_M10, 15263
BH_n4_M10, 2241
SPH_9, 82036
BH_n4_M8, 20402
BH_n4_M10, 28381
BH_n2_M10, 8781
BH_n4_M8, 75534
BH_n2_M10, 14195
BH_n2_M10, 25394
BH_n4_M8, 17742
BH_n4_M12, 20867
BH_n2_M10, 35
BH_n4_M8, 929
BH_n6_M10, 13218
BH_n2_M10, 21964
BH_n6_M10, 18394
BH_n4_M10, 27700
BH_n4_M10, 7351
BH_n4_M12, 13102
BH_n6_M10, 15861
SPH_9, 3237
BH_n6_M10, 14699
BH_n6_M10, 22018
BH_n6_M10, 24002
BH_n4_M8, 49435
BH_n6_M10, 21028
BH_n4_M10, 12229
BH_n4_M10, 4367
BH_n2_M10, 3331
SPH_9, 68237
BH_n4_M12, 18636
BH_n4_M12, 19288
BH_n4_M10, 2285
BH_n6_M10, 28034
BH_n4_M10, 22017
BH_n4_M10, 14762
BH_n2_M10, 16931
BH_n6_M10, 582
BH_n2_M10, 24573
BH_n2_M10, 21044
BH_n6_M10, 20010
BH_n2_M10, 4153
BH_n2_M10, 3190
BH_n4_M10, 20551
BH_n6_M10, 626
BH_n4_M10, 1680
BH_n4_M10, 14311
BH_n6_M10, 6899
BH_n4_M8, 21371
SPH_9, 77067
BH_n4_M10, 20681
BH_n4_M12, 13452
BH_n6_M10, 3063
BH_n4_M12, 21226
BH_n6_M10, 24166
BH_n2_M10, 4736
BH_n2_M10, 12958
BH_n6_M10, 24709
BH_n6_M10, 31318
BH_n6_M10, 11473
BH_n6_M10, 3543
BH_n2_M10, 10124
BH_n2_M10, 7572
BH_n4_M10, 1965
BH_n4_M8, 64774
BH_n4_M8, 51903
BH_n4_M10, 23514
BH_n2_M10, 20958
BH_n4_M10, 21963
BH_n4_M12, 2067
BH_n4_M12, 9595
BH_n4_M10, 15865
BH_n6_M10, 16883
BH_n6_M10, 19447
BH_n6_M10, 24681
BH_n4_M8, 67661
BH_n4_M8, 84044
BH_n4_M8, 2212
BH_n4_M10, 23789
BH_n2_M10, 6551
SPH_9, 72884
BH_n6_M10, 8831
BH_n6_M10, 8585
BH_n4_M10, 14524
BH_n6_M10, 31684
BH_n2_M10, 2205
BH_n4_M10, 18829
BH_n4_M12, 8171
SPH_9, 65803
BH_n4_M8, 67006
BH_n2_M10, 3434
BH_n4_M8, 52438
BH_n4_M10, 25726
BH_n6_M10, 29838
BH_n4_M8, 47133
BH_n4_M12, 7541
BH_n6_M10, 24008
BH_n6_M10, 30347
BH_n4_M10, 9590
BH_n4_M8, 50806
BH_n4_M10, 20787
BH_n2_M10, 6350
BH_n4_M12, 15613
BH_n2_M10, 26386
BH_n4_M10, 12695
BH_n2_M10, 6836
BH_n2_M10, 8648
BH_n2_M10, 8281
BH_n6_M10, 13371
BH_n4_M10, 11876
BH_n2_M10, 5828
BH_n4_M10, 5814
SPH_9, 11305
BH_n4_M12, 15946
BH_n4_M10, 18062
SPH_9, 51185
BH_n2_M10, 24987
BH_n4_M8, 11549
BH_n4_M8, 59917
BH_n2_M10, 18297
BH_n2_M10, 15247
BH_n4_M10, 149
SPH_9, 70827
BH_n6_M10, 2132
BH_n4_M10, 1471
BH_n2_M10, 16767
BH_n2_M10, 12839
BH_n4_M10, 24807
BH_n2_M10, 9555
BH_n2_M10, 11190
BH_n6_M10, 13425
BH_n4_M10, 19488
BH_n6_M10, 17853
BH_n2_M10, 24247
BH_n2_M10, 17553
BH_n6_M10, 14705
BH_n4_M12, 19546
BH_n4_M12, 16702
BH_n6_M10, 20315
BH_n2_M10, 517
BH_n2_M10, 20147
BH_n6_M10, 24901
BH_n4_M10, 29598
BH_n4_M10, 13548
BH_n6_M10, 27603
BH_n4_M10, 9993
BH_n4_M10, 29161
BH_n4_M10, 17736
BH_n2_M10, 14338
BH_n2_M10, 14434
BH_n2_M10, 12603
BH_n4_M10, 21527
BH_n4_M12, 4996
BH_n2_M10, 8318
BH_n4_M10, 10512
BH_n6_M10, 18893
BH_n4_M10, 6856
BH_n2_M10, 9041
BH_n4_M10, 9199
BH_n4_M10, 14323
BH_n6_M10, 951
BH_n4_M10, 20486
BH_n4_M10, 23840
BH_n4_M10, 23360
BH_n2_M10, 510
BH_n6_M10, 7971
BH_n4_M10, 13567
BH_n2_M10, 6680
BH_n4_M12, 269
BH_n2_M10, 13412
SPH_9, 25733
BH_n4_M10, 8003
BH_n6_M10, 24498
BH_n6_M10, 7298
BH_n4_M8, 37042
BH_n2_M10, 17907
BH_n4_M8, 12332
BH_n2_M10, 22148
BH_n4_M8, 3023
BH_n4_M8, 65854
BH_n4_M10, 23712
BH_n4_M8, 14557
BH_n6_M10, 27884
BH_n6_M10, 24739
BH_n4_M8, 11930
BH_n2_M10, 12326
BH_n2_M10, 24373
BH_n2_M10, 374
BH_n6_M10, 3217
BH_n4_M10, 4185
BH_n2_M10, 4793
BH_n6_M10, 172
BH_n2_M10, 18552
BH_n6_M10, 22432
BH_n4_M10, 29807
BH_n4_M10, 14291
BH_n4_M10, 7419
BH_n2_M10, 15700
BH_n4_M10, 3990
BH_n4_M8, 68722
BH_n4_M10, 25970
BH_n4_M8, 74166
BH_n2_M10, 87
BH_n6_M10, 33563
BH_n6_M10, 14564
BH_n4_M12, 14080
BH_n6_M10, 22528
BH_n4_M8, 19371
BH_n2_M10, 9165
BH_n4_M8, 10146
BH_n4_M8, 40630
BH_n4_M10, 7203
BH_n4_M8, 24870
BH_n4_M10, 25675
BH_n4_M10, 16983
BH_n6_M10, 14470
BH_n4_M8, 40590
SPH_9, 52152
BH_n4_M10, 14970
BH_n4_M10, 18051
BH_n4_M10, 29563
BH_n2_M10, 6649
BH_n2_M10, 11722
BH_n4_M10, 19029
BH_n2_M10, 1451
BH_n4_M10, 20386
BH_n6_M10, 12465
BH_n6_M10, 16439
BH_n4_M10, 15991
BH_n6_M10, 20156
BH_n4_M8, 38704
SPH_9, 80802
BH_n6_M10, 9636
BH_n2_M10, 10809
BH_n2_M10, 6991
BH_n2_M10, 25840
BH_n2_M10, 16528
BH_n4_M12, 10416
BH_n6_M10, 33748
BH_n4_M10, 14899
BH_n4_M10, 297
BH_n4_M10, 19627
BH_n2_M10, 26424
BH_n6_M10, 32896
BH_n2_M10, 6122
BH_n6_M10, 6121
BH_n2_M10, 15241
BH_n4_M8, 49635
BH_n6_M10, 15915
BH_n2_M10, 7181
BH_n4_M10, 11994
BH_n4_M10, 13627
BH_n4_M8, 41265
BH_n4_M10, 22125
BH_n4_M10, 30424
BH_n4_M8, 23429
BH_n2_M10, 23279
BH_n4_M10, 5209
SPH_9, 27168
BH_n4_M8, 54800
BH_n4_M10, 696
BH_n2_M10, 6688
BH_n2_M10, 15832
BH_n6_M10, 13116
BH_n2_M10, 7256
BH_n2_M10, 16042
BH_n2_M10, 12856
BH_n4_M10, 24311
BH_n4_M10, 27758
BH_n4_M10, 18435
BH_n2_M10, 22753
BH_n2_M10, 24499
BH_n6_M10, 5763
SPH_9, 66406
BH_n6_M10, 21786
BH_n4_M10, 17244
BH_n2_M10, 21181
BH_n6_M10, 318
BH_n4_M10, 6711
SPH_9, 38212
BH_n4_M8, 64120
BH_n4_M10, 3644
BH_n6_M10, 19055
BH_n2_M10, 19663
SPH_9, 67405
BH_n4_M10, 20068
BH_n2_M10, 18908
BH_n4_M8, 85433
BH_n4_M10, 28379
BH_n4_M10, 22584
BH_n4_M8, 27592
BH_n6_M10, 1637
BH_n2_M10, 1275
BH_n4_M12, 8717
BH_n2_M10, 10759
BH_n4_M8, 5216
BH_n2_M10, 12594
BH_n4_M12, 3552
BH_n4_M8, 69487
BH_n4_M10, 19454
BH_n2_M10, 8152
BH_n6_M10, 13654
BH_n2_M10, 25725
BH_n4_M12, 13062
BH_n4_M10, 2599
BH_n4_M10, 15769
BH_n4_M10, 28811
BH_n2_M10, 1294
BH_n6_M10, 5073
BH_n6_M10, 31599
BH_n4_M10, 7068
BH_n6_M10, 27115
BH_n6_M10, 16011
BH_n2_M10, 1105
BH_n4_M10, 5004
BH_n2_M10, 18091
BH_n4_M10, 24096
BH_n6_M10, 12995
BH_n6_M10, 29645
BH_n4_M8, 80080
BH_n4_M10, 9216
BH_n6_M10, 25840
BH_n4_M10, 11989
BH_n2_M10, 12820
BH_n6_M10, 4645
BH_n6_M10, 2445
BH_n6_M10, 11488
BH_n6_M10, 29773
BH_n4_M10, 25519
BH_n4_M10, 3593
SPH_9, 55518
BH_n4_M10, 10177
SPH_9, 58445
BH_n4_M10, 8450
BH_n6_M10, 14910
BH_n6_M10, 31404
BH_n4_M12, 8967
BH_n6_M10, 31194
BH_n2_M10, 24949
BH_n2_M10, 18348
BH_n6_M10, 12971
BH_n6_M10, 33336
BH_n4_M10, 22044
BH_n4_M10, 5946
BH_n4_M10, 26587
BH_n6_M10, 7585
BH_n4_M10, 21992
BH_n4_M12, 4829
BH_n2_M10, 24635
BH_n4_M8, 37608
BH_n4_M10, 22688
BH_n6_M10, 25563
BH_n6_M10, 18191
BH_n4_M10, 327
BH_n6_M10, 30775
BH_n4_M10, 9416
BH_n4_M12, 6834
BH_n4_M10, 4606
BH_n4_M8, 37193
BH_n4_M12, 11729
BH_n6_M10, 2980
BH_n4_M12, 4972
BH_n6_M10, 12176
BH_n6_M10, 22019
SPH_9, 57246
BH_n2_M10, 16511
BH_n6_M10, 2512
BH_n4_M8, 67080
BH_n6_M10, 20398
BH_n6_M10, 15643
BH_n4_M10, 14534
BH_n4_M10, 16561
BH_n4_M10, 23988
BH_n4_M8, 54500
BH_n4_M8, 26498
BH_n2_M10, 16124
BH_n6_M10, 3137
BH_n4_M8, 58886
BH_n6_M10, 11221
BH_n4_M8, 49542
BH_n4_M8, 12723
BH_n6_M10, 15479
BH_n6_M10, 88
BH_n4_M10, 5913
BH_n4_M8, 82412
BH_n6_M10, 11127
BH_n2_M10, 12566
BH_n2_M10, 26540
BH_n4_M8, 77295
BH_n6_M10, 20734
BH_n4_M8, 46781
BH_n4_M10, 3099
BH_n6_M10, 9022
BH_n4_M10, 6719
BH_n4_M10, 11493
BH_n4_M10, 3255
BH_n6_M10, 29749
BH_n4_M8, 63580
BH_n4_M10, 1584
BH_n2_M10, 23783
BH_n4_M12, 16998
BH_n6_M10, 23260
BH_n2_M10, 2699
BH_n2_M10, 463
BH_n6_M10, 26887
BH_n2_M10, 6384
BH_n4_M8, 80813
BH_n6_M10, 9400
BH_n4_M8, 64550
BH_n6_M10, 23369
BH_n4_M8, 1328
BH_n2_M10, 13957
BH_n4_M8, 669
BH_n4_M12, 10953
BH_n6_M10, 338
BH_n4_M10, 7527
BH_n4_M12, 10015
BH_n4_M12, 5844
BH_n2_M10, 13020
BH_n4_M12, 631
BH_n4_M12, 20345
BH_n6_M10, 28210
BH_n6_M10, 14898
SPH_9, 51785
BH_n2_M10, 4223
BH_n2_M10, 10342
BH_n4_M10, 4862
BH_n2_M10, 13162
BH_n6_M10, 18498
BH_n2_M10, 14393
BH_n4_M8, 26504
BH_n6_M10, 20910
BH_n4_M8, 38308
BH_n2_M10, 22036
BH_n4_M10, 16095
BH_n4_M10, 20322
BH_n4_M8, 44131
BH_n4_M10, 6721
BH_n6_M10, 30082
BH_n4_M10, 4723
BH_n4_M10, 29864
BH_n6_M10, 32660
BH_n6_M10, 30353
BH_n4_M10, 3853
BH_n4_M10, 3465
BH_n2_M10, 10329
BH_n4_M8, 18984
BH_n4_M8, 73014
BH_n4_M12, 5935
BH_n4_M10, 18135
BH_n2_M10, 23018
BH_n2_M10, 5533
BH_n4_M8, 1148
BH_n2_M10, 16541
SPH_9, 25297
BH_n2_M10, 13204
BH_n2_M10, 9996
BH_n4_M10, 25236
BH_n6_M10, 26022
BH_n4_M8, 39222
SPH_9, 19239
BH_n6_M10, 13098
BH_n6_M10, 32937
BH_n2_M10, 11965
BH_n4_M8, 64450
BH_n4_M10, 8211
BH_n2_M10, 1667
BH_n2_M10, 19340
BH_n4_M10, 10091
BH_n4_M12, 14865
BH_n6_M10, 538
BH_n6_M10, 28951
BH_n2_M10, 20902
BH_n4_M8, 61414
BH_n4_M10, 8097
BH_n4_M10, 28769
BH_n4_M10, 9681
BH_n4_M8, 857
BH_n6_M10, 15829
BH_n2_M10, 8808
BH_n4_M12, 16380
BH_n4_M10, 29971
BH_n6_M10, 22267
BH_n2_M10, 660
BH_n2_M10, 10281
BH_n4_M8, 50209
BH_n6_M10, 17003
BH_n2_M10, 25508
BH_n6_M10, 27185
BH_n6_M10, 21459
BH_n6_M10, 15831
BH_n2_M10, 26842
SPH_9, 26517
BH_n4_M10, 14134
BH_n6_M10, 24811
BH_n4_M12, 21240
BH_n4_M10, 24602
BH_n4_M10, 5175
BH_n4_M8, 81065
BH_n2_M10, 8315
BH_n4_M10, 5526
BH_n2_M10, 995
BH_n6_M10, 21282
BH_n6_M10, 22564
BH_n2_M10, 4522
BH_n4_M12, 11180
BH_n4_M10, 30055
BH_n4_M8, 65683
BH_n2_M10, 14418
BH_n2_M10, 16297
BH_n4_M10, 9204
BH_n4_M10, 25194
BH_n6_M10, 21281
BH_n6_M10, 24367
BH_n4_M12, 13365
BH_n6_M10, 3651
BH_n4_M8, 65266
BH_n2_M10, 8566
BH_n4_M8, 71843
BH_n4_M8, 27049
BH_n4_M12, 11910
BH_n2_M10, 6620
BH_n4_M10, 18992
BH_n4_M10, 5812
BH_n2_M10, 2468
BH_n6_M10, 142
BH_n6_M10, 15777
BH_n2_M10, 14147
BH_n6_M10, 7553
BH_n2_M10, 24341
BH_n4_M10, 4323
BH_n6_M10, 13325
BH_n2_M10, 15554
BH_n2_M10, 22210
BH_n6_M10, 11124
BH_n4_M8, 17372
BH_n4_M10, 3287
BH_n6_M10, 30267
BH_n4_M10, 28482
BH_n4_M12, 10743
BH_n4_M12, 21052
BH_n4_M10, 19930
BH_n2_M10, 10613
BH_n4_M12, 9505
BH_n6_M10, 32269
BH_n4_M10, 13049
BH_n4_M10, 7181
BH_n4_M8, 76514
BH_n4_M8, 48910
BH_n6_M10, 33862
BH_n4_M10, 12747
BH_n6_M10, 9590
BH_n4_M8, 45067
BH_n4_M12, 9201
BH_n2_M10, 19484
BH_n6_M10, 27271
BH_n6_M10, 29839
BH_n2_M10, 3518
BH_n4_M10, 612
BH_n4_M10, 25312
BH_n2_M10, 16144
BH_n6_M10, 25281
BH_n4_M8, 55498
BH_n2_M10, 25206
BH_n2_M10, 24001
BH_n6_M10, 22461
BH_n6_M10, 12920
BH_n2_M10, 3814
BH_n4_M8, 57580
BH_n6_M10, 13667
BH_n6_M10, 10924
BH_n2_M10, 19251
BH_n6_M10, 31339
BH_n2_M10, 26722
BH_n4_M10, 5565
BH_n4_M10, 23306
SPH_9, 78534
BH_n4_M8, 29613
BH_n2_M10, 17410
BH_n4_M8, 28098
BH_n6_M10, 16701
BH_n6_M10, 20783
BH_n6_M10, 30393
BH_n6_M10, 27803
BH_n4_M10, 7624
BH_n2_M10, 25180
BH_n4_M12, 9323
BH_n4_M8, 43577
BH_n2_M10, 621
BH_n6_M10, 25643
BH_n4_M8, 22926
BH_n6_M10, 3347
BH_n4_M10, 15762
BH_n2_M10, 15026
BH_n2_M10, 20547
BH_n4_M12, 15723
BH_n4_M10, 2199
BH_n6_M10, 29494
BH_n2_M10, 20343
BH_n4_M10, 13444
BH_n6_M10, 134
BH_n2_M10, 23524
BH_n6_M10, 11454
BH_n4_M10, 19723
BH_n4_M10, 4798
BH_n4_M8, 29606
BH_n4_M12, 21068
BH_n6_M10, 5065
BH_n6_M10, 11789
SPH_9, 66849
BH_n4_M12, 11419
BH_n2_M10, 2292
BH_n6_M10, 29293
BH_n4_M8, 47315
BH_n4_M10, 10381
BH_n4_M10, 30122
BH_n2_M10, 1900
BH_n4_M8, 58692
BH_n2_M10, 1618
BH_n2_M10, 21160
BH_n2_M10, 10882
BH_n6_M10, 26053
BH_n4_M10, 20859
BH_n2_M10, 22752
BH_n2_M10, 12837
SPH_9, 33260
BH_n4_M10, 25540
BH_n6_M10, 20886
BH_n6_M10, 14340
BH_n2_M10, 1324
BH_n2_M10, 24309
BH_n4_M10, 18732
BH_n4_M10, 30333
BH_n2_M10, 15650
BH_n2_M10, 24103
BH_n2_M10, 2697
BH_n4_M8, 13746
BH_n6_M10, 20377
BH_n4_M10, 2573
BH_n4_M10, 26609
BH_n4_M8, 59424
BH_n4_M8, 61109
BH_n4_M10, 18426
BH_n4_M8, 2236
BH_n4_M10, 24394
BH_n4_M12, 11974
BH_n6_M10, 12880
BH_n6_M10, 7857
BH_n4_M12, 9491
BH_n4_M8, 79211
BH_n2_M10, 3913
BH_n4_M10, 11183
BH_n4_M8, 22873
BH_n2_M10, 7101
BH_n2_M10, 13569
BH_n4_M8, 19871
BH_n4_M10, 9728
BH_n2_M10, 7108
BH_n2_M10, 13621
BH_n2_M10, 6864
BH_n2_M10, 23102
BH_n4_M10, 3598
BH_n4_M8, 48391
BH_n2_M10, 4094
BH_n4_M10, 15225
BH_n4_M10, 12792
BH_n2_M10, 1406
BH_n4_M10, 30705
BH_n4_M10, 515
BH_n6_M10, 9363
BH_n4_M10, 7035
BH_n2_M10, 24677
BH_n6_M10, 21960
BH_n4_M10, 24687
BH_n6_M10, 13598
BH_n4_M10, 16494
BH_n4_M12, 10681
BH_n6_M10, 5477
BH_n2_M10, 22831
BH_n2_M10, 4455
BH_n4_M8, 11503
BH_n4_M10, 25159
BH_n2_M10, 19979
BH_n6_M10, 20715
BH_n6_M10, 14676
BH_n4_M8, 41753
BH_n4_M10, 7716
BH_n4_M8, 17696
BH_n6_M10, 24213
BH_n2_M10, 15408
BH_n4_M10, 24542
BH_n6_M10, 6650
BH_n4_M10, 17843
BH_n6_M10, 11252
BH_n4_M10, 16488
BH_n6_M10, 32870
BH_n6_M10, 21434
BH_n2_M10, 11446
BH_n2_M10, 7457
BH_n2_M10, 5808
BH_n6_M10, 25691
BH_n4_M10, 3012
BH_n6_M10, 6736
BH_n2_M10, 16052
BH_n4_M10, 5715
BH_n4_M8, 7351
BH_n2_M10, 11151
BH_n6_M10, 6492
BH_n4_M10, 8754
BH_n4_M10, 16236
BH_n4_M10, 13743
BH_n2_M10, 1624
BH_n6_M10, 20668
SPH_9, 57756
BH_n4_M12, 1833
BH_n4_M10, 15331
BH_n4_M10, 23148
BH_n4_M10, 3031
BH_n4_M8, 84198
BH_n4_M12, 4739
BH_n4_M10, 6056
BH_n4_M10, 15442
BH_n2_M10, 18707
BH_n4_M10, 20902
BH_n4_M10, 22650
BH_n2_M10, 5314
BH_n6_M10, 15836
BH_n4_M12, 11696
BH_n2_M10, 13864
BH_n4_M10, 22995
BH_n4_M8, 1862
BH_n4_M10, 12947
BH_n6_M10, 14870
BH_n4_M10, 22952
BH_n4_M10, 8407
BH_n2_M10, 6186
SPH_9, 1870
BH_n4_M8, 43410
BH_n4_M8, 1234
BH_n2_M10, 19653
BH_n4_M10, 30191
BH_n4_M8, 79573
BH_n4_M12, 22532
BH_n4_M12, 3067
BH_n2_M10, 10860
BH_n4_M10, 29184
BH_n2_M10, 10317
BH_n6_M10, 24889
BH_n2_M10, 26519
BH_n4_M12, 13228
BH_n2_M10, 818
BH_n6_M10, 4108
BH_n2_M10, 26488
BH_n2_M10, 4769
BH_n2_M10, 1274
BH_n4_M10, 6112
BH_n2_M10, 17583
BH_n2_M10, 8223
BH_n6_M10, 28763
BH_n2_M10, 3715
SPH_9, 44064
BH_n6_M10, 808
BH_n2_M10, 16830
BH_n4_M8, 16388
BH_n4_M8, 27444
BH_n4_M10, 13512
BH_n4_M8, 28429
BH_n2_M10, 6047
BH_n4_M10, 28984
BH_n4_M10, 3639
BH_n6_M10, 8609
BH_n2_M10, 5179
BH_n4_M8, 55101
BH_n2_M10, 8731
BH_n6_M10, 10717
BH_n6_M10, 136
BH_n6_M10, 31242
BH_n6_M10, 7038
BH_n4_M10, 11532
BH_n4_M12, 7456
BH_n2_M10, 7568
BH_n4_M8, 12706
BH_n4_M12, 16210
SPH_9, 58511
BH_n2_M10, 570
BH_n2_M10, 14897
BH_n6_M10, 12783
BH_n6_M10, 4552
BH_n6_M10, 11362
BH_n6_M10, 27849
BH_n4_M10, 13066
BH_n4_M8, 23926
BH_n6_M10, 14474
BH_n6_M10, 1083
BH_n2_M10, 26420
BH_n6_M10, 31691
BH_n4_M10, 9714
BH_n6_M10, 4020
BH_n6_M10, 6207
BH_n6_M10, 197
BH_n2_M10, 24326
BH_n2_M10, 17897
BH_n2_M10, 26730
BH_n4_M10, 2894
BH_n6_M10, 17851
BH_n2_M10, 3013
SPH_9, 65462
BH_n6_M10, 14078
BH_n4_M10, 16566
BH_n6_M10, 30398
BH_n4_M8, 58585
BH_n4_M10, 27471
BH_n4_M10, 5427
BH_n4_M8, 60478
BH_n6_M10, 9383
BH_n4_M12, 11197
BH_n4_M10, 25000
BH_n4_M10, 22118
BH_n6_M10, 27354
BH_n6_M10, 31188
BH_n4_M10, 12046
BH_n4_M12, 6262
BH_n4_M10, 22987
BH_n2_M10, 9235
BH_n6_M10, 27022
BH_n4_M10, 14561
BH_n6_M10, 11369
BH_n6_M10, 16489
SPH_9, 29570
BH_n6_M10, 33292
BH_n6_M10, 3482
BH_n2_M10, 22346
SPH_9, 66733
BH_n6_M10, 30741
BH_n4_M10, 9987
BH_n2_M10, 1136
BH_n4_M10, 12224
BH_n4_M10, 15594
BH_n4_M10, 6937
BH_n2_M10, 7833
BH_n4_M12, 13950
BH_n4_M8, 13620
BH_n6_M10, 32718
BH_n6_M10, 9210
BH_n4_M10, 21568
BH_n4_M10, 29109
BH_n6_M10, 33326
BH_n4_M12, 1394
BH_n4_M8, 43618
BH_n4_M12, 4605
BH_n2_M10, 10418
BH_n6_M10, 11824
BH_n6_M10, 25895
BH_n6_M10, 32847
SPH_9, 450
BH_n4_M10, 4221
BH_n2_M10, 6470
SPH_9, 1781
BH_n4_M10, 14417
BH_n2_M10, 13144
SPH_9, 42737
BH_n4_M10, 18324
BH_n6_M10, 19738
BH_n2_M10, 23631
BH_n4_M8, 48346
SPH_9, 52473
BH_n4_M8, 65836
SPH_9, 14381
BH_n6_M10, 9286
BH_n4_M10, 680
BH_n4_M10, 17778
BH_n2_M10, 17210
BH_n4_M8, 28944
BH_n2_M10, 10932
BH_n6_M10, 25910
BH_n4_M8, 48490
BH_n4_M12, 8167
BH_n2_M10, 22913
BH_n4_M10, 24592
BH_n6_M10, 7227
SPH_9, 72912
BH_n2_M10, 3091
BH_n6_M10, 8502
BH_n4_M12, 16822
BH_n2_M10, 22229
BH_n6_M10, 16339
BH_n4_M10, 24374
BH_n2_M10, 23357
BH_n4_M10, 17835
SPH_9, 4952
BH_n4_M10, 21279
BH_n4_M10, 20661
BH_n4_M10, 28177
BH_n2_M10, 17882
BH_n6_M10, 11771
BH_n4_M10, 28064
BH_n2_M10, 23906
BH_n4_M10, 15801
BH_n4_M8, 79992
BH_n4_M10, 11059
BH_n6_M10, 26716
BH_n2_M10, 9573
BH_n4_M8, 71755
SPH_9, 79322
BH_n6_M10, 4726
BH_n6_M10, 22441
BH_n4_M12, 18958
BH_n4_M12, 12204
BH_n4_M8, 20413
BH_n2_M10, 4074
BH_n2_M10, 12097
BH_n2_M10, 7788
BH_n4_M12, 22028
BH_n4_M12, 10877
BH_n4_M10, 17671
BH_n2_M10, 1354
BH_n4_M12, 7596
BH_n4_M10, 4118
BH_n6_M10, 30592
BH_n6_M10, 7446
BH_n2_M10, 14827
BH_n6_M10, 20709
BH_n2_M10, 19269
BH_n4_M8, 38972
BH_n6_M10, 8557
BH_n6_M10, 717
BH_n2_M10, 3563
BH_n6_M10, 196
BH_n6_M10, 30624
BH_n4_M10, 11372
BH_n2_M10, 11074
BH_n4_M8, 23434
BH_n4_M10, 1375
BH_n2_M10, 16493
BH_n2_M10, 11968
BH_n6_M10, 5616
BH_n6_M10, 6542
BH_n4_M12, 1028
BH_n2_M10, 7295
BH_n6_M10, 16884
BH_n4_M8, 24176
SPH_9, 74509
BH_n4_M10, 24500
BH_n2_M10, 13066
BH_n2_M10, 11841
BH_n6_M10, 8867
BH_n6_M10, 4764
BH_n4_M12, 2016
SPH_9, 39269
BH_n4_M12, 1669
BH_n4_M10, 9195
BH_n2_M10, 13522
BH_n4_M10, 22978
BH_n6_M10, 3417
BH_n4_M10, 1353
BH_n6_M10, 17344
BH_n4_M12, 6153
BH_n6_M10, 5889
BH_n4_M10, 15410
BH_n4_M10, 9952
BH_n4_M10, 2943
BH_n4_M12, 1655
BH_n4_M10, 12638
BH_n4_M12, 19715
SPH_9, 38571
BH_n4_M12, 22375
BH_n4_M10, 13022
BH_n6_M10, 4904
BH_n4_M10, 14996
BH_n2_M10, 3357
BH_n2_M10, 3754
BH_n6_M10, 26741
BH_n4_M10, 15613
BH_n6_M10, 19070
BH_n2_M10, 19602
BH_n4_M12, 10798
BH_n4_M10, 18419
BH_n4_M10, 1810
BH_n2_M10, 10569
BH_n6_M10, 29966
BH_n6_M10, 7994
BH_n2_M10, 16780
BH_n4_M12, 15191
BH_n4_M8, 75889
BH_n4_M10, 14140
BH_n6_M10, 19804
BH_n2_M10, 16618
BH_n4_M8, 70623
BH_n4_M10, 9870
BH_n2_M10, 26580
BH_n4_M8, 71877
BH_n6_M10, 25068
BH_n4_M8, 81794
SPH_9, 37989
BH_n4_M10, 22257
BH_n4_M12, 7011
BH_n2_M10, 16367
BH_n4_M12, 13453
BH_n4_M10, 20559
BH_n2_M10, 20479
BH_n4_M10, 7050
BH_n2_M10, 26007
BH_n2_M10, 18953
BH_n4_M8, 21970
BH_n6_M10, 17804
BH_n6_M10, 8522
BH_n4_M8, 17437
BH_n4_M10, 8079
BH_n4_M12, 8728
BH_n4_M12, 3568
BH_n2_M10, 21208
BH_n2_M10, 17686
BH_n4_M10, 8103
BH_n4_M10, 23657
BH_n4_M8, 14995
BH_n4_M10, 22767
BH_n4_M10, 2882
BH_n4_M10, 13646
BH_n4_M10, 9033
BH_n6_M10, 32158
BH_n6_M10, 19176
BH_n6_M10, 17515
BH_n4_M10, 15325
BH_n6_M10, 10187
BH_n2_M10, 8203
BH_n2_M10, 20182
BH_n2_M10, 26854
SPH_9, 63215
BH_n4_M10, 23206
BH_n6_M10, 5662
BH_n2_M10, 21816
BH_n2_M10, 9052
BH_n4_M10, 25067
BH_n4_M8, 42732
BH_n4_M8, 47893
BH_n2_M10, 909
BH_n4_M10, 26932
SPH_9, 63003
BH_n4_M10, 10348
BH_n6_M10, 7549
BH_n2_M10, 17665
BH_n2_M10, 26152
BH_n6_M10, 4489
BH_n2_M10, 14060
BH_n2_M10, 15366
BH_n6_M10, 31955
BH_n6_M10, 20998
BH_n2_M10, 17502
BH_n2_M10, 21550
BH_n2_M10, 25397
BH_n2_M10, 25942
BH_n4_M10, 4974
BH_n2_M10, 12089
BH_n4_M8, 13223
BH_n4_M10, 28185
BH_n4_M12, 18892
BH_n6_M10, 15242
BH_n4_M10, 7880
BH_n4_M10, 8210
BH_n2_M10, 19554
BH_n4_M10, 29292
BH_n6_M10, 8694
BH_n6_M10, 30767
BH_n4_M8, 10113
BH_n2_M10, 19031
BH_n6_M10, 28254
BH_n6_M10, 28273
BH_n4_M10, 11190
BH_n6_M10, 27411
BH_n6_M10, 18810
BH_n2_M10, 14840
BH_n4_M10, 26148
BH_n6_M10, 18422
BH_n6_M10, 793
BH_n4_M12, 12083
BH_n4_M8, 66852
BH_n6_M10, 32080
BH_n4_M10, 7243
BH_n4_M10, 9532
BH_n4_M10, 22896
BH_n6_M10, 373
BH_n6_M10, 33695
SPH_9, 25371
BH_n4_M10, 16788
BH_n2_M10, 25433
BH_n4_M10, 22397
BH_n6_M10, 32448
BH_n6_M10, 19477
BH_n2_M10, 9317
BH_n2_M10, 26652
BH_n4_M10, 1032
BH_n4_M10, 19180
BH_n4_M10, 27380
BH_n6_M10, 24902
BH_n6_M10, 18568
BH_n4_M12, 3242
BH_n6_M10, 11955
BH_n4_M10, 19215
BH_n2_M10, 16323
BH_n4_M8, 1133
BH_n4_M10, 9433
BH_n6_M10, 32358
BH_n4_M10, 29050
BH_n4_M12, 16347
BH_n4_M10, 14025
BH_n6_M10, 27092
BH_n2_M10, 16132
BH_n6_M10, 24046
BH_n2_M10, 16304
BH_n4_M12, 21021
BH_n4_M12, 22655
BH_n4_M10, 18009
BH_n2_M10, 10075
BH_n4_M10, 12288
BH_n4_M12, 22163
BH_n4_M10, 22077
BH_n2_M10, 7012
BH_n6_M10, 28912
BH_n4_M10, 28485
BH_n6_M10, 18274
BH_n2_M10, 1957
BH_n4_M8, 32027
BH_n4_M10, 28669
BH_n2_M10, 10121
BH_n4_M8, 3790
BH_n6_M10, 14215
BH_n4_M12, 21385
BH_n4_M12, 15761
BH_n6_M10, 4893
BH_n4_M10, 20241
BH_n4_M8, 52364
BH_n4_M12, 7908
BH_n4_M12, 15052
BH_n4_M8, 52518
BH_n4_M10, 3541
SPH_9, 70936
BH_n4_M10, 15500
BH_n4_M10, 3225
BH_n2_M10, 12703
BH_n4_M10, 30553
BH_n2_M10, 3257
BH_n4_M10, 9028
BH_n4_M10, 2088
BH_n4_M10, 24109
BH_n2_M10, 8866
BH_n4_M10, 10344
BH_n4_M10, 17734
BH_n6_M10, 14975
BH_n6_M10, 28084
BH_n2_M10, 277
BH_n4_M8, 78285
BH_n6_M10, 33768
BH_n4_M10, 3835
BH_n4_M10, 22356
BH_n4_M10, 15947
BH_n4_M8, 37782
BH_n4_M12, 19053
BH_n4_M10, 30158
BH_n4_M12, 18826
BH_n2_M10, 4946
BH_n6_M10, 2727
BH_n6_M10, 28395
BH_n6_M10, 31997
BH_n4_M8, 79490
BH_n4_M8, 19489
BH_n4_M8, 53520
BH_n2_M10, 795
BH_n6_M10, 17879
BH_n6_M10, 20550
BH_n6_M10, 3687
BH_n4_M10, 7157
BH_n4_M10, 8231
BH_n2_M10, 7907
BH_n6_M10, 27274
BH_n4_M8, 77153
BH_n4_M8, 31900
BH_n6_M10, 24267
BH_n6_M10, 19735
BH_n4_M8, 57963
BH_n6_M10, 22646
BH_n6_M10, 9236
BH_n6_M10, 26311
BH_n4_M8, 59598
BH_n4_M10, 12780
BH_n4_M10, 3033
BH_n2_M10, 9676
BH_n4_M10, 29498
BH_n6_M10, 21875
BH_n6_M10, 11112
BH_n2_M10, 1910
BH_n2_M10, 15057
BH_n2_M10, 20335
BH_n4_M12, 8876
BH_n2_M10, 20920
BH_n2_M10, 12379
BH_n4_M10, 20814
BH_n2_M10, 12575
BH_n4_M10, 22040
BH_n2_M10, 15852
BH_n2_M10, 21999
BH_n6_M10, 20766
BH_n6_M10, 4783
BH_n6_M10, 19397
BH_n6_M10, 25833
BH_n4_M10, 15844
BH_n4_M8, 15899
BH_n4_M12, 2555
BH_n4_M10, 4935
BH_n6_M10, 11186
BH_n4_M8, 59798
BH_n6_M10, 2196
BH_n6_M10, 30824
BH_n4_M12, 16831
BH_n2_M10, 10573
BH_n2_M10, 328
BH_n4_M8, 48545
BH_n4_M10, 15333
BH_n2_M10, 26857
BH_n4_M12, 11150
BH_n4_M10, 26911
BH_n4_M10, 26431
SPH_9, 64581
SPH_9, 41034
BH_n6_M10, 32863
BH_n4_M8, 77886
BH_n2_M10, 7641
BH_n2_M10, 17374
BH_n2_M10, 22419
BH_n4_M10, 6557
BH_n4_M10, 8248
BH_n4_M10, 29032
BH_n2_M10, 18636
BH_n6_M10, 8137
BH_n4_M8, 73771
BH_n4_M10, 10550
BH_n6_M10, 27654
BH_n4_M10, 24811
BH_n2_M10, 18425
SPH_9, 75121
BH_n2_M10, 19461
BH_n4_M10, 9039
BH_n6_M10, 17521
BH_n4_M10, 29549
BH_n6_M10, 8571
BH_n4_M10, 18648
BH_n4_M10, 30663
BH_n6_M10, 5314
SPH_9, 34501
BH_n4_M10, 28521
BH_n4_M10, 20029
BH_n6_M10, 9687
BH_n2_M10, 22099
BH_n4_M10, 16072
BH_n2_M10, 13565
BH_n4_M8, 36057
BH_n4_M8, 2803
BH_n6_M10, 15703
BH_n4_M10, 19743
SPH_9, 64622
BH_n4_M10, 5455
BH_n4_M10, 20732
BH_n6_M10, 24365
BH_n2_M10, 18717
BH_n2_M10, 2566
BH_n2_M10, 5085
BH_n4_M10, 18020
BH_n6_M10, 11755
BH_n2_M10, 14157
BH_n6_M10, 15863
BH_n6_M10, 14874
BH_n4_M8, 32706
BH_n4_M10, 5436
BH_n2_M10, 1615
BH_n6_M10, 13748
BH_n4_M8, 26911
BH_n4_M10, 16896
BH_n6_M10, 33822
BH_n4_M8, 54782
BH_n4_M10, 23422
BH_n4_M8, 66979
BH_n4_M10, 23554
BH_n6_M10, 32902
BH_n6_M10, 10371
BH_n6_M10, 28106
BH_n4_M8, 34311
BH_n4_M10, 10470
BH_n4_M8, 25741
BH_n4_M10, 12458
BH_n2_M10, 13956
BH_n4_M12, 19381
BH_n4_M10, 23743
BH_n4_M10, 20646
BH_n4_M10, 16763
SPH_9, 12032
BH_n4_M8, 25507
BH_n4_M12, 16392
BH_n2_M10, 4885
SPH_9, 68120
BH_n2_M10, 19344
BH_n6_M10, 19656
BH_n4_M10, 4620
BH_n2_M10, 26850
BH_n4_M12, 9651
BH_n2_M10, 26717
BH_n6_M10, 8800
BH_n4_M12, 18169
BH_n4_M10, 2906
BH_n4_M10, 28256
BH_n6_M10, 29338
BH_n6_M10, 22817
BH_n4_M10, 29843
BH_n4_M10, 25190
BH_n6_M10, 25670
BH_n2_M10, 1479
BH_n2_M10, 10215
BH_n2_M10, 8093
BH_n4_M10, 20781
BH_n6_M10, 20815
BH_n6_M10, 12425
BH_n2_M10, 21674
BH_n4_M10, 18218
BH_n6_M10, 21938
BH_n6_M10, 581
BH_n4_M8, 81323
BH_n6_M10, 33007
BH_n6_M10, 32260
BH_n2_M10, 11357
BH_n4_M8, 28641
BH_n4_M12, 8669
BH_n2_M10, 20492
BH_n4_M10, 19912
BH_n4_M10, 3248
BH_n4_M10, 1259
SPH_9, 3744
BH_n4_M10, 15260
BH_n2_M10, 9118
BH_n4_M10, 10692
BH_n2_M10, 22061
BH_n4_M8, 31164
BH_n4_M12, 13739
BH_n6_M10, 30535
BH_n4_M10, 20254
BH_n2_M10, 3129
BH_n2_M10, 16838
BH_n6_M10, 27449
BH_n2_M10, 18237
BH_n4_M8, 44989
BH_n6_M10, 26300
BH_n2_M10, 12309
BH_n6_M10, 26858
BH_n6_M10, 28839
BH_n4_M8, 9483
BH_n2_M10, 16500
BH_n2_M10, 26010
BH_n4_M10, 9042
BH_n2_M10, 9593
BH_n6_M10, 23506
BH_n6_M10, 22400
BH_n4_M12, 423
BH_n6_M10, 32037
BH_n6_M10, 10185
BH_n6_M10, 25297
BH_n4_M12, 10275
BH_n6_M10, 26479
BH_n4_M8, 34722
BH_n2_M10, 8359
BH_n4_M8, 52395
BH_n4_M8, 63738
BH_n2_M10, 23774
SPH_9, 11083
BH_n4_M10, 16745
BH_n2_M10, 3060
BH_n6_M10, 19459
BH_n4_M8, 27943
BH_n2_M10, 14320
BH_n4_M8, 13051
BH_n4_M8, 42345
BH_n4_M10, 13386
BH_n4_M8, 34419
BH_n4_M10, 5974
BH_n4_M10, 6784
BH_n2_M10, 16850
BH_n4_M10, 19942
BH_n6_M10, 23957
BH_n6_M10, 20277
BH_n4_M10, 14504
BH_n4_M10, 5774
BH_n2_M10, 1985
BH_n6_M10, 3293
BH_n4_M10, 19684
BH_n4_M10, 26155
BH_n2_M10, 7322
SPH_9, 24521
BH_n4_M12, 7982
BH_n6_M10, 23574
BH_n2_M10, 10710
BH_n6_M10, 21331
BH_n6_M10, 16781
BH_n2_M10, 6871
BH_n4_M10, 22477
BH_n2_M10, 12158
BH_n4_M10, 25707
BH_n4_M8, 39691
BH_n2_M10, 25680
BH_n6_M10, 2359
BH_n2_M10, 9377
BH_n2_M10, 12978
BH_n2_M10, 14771
BH_n2_M10, 21185
BH_n4_M10, 7170
BH_n4_M10, 25372
BH_n4_M12, 11530
BH_n4_M10, 3423
BH_n6_M10, 31604
BH_n6_M10, 17676
BH_n4_M10, 11559
BH_n4_M12, 3993
BH_n2_M10, 24774
BH_n4_M8, 83865
BH_n6_M10, 23548
BH_n4_M8, 43238
BH_n4_M10, 27886
BH_n2_M10, 12136
BH_n4_M10, 19786
SPH_9, 21850
BH_n4_M8, 68451
BH_n4_M8, 6182
BH_n6_M10, 14817
BH_n2_M10, 20596
BH_n4_M8, 50589
BH_n4_M12, 4617
BH_n6_M10, 17021
BH_n4_M8, 22374
BH_n2_M10, 10254
BH_n6_M10, 16672
BH_n4_M10, 28807
BH_n6_M10, 34258
BH_n4_M10, 20311
BH_n4_M8, 54400
BH_n4_M10, 23684
BH_n6_M10, 9129
BH_n4_M8, 64061
BH_n2_M10, 3890
BH_n4_M8, 46582
BH_n4_M10, 22107
BH_n4_M8, 15381
BH_n2_M10, 24594
BH_n4_M8, 60299
BH_n4_M10, 18002
BH_n6_M10, 15803
BH_n4_M10, 21134
BH_n4_M10, 1488
BH_n4_M8, 60336
BH_n6_M10, 4986
BH_n4_M10, 29872
BH_n4_M10, 18314
BH_n4_M8, 3871
BH_n6_M10, 30018
BH_n2_M10, 26218
BH_n4_M10, 8443
BH_n4_M10, 27440
BH_n4_M8, 17059
BH_n4_M10, 8451
BH_n4_M10, 5783
BH_n6_M10, 23620
BH_n2_M10, 24667
BH_n4_M12, 12154
BH_n6_M10, 21905
BH_n6_M10, 19553
BH_n4_M8, 9058
BH_n4_M10, 14460
BH_n4_M12, 7506
BH_n2_M10, 25353
BH_n4_M8, 28637
BH_n4_M10, 12130
BH_n4_M10, 26940
BH_n4_M12, 9701
BH_n4_M10, 29902
BH_n4_M10, 4077
BH_n4_M10, 26292
BH_n6_M10, 14096
BH_n6_M10, 23282
BH_n6_M10, 22333
BH_n4_M10, 8196
BH_n4_M10, 28778
SPH_9, 58348
BH_n6_M10, 28690
BH_n4_M10, 22438
BH_n4_M12, 4582
BH_n4_M10, 23105
BH_n6_M10, 8899
BH_n4_M10, 23883
BH_n6_M10, 23787
BH_n6_M10, 21205
BH_n2_M10, 21631
BH_n2_M10, 6448
BH_n6_M10, 13006
BH_n6_M10, 29271
BH_n4_M10, 21085
BH_n2_M10, 25963
BH_n4_M12, 21085
BH_n6_M10, 1236
BH_n4_M12, 17330
BH_n4_M8, 27502
SPH_9, 35816
BH_n2_M10, 5615
BH_n4_M10, 5317
BH_n4_M10, 27361
BH_n6_M10, 20014
BH_n4_M10, 1955
BH_n6_M10, 28842
BH_n2_M10, 25558
BH_n4_M10, 10927
BH_n6_M10, 26838
BH_n2_M10, 2977
BH_n4_M8, 84265
BH_n4_M10, 11648
BH_n6_M10, 5843
BH_n4_M10, 23225
BH_n4_M12, 15746
BH_n6_M10, 7458
BH_n4_M10, 6214
SPH_9, 68499
BH_n4_M8, 22008
BH_n4_M10, 13798
BH_n4_M10, 19841
BH_n4_M10, 112
BH_n4_M12, 8125
BH_n2_M10, 4659
BH_n6_M10, 22318
BH_n4_M10, 20989
BH_n2_M10, 16127
BH_n4_M10, 15284
BH_n4_M8, 33733
BH_n4_M10, 17020
BH_n4_M10, 1502
BH_n6_M10, 7603
BH_n4_M8, 23960
BH_n4_M12, 15854
BH_n4_M10, 15480
BH_n4_M10, 15311
BH_n4_M10, 20323
BH_n2_M10, 23182
BH_n2_M10, 17287
BH_n6_M10, 25159
BH_n4_M12, 2636
BH_n2_M10, 9531
BH_n6_M10, 28242
BH_n4_M10, 26677
BH_n2_M10, 24362
BH_n4_M8, 21055
BH_n2_M10, 22201
BH_n4_M10, 10429
BH_n6_M10, 24035
BH_n6_M10, 19258
BH_n6_M10, 2068
BH_n4_M8, 59922
BH_n2_M10, 16753
BH_n6_M10, 8100
SPH_9, 49982
BH_n2_M10, 18748
BH_n2_M10, 11388
BH_n2_M10, 26566
BH_n2_M10, 24953
BH_n6_M10, 11334
BH_n6_M10, 26373
BH_n6_M10, 25162
BH_n6_M10, 30332
BH_n4_M10, 21534
BH_n4_M8, 16616
BH_n6_M10, 7386
BH_n2_M10, 6941
BH_n2_M10, 24808
BH_n4_M10, 15042
BH_n4_M8, 41415
BH_n6_M10, 7497
BH_n6_M10, 20365
BH_n6_M10, 16958
BH_n4_M8, 13784
BH_n2_M10, 1179
BH_n6_M10, 22834
BH_n2_M10, 10714
BH_n6_M10, 28967
BH_n6_M10, 23854
BH_n4_M8, 19480
BH_n6_M10, 30037
BH_n4_M10, 5914
BH_n4_M10, 10822
BH_n2_M10, 4049
BH_n2_M10, 16841
BH_n4_M10, 27850
SPH_9, 56363
BH_n4_M8, 78870
BH_n4_M8, 28283
BH_n2_M10, 4083
BH_n2_M10, 1831
BH_n2_M10, 21478
BH_n4_M12, 21833
BH_n4_M10, 29729
BH_n4_M8, 42578
BH_n2_M10, 6521
BH_n4_M10, 12715
BH_n4_M8, 7667
BH_n6_M10, 13299
BH_n4_M10, 10332
BH_n4_M10, 20710
BH_n6_M10, 11452
BH_n4_M10, 27078
BH_n4_M10, 5530
BH_n6_M10, 4856
BH_n2_M10, 16816
BH_n4_M8, 75049
BH_n4_M10, 1192
BH_n4_M12, 8994
BH_n4_M10, 1179
BH_n2_M10, 8691
BH_n6_M10, 27406
BH_n2_M10, 1280
BH_n4_M10, 24
SPH_9, 61501
BH_n4_M10, 3503
BH_n4_M8, 86464
BH_n4_M10, 1828
BH_n2_M10, 6284
BH_n6_M10, 34167
BH_n4_M10, 6462
BH_n6_M10, 22000
BH_n6_M10, 8338
BH_n2_M10, 10363
BH_n6_M10, 1978
BH_n6_M10, 1235
BH_n6_M10, 10676
BH_n4_M10, 7142
BH_n4_M12, 16471
BH_n2_M10, 22342
BH_n6_M10, 23661
BH_n4_M8, 67167
BH_n4_M10, 24850
BH_n2_M10, 17475
BH_n6_M10, 24554
BH_n4_M8, 42575
BH_n4_M8, 6623
BH_n4_M8, 35237
BH_n4_M10, 21617
BH_n4_M10, 5729
BH_n6_M10, 3057
BH_n4_M8, 24397
BH_n6_M10, 13301
BH_n2_M10, 22632
BH_n6_M10, 10743
BH_n2_M10, 15914
BH_n2_M10, 8314
BH_n6_M10, 10511
BH_n4_M10, 8546
BH_n4_M10, 8447
BH_n4_M10, 12609
SPH_9, 25428
BH_n6_M10, 5643
BH_n6_M10, 25739
BH_n2_M10, 2700
BH_n4_M10, 9440
BH_n6_M10, 33309
BH_n4_M10, 16092
BH_n2_M10, 22253
BH_n4_M10, 20112
BH_n4_M10, 2914
BH_n4_M10, 3682
BH_n4_M10, 24514
BH_n4_M12, 11951
BH_n6_M10, 9469
SPH_9, 36412
BH_n6_M10, 12478
BH_n2_M10, 18569
BH_n6_M10, 8748
BH_n4_M10, 19050
BH_n4_M10, 24188
BH_n4_M10, 20404
BH_n4_M10, 17743
BH_n4_M8, 13854
BH_n4_M10, 24787
BH_n2_M10, 8899
BH_n4_M10, 29909
BH_n4_M10, 30586
BH_n4_M12, 13944
BH_n4_M10, 12372
BH_n4_M10, 8353
BH_n4_M10, 16532
BH_n4_M12, 9903
BH_n6_M10, 1792
BH_n6_M10, 10767
BH_n4_M10, 18953
BH_n4_M10, 28407
BH_n2_M10, 11559
BH_n2_M10, 3310
BH_n4_M8, 73190
BH_n4_M10, 15979
BH_n4_M8, 68258
BH_n6_M10, 33004
BH_n2_M10, 2940
BH_n4_M10, 5172
BH_n6_M10, 31319
BH_n6_M10, 27261
BH_n4_M8, 14901
BH_n6_M10, 23300
BH_n6_M10, 11819
BH_n2_M10, 1713
BH_n2_M10, 23297
BH_n4_M12, 4804
BH_n4_M10, 30172
BH_n4_M10, 5490
BH_n4_M10, 16886
BH_n2_M10, 6843
BH_n4_M8, 29388
BH_n4_M8, 63616
BH_n4_M10, 29935
BH_n4_M10, 29878
BH_n6_M10, 8847
BH_n4_M10, 2004
BH_n2_M10, 3214
SPH_9, 54424
BH_n4_M10, 29231
BH_n4_M10, 2301
BH_n2_M10, 26024
BH_n4_M10, 11731
BH_n4_M8, 2433
BH_n4_M8, 54391
BH_n4_M10, 17569
BH_n2_M10, 21639
BH_n2_M10, 21949
BH_n6_M10, 1846
BH_n4_M10, 12441
SPH_9, 56503
BH_n4_M10, 18022
BH_n2_M10, 22890
BH_n4_M12, 21722
BH_n2_M10, 24051
BH_n6_M10, 25101
BH_n2_M10, 4967
BH_n6_M10, 14014
BH_n4_M10, 29152
BH_n2_M10, 8179
BH_n6_M10, 24465
BH_n4_M8, 30828
BH_n6_M10, 5116
BH_n6_M10, 22370
BH_n4_M10, 23473
BH_n6_M10, 9258
BH_n2_M10, 12045
BH_n6_M10, 13770
BH_n4_M10, 24725
BH_n6_M10, 33483
BH_n4_M10, 12829
BH_n4_M10, 28638
BH_n4_M10, 14219
BH_n6_M10, 1910
SPH_9, 33143
BH_n4_M8, 84302
BH_n4_M10, 439
BH_n2_M10, 19252
BH_n4_M8, 46884
BH_n4_M8, 2716
BH_n6_M10, 6851
BH_n4_M10, 18818
BH_n4_M8, 80758
BH_n4_M10, 1857
BH_n2_M10, 2134
BH_n4_M10, 25267
BH_n4_M12, 16314
BH_n2_M10, 14054
BH_n2_M10, 21619
BH_n4_M12, 1468
BH_n4_M12, 17819
BH_n2_M10, 22575
BH_n6_M10, 30614
BH_n2_M10, 21533
BH_n4_M10, 12285
BH_n6_M10, 25453
SPH_9, 54585
BH_n6_M10, 33175
BH_n6_M10, 15077
BH_n2_M10, 13839
BH_n4_M12, 22543
SPH_9, 7040
BH_n4_M8, 45538
BH_n6_M10, 3918
BH_n4_M10, 17025
BH_n2_M10, 9617
BH_n4_M8, 79123
BH_n4_M8, 64304
BH_n2_M10, 11754
BH_n4_M10, 17354
BH_n6_M10, 18349
BH_n2_M10, 25578
BH_n6_M10, 10616
BH_n6_M10, 3391
BH_n2_M10, 4451
BH_n6_M10, 18784
BH_n2_M10, 3090
BH_n6_M10, 23017
BH_n6_M10, 27494
BH_n4_M10, 9380
BH_n6_M10, 7909
BH_n4_M8, 8324
BH_n4_M12, 6910
BH_n4_M10, 3767
BH_n4_M10, 19805
BH_n6_M10, 20729
BH_n2_M10, 6378
BH_n6_M10, 2338
BH_n6_M10, 5283
BH_n4_M10, 15211
BH_n4_M8, 82265
BH_n4_M12, 21162
BH_n4_M10, 6219
BH_n6_M10, 12986
BH_n4_M8, 2222
BH_n4_M8, 14908
SPH_9, 68735
BH_n4_M8, 86074
BH_n2_M10, 25856
BH_n4_M8, 70950
BH_n4_M12, 18734
BH_n4_M10, 24484
BH_n2_M10, 14798
BH_n2_M10, 18171
BH_n4_M8, 22580
BH_n6_M10, 15744
BH_n6_M10, 7505
BH_n4_M10, 20494
BH_n4_M10, 26123
BH_n2_M10, 18710
BH_n4_M8, 73391
BH_n4_M12, 22432
BH_n2_M10, 12181
BH_n6_M10, 23511
BH_n4_M8, 85363
BH_n4_M8, 56329
BH_n4_M8, 26923
BH_n2_M10, 18072
BH_n4_M8, 34541
BH_n4_M10, 21038
BH_n2_M10, 2502
BH_n4_M10, 8929
BH_n6_M10, 29581
SPH_9, 22837
BH_n4_M10, 4013
BH_n4_M8, 43115
BH_n6_M10, 18806
BH_n2_M10, 7147
BH_n2_M10, 2352
BH_n6_M10, 9396
BH_n4_M10, 3531
BH_n6_M10, 26370
BH_n4_M10, 28598
BH_n6_M10, 15452
SPH_9, 33303
BH_n2_M10, 22628
BH_n4_M10, 23261
SPH_9, 8312
BH_n4_M8, 23354
BH_n4_M8, 31589
BH_n4_M10, 4376
BH_n4_M8, 25411
BH_n2_M10, 24274
BH_n4_M10, 1087
BH_n4_M8, 75414
BH_n4_M8, 9278
BH_n2_M10, 17113
BH_n4_M8, 86109
BH_n4_M10, 27449
BH_n2_M10, 3024
BH_n4_M8, 41774
BH_n4_M10, 9403
BH_n4_M10, 27341
BH_n2_M10, 22651
SPH_9, 51371
BH_n2_M10, 910
BH_n4_M10, 25955
BH_n4_M12, 21170
BH_n2_M10, 4623
BH_n6_M10, 21382
BH_n2_M10, 24600
BH_n6_M10, 28598
BH_n4_M8, 14879
BH_n6_M10, 3045
BH_n4_M8, 80143
BH_n6_M10, 21066
BH_n4_M10, 4110
BH_n2_M10, 4538
BH_n2_M10, 5442
BH_n2_M10, 5901
SPH_9, 1132
BH_n2_M10, 11097
BH_n4_M8, 71924
BH_n4_M10, 29143
BH_n6_M10, 13067
BH_n4_M8, 67441
BH_n6_M10, 22963
BH_n4_M8, 69098
BH_n4_M12, 18476
BH_n4_M12, 1245
BH_n2_M10, 19589
BH_n6_M10, 20176
BH_n4_M8, 11103
BH_n4_M10, 24978
BH_n4_M10, 27894
BH_n4_M8, 34303
BH_n4_M8, 74313
BH_n2_M10, 5730
SPH_9, 20535
BH_n4_M10, 29417
BH_n6_M10, 26764
BH_n6_M10, 25121
BH_n4_M10, 11928
BH_n4_M8, 62323
BH_n4_M10, 21757
BH_n2_M10, 15854
BH_n2_M10, 23274
BH_n4_M8, 43981
BH_n4_M10, 25152
BH_n4_M10, 25324
BH_n4_M10, 11909
BH_n2_M10, 9715
BH_n4_M8, 66424
BH_n2_M10, 13877
BH_n4_M8, 14242
BH_n6_M10, 19595
BH_n4_M12, 17407
BH_n4_M12, 15314
BH_n2_M10, 22449
SPH_9, 45533
BH_n2_M10, 17369
BH_n2_M10, 22392
BH_n4_M10, 21020
BH_n4_M10, 21533
BH_n6_M10, 12729
BH_n4_M8, 58996
BH_n4_M10, 7589
BH_n4_M10, 3681
BH_n2_M10, 13749
BH_n6_M10, 18648
BH_n6_M10, 9010
BH_n6_M10, 33895
BH_n2_M10, 5245
BH_n2_M10, 11134
BH_n4_M12, 13379
BH_n4_M10, 5900
BH_n4_M12, 5444
BH_n2_M10, 8299
BH_n2_M10, 14711
BH_n2_M10, 14726
BH_n6_M10, 7224
BH_n6_M10, 31390
BH_n2_M10, 9421
BH_n6_M10, 29140
BH_n2_M10, 8018
BH_n2_M10, 25327
BH_n4_M10, 11095
BH_n2_M10, 15850
BH_n6_M10, 10095
BH_n6_M10, 32917
BH_n2_M10, 11065
BH_n4_M10, 15831
BH_n6_M10, 22881
BH_n4_M10, 19309
BH_n4_M10, 8152
BH_n4_M10, 22609
BH_n6_M10, 13897
BH_n4_M10, 30492
BH_n4_M8, 41036
BH_n4_M10, 2572
BH_n4_M8, 45930
BH_n4_M8, 18029
BH_n4_M12, 14942
BH_n4_M10, 28337
BH_n4_M8, 23328
BH_n2_M10, 5236
BH_n6_M10, 29141
BH_n2_M10, 12397
BH_n4_M12, 15922
BH_n6_M10, 18787
BH_n6_M10, 11537
BH_n4_M8, 72563
BH_n4_M12, 11637
BH_n4_M10, 4444
BH_n4_M12, 18901
BH_n2_M10, 10366
BH_n4_M10, 3650
SPH_9, 56088
BH_n6_M10, 9466
BH_n4_M10, 16723
BH_n4_M10, 8770
BH_n2_M10, 14837
BH_n4_M10, 17915
BH_n4_M10, 12743
BH_n6_M10, 18712
SPH_9, 50406
BH_n4_M10, 5871
BH_n6_M10, 24187
BH_n4_M8, 22383
BH_n4_M8, 60987
BH_n4_M10, 4318
BH_n6_M10, 28404
BH_n2_M10, 562
BH_n2_M10, 24979
BH_n2_M10, 825
BH_n6_M10, 34390
BH_n6_M10, 21541
BH_n4_M8, 85726
BH_n6_M10, 7655
BH_n4_M12, 17069
BH_n4_M8, 51180
BH_n2_M10, 24267
BH_n2_M10, 8377
BH_n4_M10, 21170
BH_n6_M10, 8438
BH_n6_M10, 24669
BH_n6_M10, 29525
BH_n2_M10, 20078
BH_n4_M8, 70615
BH_n4_M8, 13050
BH_n2_M10, 9684
BH_n6_M10, 23415
BH_n4_M10, 5323
BH_n6_M10, 26371
BH_n4_M10, 28723
BH_n2_M10, 17920
BH_n2_M10, 9689
BH_n4_M10, 6376
BH_n4_M12, 3643
BH_n4_M8, 70670
BH_n2_M10, 7062
BH_n6_M10, 10544
BH_n2_M10, 26638
BH_n6_M10, 9514
BH_n4_M10, 25134
BH_n6_M10, 11932
BH_n4_M10, 22097
BH_n2_M10, 841
BH_n4_M10, 21769
BH_n4_M8, 53006
BH_n6_M10, 30245
BH_n4_M12, 8200
BH_n2_M10, 8441
BH_n6_M10, 20468
BH_n4_M8, 9875
BH_n6_M10, 11157
BH_n4_M10, 10415
BH_n4_M10, 10887
BH_n4_M10, 21359
BH_n4_M8, 49184
BH_n6_M10, 21657
BH_n4_M12, 4320
BH_n6_M10, 15072
BH_n2_M10, 20564
BH_n4_M10, 26008
BH_n2_M10, 13821
BH_n6_M10, 28462
SPH_9, 15261
BH_n4_M12, 3244
BH_n4_M10, 21900
BH_n6_M10, 12430
BH_n4_M8, 78748
BH_n6_M10, 15137
BH_n4_M10, 28725
BH_n4_M10, 22537
BH_n4_M12, 8800
BH_n4_M8, 9701
BH_n4_M10, 9170
BH_n2_M10, 20790
BH_n6_M10, 5727
BH_n4_M10, 3192
BH_n6_M10, 3930
BH_n6_M10, 23595
BH_n4_M12, 9779
BH_n2_M10, 21441
BH_n4_M8, 72193
BH_n6_M10, 9476
BH_n2_M10, 13264
BH_n2_M10, 21132
BH_n4_M8, 22450
BH_n4_M10, 27529
BH_n4_M10, 20048
BH_n4_M12, 18084
BH_n6_M10, 26979
BH_n4_M10, 17889
BH_n4_M10, 7177
BH_n4_M10, 1771
BH_n4_M12, 12998
BH_n6_M10, 31514
BH_n4_M12, 13542
BH_n2_M10, 23900
BH_n2_M10, 22467
SPH_9, 33426
BH_n4_M12, 18250
BH_n4_M10, 18206
BH_n6_M10, 2493
BH_n2_M10, 5666
BH_n4_M8, 12832
BH_n4_M12, 10352
BH_n6_M10, 24407
BH_n2_M10, 304
BH_n6_M10, 17474
BH_n4_M10, 6438
BH_n4_M10, 16090
BH_n4_M10, 4559
BH_n2_M10, 1251
BH_n4_M10, 17806
BH_n4_M10, 26462
BH_n4_M10, 12145
BH_n4_M10, 3519
BH_n6_M10, 23909
BH_n2_M10, 24108
BH_n6_M10, 5866
BH_n6_M10, 3085
BH_n6_M10, 29096
BH_n4_M12, 854
BH_n4_M8, 30428
BH_n6_M10, 15895
BH_n4_M10, 16489
BH_n6_M10, 13984
BH_n4_M8, 84374
BH_n4_M12, 14578
BH_n4_M10, 914
BH_n6_M10, 6657
BH_n4_M8, 85136
BH_n2_M10, 10315
BH_n6_M10, 28708
BH_n4_M12, 23017
BH_n4_M10, 19385
BH_n4_M10, 7209
BH_n2_M10, 767
SPH_9, 67740
BH_n2_M10, 26305
BH_n2_M10, 21748
BH_n6_M10, 2999
BH_n4_M8, 27182
BH_n4_M8, 77125
BH_n2_M10, 18125
BH_n4_M10, 19758
BH_n6_M10, 21131
BH_n2_M10, 2238
BH_n4_M10, 11829
BH_n2_M10, 13113
BH_n4_M12, 16818
BH_n4_M8, 79843
BH_n2_M10, 12679
BH_n4_M10, 27580
BH_n4_M8, 6604
BH_n6_M10, 8368
BH_n6_M10, 13012
BH_n4_M10, 6321
BH_n4_M8, 9357
BH_n6_M10, 16338
BH_n4_M10, 5683
BH_n4_M10, 1951
BH_n6_M10, 32557
BH_n4_M10, 6337
BH_n4_M10, 8335
BH_n4_M12, 11389
BH_n6_M10, 7413
BH_n2_M10, 20454
BH_n2_M10, 18564
BH_n2_M10, 12262
BH_n6_M10, 20878
BH_n2_M10, 18962
BH_n2_M10, 8590
BH_n2_M10, 13816
BH_n2_M10, 25149
BH_n2_M10, 11290
BH_n4_M12, 11024
BH_n4_M10, 30623
BH_n4_M8, 86548
BH_n2_M10, 16392
BH_n6_M10, 28665
BH_n4_M8, 56838
BH_n4_M10, 9400
BH_n2_M10, 25667
BH_n2_M10, 9497
BH_n4_M8, 68839
BH_n2_M10, 2245
BH_n4_M10, 13246
BH_n6_M10, 5219
BH_n4_M12, 1322
BH_n6_M10, 29243
BH_n6_M10, 28734
BH_n4_M12, 9513
BH_n4_M10, 25307
BH_n4_M10, 20900
BH_n2_M10, 23237
BH_n2_M10, 10112
BH_n4_M12, 20965
BH_n6_M10, 5618
BH_n2_M10, 22828
SPH_9, 67224
BH_n4_M12, 6124
BH_n4_M12, 10867
BH_n4_M8, 54774
BH_n4_M8, 57333
BH_n4_M10, 14843
BH_n4_M8, 28030
BH_n2_M10, 17462
BH_n6_M10, 18528
BH_n4_M12, 18837
BH_n4_M10, 13120
BH_n6_M10, 12315
BH_n6_M10, 9763
BH_n2_M10, 16203
BH_n4_M8, 6213
BH_n6_M10, 1823
BH_n2_M10, 19108
BH_n2_M10, 23255
BH_n2_M10, 24993
BH_n2_M10, 17814
BH_n2_M10, 22260
BH_n4_M10, 20215
BH_n4_M8, 79833
BH_n4_M10, 27549
BH_n4_M10, 3105
BH_n2_M10, 17347
BH_n4_M8, 48150
BH_n2_M10, 15906
SPH_9, 11581
BH_n6_M10, 8481
BH_n4_M12, 9013
BH_n6_M10, 21173
BH_n4_M10, 25630
BH_n4_M10, 25492
SPH_9, 44704
BH_n4_M8, 86434
BH_n6_M10, 11826
BH_n6_M10, 19660
BH_n4_M10, 8488
BH_n4_M8, 43027
BH_n4_M10, 1548
BH_n4_M8, 75533
BH_n6_M10, 28664
BH_n4_M8, 13924
BH_n4_M10, 13857
BH_n4_M8, 69117
BH_n2_M10, 22974
BH_n6_M10, 23706
BH_n2_M10, 11481
BH_n6_M10, 10208
BH_n6_M10, 18715
BH_n2_M10, 11293
BH_n4_M12, 12922
BH_n4_M10, 3564
BH_n4_M12, 18287
BH_n4_M8, 65144
BH_n4_M10, 17863
BH_n6_M10, 20887
BH_n2_M10, 3962
BH_n4_M12, 19195
BH_n4_M8, 48401
BH_n4_M12, 10764
BH_n6_M10, 24975
BH_n2_M10, 16338
BH_n4_M10, 2385
BH_n4_M10, 4036
BH_n4_M12, 9032
BH_n4_M10, 12645
BH_n4_M10, 12341
BH_n4_M12, 5511
BH_n2_M10, 18031
BH_n6_M10, 21381
BH_n2_M10, 17018
BH_n4_M8, 14791
BH_n4_M10, 2997
BH_n2_M10, 9128
BH_n2_M10, 6987
BH_n4_M10, 25505
BH_n4_M10, 24796
SPH_9, 28485
BH_n2_M10, 13040
BH_n6_M10, 11799
BH_n4_M12, 18681
BH_n4_M12, 6179
BH_n4_M8, 85785
BH_n6_M10, 24090
BH_n6_M10, 11660
BH_n6_M10, 21042
BH_n4_M12, 6453
BH_n4_M10, 12586
BH_n4_M10, 19082
BH_n4_M12, 9486
SPH_9, 39006
BH_n2_M10, 2422
BH_n6_M10, 31452
BH_n4_M10, 9529
BH_n6_M10, 30495
BH_n4_M8, 61961
BH_n4_M10, 27245
BH_n4_M12, 11284
BH_n4_M8, 57753
BH_n2_M10, 7206
BH_n6_M10, 6130
BH_n2_M10, 26416
BH_n2_M10, 9876
BH_n6_M10, 13285
SPH_9, 960
BH_n2_M10, 4701
BH_n2_M10, 3416
BH_n2_M10, 6536
BH_n6_M10, 29103
BH_n6_M10, 24994
BH_n6_M10, 4134
BH_n4_M10, 10979
SPH_9, 70701
BH_n4_M10, 18436
BH_n6_M10, 14181
BH_n2_M10, 15895
BH_n6_M10, 16655
BH_n6_M10, 9147
BH_n4_M10, 3635
BH_n4_M8, 53103
BH_n6_M10, 26569
BH_n4_M8, 34182
BH_n4_M10, 11110
BH_n4_M10, 22805
BH_n4_M10, 5640
BH_n6_M10, 10310
BH_n2_M10, 26494
SPH_9, 11300
SPH_9, 4239
BH_n2_M10, 1702
BH_n2_M10, 12007
BH_n2_M10, 20966
BH_n4_M10, 21530
BH_n4_M12, 14094
SPH_9, 78363
BH_n6_M10, 24742
SPH_9, 14085
BH_n4_M12, 10782
SPH_9, 74884
BH_n6_M10, 21359
BH_n6_M10, 12744
SPH_9, 60734
BH_n2_M10, 25488
SPH_9, 37737
BH_n4_M10, 29472
BH_n2_M10, 8709
BH_n2_M10, 1142
BH_n2_M10, 20868
BH_n4_M10, 14073
BH_n2_M10, 24508
BH_n2_M10, 3986
BH_n6_M10, 27209
BH_n2_M10, 10768
BH_n4_M10, 16892
BH_n4_M8, 23157
BH_n4_M10, 4373
BH_n4_M12, 17238
BH_n6_M10, 15976
SPH_9, 16565
BH_n4_M10, 3522
BH_n2_M10, 14869
BH_n6_M10, 10298
BH_n2_M10, 22951
SPH_9, 54907
BH_n4_M8, 30115
BH_n4_M12, 13717
BH_n4_M12, 1071
SPH_9, 45891
SPH_9, 25563
BH_n2_M10, 21277
BH_n4_M8, 25254
BH_n4_M10, 9640
BH_n4_M10, 6892
BH_n4_M10, 27390
BH_n6_M10, 29378
BH_n4_M8, 52308
BH_n4_M10, 117
BH_n2_M10, 18696
BH_n4_M12, 21635
BH_n6_M10, 31753
BH_n4_M10, 12117
BH_n6_M10, 13634
BH_n2_M10, 14801
BH_n4_M10, 28535
BH_n4_M8, 50535
BH_n4_M10, 21714
BH_n4_M10, 2103
BH_n6_M10, 30526
BH_n4_M10, 22947
SPH_9, 34126
BH_n4_M8, 36426
BH_n6_M10, 11335
BH_n4_M8, 38643
BH_n4_M10, 16842
BH_n4_M8, 44601
BH_n4_M12, 9245
BH_n2_M10, 17489
BH_n4_M8, 57361
BH_n2_M10, 1690
BH_n4_M8, 7131
BH_n2_M10, 9130
SPH_9, 59662
BH_n4_M8, 24605
SPH_9, 53077
BH_n4_M8, 61240
BH_n4_M10, 10172
BH_n2_M10, 5994
BH_n4_M8, 35884
BH_n6_M10, 32020
BH_n6_M10, 1004
BH_n2_M10, 3698
BH_n4_M10, 23068
BH_n2_M10, 8485
BH_n6_M10, 5941
BH_n4_M8, 57182
BH_n4_M8, 21566
BH_n4_M10, 14200
BH_n4_M10, 9217
BH_n2_M10, 11176
BH_n6_M10, 21348
BH_n4_M10, 12182
BH_n4_M10, 9015
BH_n6_M10, 13649
BH_n4_M10, 26029
BH_n6_M10, 29879
BH_n4_M10, 15907
BH_n4_M10, 24528
BH_n6_M10, 10725
BH_n2_M10, 12755
BH_n4_M8, 7252
BH_n4_M10, 7635
BH_n4_M8, 27823
BH_n4_M10, 26131
BH_n2_M10, 18536
BH_n6_M10, 21037
BH_n6_M10, 11049
BH_n2_M10, 25347
BH_n4_M10, 24039
BH_n6_M10, 19236
BH_n2_M10, 22819
BH_n4_M12, 22337
BH_n6_M10, 20380
BH_n4_M8, 68917
BH_n2_M10, 21860
BH_n2_M10, 2145
SPH_9, 78870
BH_n2_M10, 14619
BH_n6_M10, 10332
BH_n4_M10, 29608
BH_n6_M10, 25891
BH_n4_M12, 18238
BH_n2_M10, 6481
BH_n6_M10, 26978
SPH_9, 46495
BH_n6_M10, 11005
BH_n4_M10, 7384
BH_n4_M10, 24612
BH_n4_M10, 20624
BH_n4_M10, 2674
SPH_9, 65211
BH_n4_M10, 1000
BH_n4_M8, 25093
BH_n4_M8, 38208
BH_n4_M8, 51925
BH_n4_M8, 38203
BH_n4_M10, 27657
BH_n4_M8, 65976
BH_n4_M10, 16159
BH_n4_M10, 631
BH_n6_M10, 5156
BH_n2_M10, 21863
BH_n2_M10, 17632
BH_n4_M10, 863
BH_n4_M12, 11817
BH_n6_M10, 18801
BH_n6_M10, 9806
BH_n4_M12, 12064
BH_n4_M10, 13175
BH_n4_M10, 16976
BH_n6_M10, 18992
BH_n4_M8, 7364
BH_n2_M10, 9359
BH_n4_M10, 26857
BH_n2_M10, 16384
BH_n4_M12, 2681
BH_n4_M8, 59558
BH_n4_M12, 20461
BH_n6_M10, 23426
BH_n6_M10, 26005
BH_n6_M10, 29226
SPH_9, 200
BH_n2_M10, 15999
BH_n2_M10, 25984
BH_n4_M10, 29620
BH_n6_M10, 5774
BH_n2_M10, 24663
SPH_9, 29224
BH_n2_M10, 21474
SPH_9, 20896
BH_n4_M10, 8537
BH_n4_M10, 19085
BH_n4_M8, 2069
BH_n2_M10, 2164
BH_n6_M10, 26607
BH_n2_M10, 15961
BH_n4_M10, 26031
BH_n2_M10, 20357
BH_n6_M10, 30108
BH_n4_M10, 26293
BH_n6_M10, 12417
BH_n2_M10, 25979
BH_n4_M8, 73612
BH_n2_M10, 17936
BH_n4_M12, 14499
BH_n4_M8, 51213
BH_n6_M10, 31113
BH_n6_M10, 2371
BH_n4_M8, 73265
BH_n4_M8, 77038
BH_n2_M10, 7718
BH_n4_M10, 13002
BH_n2_M10, 9604
BH_n6_M10, 20569
BH_n6_M10, 14397
SPH_9, 77955
BH_n2_M10, 18475
BH_n6_M10, 7827
BH_n4_M10, 3549
BH_n2_M10, 9143
BH_n2_M10, 22011
BH_n4_M10, 21982
BH_n4_M12, 22056
BH_n6_M10, 24506
BH_n6_M10, 6841
BH_n4_M12, 22098
BH_n4_M12, 201
BH_n4_M10, 4826
BH_n4_M10, 29505
BH_n4_M8, 42923
BH_n4_M10, 12827
BH_n6_M10, 15927
BH_n4_M10, 22878
BH_n4_M8, 23101
BH_n4_M10, 30682
BH_n4_M8, 18091
BH_n6_M10, 15222
BH_n6_M10, 2918
BH_n6_M10, 33846
BH_n4_M10, 5521
BH_n2_M10, 21126
BH_n6_M10, 6987
BH_n6_M10, 604
BH_n4_M12, 4173
BH_n4_M10, 11053
BH_n4_M12, 2346
BH_n4_M10, 18769
BH_n4_M10, 3820
BH_n6_M10, 2268
BH_n4_M12, 13332
BH_n4_M12, 17384
BH_n4_M10, 2708
BH_n6_M10, 17239
BH_n4_M8, 81676
BH_n6_M10, 16197
BH_n4_M10, 12833
BH_n6_M10, 5519
BH_n2_M10, 19901
BH_n2_M10, 6061
BH_n4_M10, 26459
BH_n4_M10, 13492
BH_n4_M10, 1054
BH_n2_M10, 2972
SPH_9, 10731
BH_n4_M10, 21029
BH_n2_M10, 21045
BH_n4_M10, 11551
BH_n4_M10, 28610
BH_n6_M10, 2252
BH_n4_M10, 3799
BH_n4_M12, 11059
BH_n6_M10, 34185
BH_n4_M10, 10025
BH_n6_M10, 23491
BH_n2_M10, 25495
BH_n6_M10, 19943
BH_n2_M10, 25133
BH_n6_M10, 5410
BH_n2_M10, 24050
BH_n6_M10, 15075
BH_n4_M10, 11953
BH_n4_M8, 45806
BH_n2_M10, 10549
BH_n4_M10, 29925
BH_n4_M10, 14827
BH_n4_M8, 11078
BH_n4_M12, 4958
BH_n6_M10, 22482
BH_n4_M12, 11166
BH_n4_M10, 20552
BH_n4_M12, 12930
BH_n2_M10, 19683
BH_n6_M10, 9148
BH_n4_M10, 7854
BH_n4_M12, 4144
BH_n4_M10, 14493
BH_n4_M12, 20411
BH_n6_M10, 7382
BH_n6_M10, 6100
BH_n6_M10, 11643
BH_n4_M10, 27375
BH_n6_M10, 4296
BH_n6_M10, 13340
BH_n4_M10, 24406
BH_n6_M10, 14500
SPH_9, 47216
BH_n4_M12, 20386
BH_n4_M8, 40698
BH_n4_M10, 13848
BH_n6_M10, 15494
BH_n6_M10, 28105
BH_n2_M10, 12431
BH_n2_M10, 19175
BH_n4_M10, 27659
BH_n2_M10, 17970
BH_n4_M8, 71095
BH_n2_M10, 5008
BH_n4_M8, 17326
BH_n6_M10, 23364
BH_n2_M10, 16397
SPH_9, 1960
BH_n6_M10, 22270
BH_n6_M10, 13997
BH_n6_M10, 22338
BH_n4_M10, 11380
BH_n4_M10, 29129
BH_n4_M10, 21246
BH_n4_M10, 27056
BH_n4_M10, 27024
BH_n4_M10, 20794
BH_n6_M10, 516
BH_n4_M12, 18855
SPH_9, 21586
BH_n2_M10, 21145
BH_n2_M10, 17564
BH_n2_M10, 3958
BH_n4_M12, 19799
BH_n4_M8, 84259
BH_n6_M10, 18203
BH_n6_M10, 10966
BH_n2_M10, 26748
BH_n4_M10, 1900
BH_n6_M10, 24612
BH_n6_M10, 32552
BH_n2_M10, 6954
BH_n4_M10, 5771
BH_n4_M10, 6297
BH_n4_M12, 10504
BH_n4_M12, 14825
BH_n2_M10, 10467
BH_n2_M10, 26085
BH_n4_M12, 12080
BH_n2_M10, 12123
BH_n4_M12, 17596
BH_n4_M10, 27484
BH_n6_M10, 32723
BH_n4_M10, 6987
BH_n2_M10, 20445
BH_n4_M10, 15127
BH_n6_M10, 3994
BH_n4_M12, 13254
BH_n2_M10, 20080
BH_n6_M10, 11933
BH_n2_M10, 2434
BH_n4_M10, 7323
BH_n4_M10, 13580
BH_n4_M10, 15262
BH_n4_M12, 15190
BH_n2_M10, 22137
BH_n6_M10, 13461
BH_n4_M10, 20013
BH_n2_M10, 12577
BH_n4_M10, 12945
BH_n2_M10, 22402
BH_n4_M10, 25670
BH_n4_M12, 22643
BH_n6_M10, 29590
BH_n2_M10, 18897
SPH_9, 5060
BH_n4_M12, 17015
BH_n2_M10, 22658
BH_n2_M10, 15447
BH_n2_M10, 8596
BH_n4_M10, 20979
BH_n4_M8, 66230
BH_n4_M10, 24703
BH_n4_M10, 18234
BH_n4_M10, 1007
BH_n6_M10, 5106
BH_n6_M10, 9401
BH_n4_M8, 45061
BH_n2_M10, 1487
BH_n4_M10, 13776
BH_n2_M10, 23152
BH_n4_M10, 3048
BH_n4_M10, 539
BH_n6_M10, 6789
BH_n4_M10, 10199
BH_n4_M10, 16652
BH_n6_M10, 1014
BH_n2_M10, 19712
BH_n4_M10, 20144
BH_n2_M10, 16669
BH_n4_M8, 73750
BH_n6_M10, 34181
BH_n4_M10, 6795
BH_n4_M8, 85
BH_n4_M8, 62449
BH_n6_M10, 3280
BH_n2_M10, 16243
BH_n4_M8, 18522
BH_n4_M12, 16879
BH_n2_M10, 1868
BH_n4_M8, 49237
BH_n6_M10, 4900
BH_n4_M10, 25676
BH_n4_M10, 15298
BH_n2_M10, 8604
SPH_9, 60989
BH_n2_M10, 22926
BH_n2_M10, 6514
BH_n6_M10, 31297
BH_n2_M10, 24467
BH_n6_M10, 32927
BH_n2_M10, 20195
BH_n4_M8, 12438
BH_n4_M10, 18572
BH_n2_M10, 19087
BH_n2_M10, 3163
BH_n4_M10, 20213
BH_n4_M10, 24605
BH_n6_M10, 23770
BH_n4_M8, 47840
BH_n4_M8, 6183
BH_n6_M10, 9660
BH_n2_M10, 7190
BH_n6_M10, 31788
BH_n6_M10, 31874
BH_n6_M10, 29337
BH_n4_M10, 28344
BH_n4_M10, 17191
BH_n4_M8, 69024
BH_n4_M10, 11716
BH_n6_M10, 25196
BH_n6_M10, 18219
BH_n6_M10, 22892
BH_n4_M12, 268
BH_n4_M12, 6241
BH_n4_M8, 66413
BH_n4_M8, 19104
BH_n4_M12, 2066
BH_n2_M10, 1803
BH_n4_M12, 19727
BH_n6_M10, 32148
BH_n4_M12, 1803
BH_n2_M10, 26608
BH_n6_M10, 3729
BH_n4_M12, 21747
BH_n4_M8, 12153
BH_n4_M10, 21030
BH_n6_M10, 12649
BH_n2_M10, 19242
BH_n2_M10, 16198
BH_n4_M10, 6075
BH_n4_M8, 67931
BH_n4_M10, 3781
BH_n4_M12, 2690
BH_n4_M10, 12497
BH_n4_M10, 24305
BH_n4_M10, 9386
BH_n4_M10, 27393
BH_n4_M10, 6195
BH_n4_M10, 5979
BH_n2_M10, 5584
BH_n6_M10, 26988
BH_n6_M10, 22764
BH_n2_M10, 16530
BH_n2_M10, 24938
BH_n4_M10, 21701
BH_n4_M8, 17597
BH_n4_M12, 5289
BH_n4_M12, 11660
BH_n6_M10, 28249
BH_n4_M8, 78115
BH_n4_M10, 26053
BH_n6_M10, 3196
BH_n2_M10, 16342
BH_n4_M10, 276
BH_n2_M10, 23980
BH_n6_M10, 155
BH_n6_M10, 16977
BH_n4_M8, 14814
BH_n4_M12, 12243
BH_n4_M12, 19166
BH_n4_M8, 71882
BH_n4_M10, 16166
BH_n4_M12, 14734
BH_n4_M10, 22968
BH_n2_M10, 3188
BH_n2_M10, 25893
BH_n6_M10, 15903
BH_n6_M10, 29055
BH_n4_M10, 460
BH_n2_M10, 262
BH_n6_M10, 12846
BH_n6_M10, 11164
BH_n6_M10, 9599
BH_n4_M10, 28372
BH_n4_M8, 41047
BH_n2_M10, 26318
SPH_9, 66240
BH_n4_M8, 17280
BH_n6_M10, 15388
BH_n6_M10, 20364
BH_n4_M10, 27133
BH_n4_M8, 81521
BH_n6_M10, 22804
BH_n2_M10, 4205
BH_n4_M10, 7023
BH_n6_M10, 18284
BH_n4_M8, 76684
BH_n4_M10, 29713
BH_n2_M10, 21792
BH_n6_M10, 25487
BH_n2_M10, 20132
BH_n6_M10, 28991
BH_n4_M12, 19280
BH_n6_M10, 24881
BH_n2_M10, 14349
BH_n4_M8, 18620
BH_n6_M10, 9228
BH_n2_M10, 22770
BH_n4_M10, 26567
BH_n2_M10, 23307
BH_n4_M12, 13373
SPH_9, 2036
BH_n6_M10, 14900
BH_n6_M10, 10805
BH_n4_M10, 12509
BH_n4_M12, 19627
BH_n2_M10, 354
BH_n6_M10, 32288
BH_n4_M8, 17721
BH_n4_M12, 19348
BH_n6_M10, 14950
BH_n2_M10, 23661
BH_n6_M10, 1102
BH_n2_M10, 15962
BH_n4_M10, 8580
BH_n2_M10, 23406
BH_n6_M10, 13024
BH_n6_M10, 21855
BH_n4_M10, 1166
BH_n6_M10, 10901
BH_n4_M10, 11318
SPH_9, 65369
BH_n6_M10, 23610
BH_n4_M12, 23051
BH_n6_M10, 14986
BH_n6_M10, 24238
BH_n4_M10, 6486
BH_n4_M10, 18335
BH_n4_M10, 30279
BH_n4_M12, 20919
BH_n2_M10, 15677
BH_n6_M10, 27753
BH_n4_M12, 19688
BH_n6_M10, 23483
BH_n4_M10, 15166
BH_n2_M10, 6563
BH_n2_M10, 6099
BH_n4_M10, 18889
BH_n4_M8, 7679
BH_n4_M8, 73100
BH_n2_M10, 19412
BH_n2_M10, 4200
BH_n4_M10, 18145
BH_n4_M10, 22907
BH_n4_M10, 12294
BH_n4_M12, 14605
BH_n2_M10, 24926
BH_n4_M8, 64211
BH_n4_M10, 25617
BH_n4_M12, 18613
BH_n2_M10, 8657
BH_n2_M10, 4318
BH_n4_M12, 17821
BH_n2_M10, 6263
BH_n4_M10, 2832
BH_n4_M12, 2384
BH_n2_M10, 15779
BH_n4_M12, 22443
BH_n6_M10, 26028
BH_n4_M10, 27220
BH_n4_M8, 62314
BH_n4_M8, 56712
BH_n6_M10, 2456
SPH_9, 10444
BH_n4_M10, 27796
BH_n4_M10, 30454
BH_n4_M10, 29239
BH_n4_M10, 3561
BH_n2_M10, 2592
BH_n4_M10, 9427
BH_n2_M10, 23395
BH_n6_M10, 30969
BH_n4_M8, 43054
BH_n4_M10, 24825
BH_n4_M12, 19626
BH_n4_M12, 16587
BH_n4_M12, 16265
BH_n2_M10, 12468
BH_n4_M10, 5448
BH_n6_M10, 15677
BH_n4_M10, 11749
BH_n2_M10, 22097
BH_n4_M12, 4123
BH_n4_M10, 9089
BH_n2_M10, 22781
BH_n4_M10, 29388
BH_n6_M10, 23311
BH_n2_M10, 8045
BH_n6_M10, 21725
BH_n4_M10, 18197
BH_n4_M12, 2978
BH_n4_M8, 58683
BH_n4_M10, 391
BH_n2_M10, 9436
BH_n2_M10, 628
BH_n4_M10, 17330
BH_n2_M10, 11937
BH_n4_M10, 28789
BH_n2_M10, 751
BH_n4_M10, 3317
BH_n6_M10, 23236
BH_n6_M10, 9926
BH_n4_M10, 6720
BH_n2_M10, 24622
BH_n4_M8, 62040
BH_n4_M8, 41933
BH_n6_M10, 13757
BH_n4_M10, 9936
BH_n2_M10, 9889
BH_n4_M10, 30374
BH_n4_M10, 25299
BH_n2_M10, 8160
BH_n4_M10, 13419
BH_n4_M10, 1932
BH_n6_M10, 5532
BH_n6_M10, 15548
BH_n2_M10, 25531
BH_n4_M12, 6169
BH_n2_M10, 23265
BH_n6_M10, 14740
BH_n4_M10, 18710
BH_n6_M10, 9343
BH_n2_M10, 26397
BH_n6_M10, 11113
BH_n4_M10, 7020
BH_n6_M10, 7988
BH_n2_M10, 23254
BH_n2_M10, 18913
BH_n4_M12, 8941
BH_n2_M10, 17611
BH_n4_M8, 50312
BH_n2_M10, 14576
BH_n4_M8, 34128
BH_n2_M10, 11111
BH_n4_M10, 20729
BH_n4_M8, 71016
BH_n4_M12, 16357
BH_n2_M10, 5511
BH_n6_M10, 22145
BH_n6_M10, 26020
BH_n2_M10, 10028
BH_n4_M12, 16578
BH_n4_M10, 16772
BH_n4_M8, 12659
BH_n4_M10, 708
BH_n6_M10, 24298
BH_n4_M12, 19551
BH_n6_M10, 13260
BH_n4_M8, 38289
BH_n4_M10, 7423
BH_n4_M10, 766
BH_n4_M8, 26360
BH_n2_M10, 13095
BH_n2_M10, 7109
BH_n6_M10, 33106
BH_n4_M10, 1207
BH_n2_M10, 14164
BH_n6_M10, 16086
BH_n2_M10, 22863
BH_n6_M10, 14990
BH_n4_M8, 3682
SPH_9, 52677
BH_n6_M10, 25039
BH_n4_M12, 13426
BH_n2_M10, 22502
BH_n6_M10, 12143
BH_n6_M10, 18334
BH_n6_M10, 12944
BH_n2_M10, 13459
BH_n2_M10, 17098
BH_n4_M12, 17812
BH_n4_M10, 29823
BH_n4_M10, 9535
BH_n6_M10, 7791
BH_n4_M10, 19386
SPH_9, 74109
BH_n4_M10, 26091
BH_n4_M12, 21237
BH_n6_M10, 12999
BH_n4_M10, 23815
BH_n4_M10, 18634
SPH_9, 29808
BH_n6_M10, 20779
BH_n6_M10, 5598
BH_n2_M10, 18667
BH_n4_M8, 44890
BH_n2_M10, 24456
BH_n4_M12, 9269
BH_n6_M10, 19633
BH_n6_M10, 13729
BH_n6_M10, 30055
BH_n4_M10, 23754
BH_n6_M10, 19520
BH_n4_M10, 30558
BH_n2_M10, 12291
BH_n2_M10, 2887
BH_n2_M10, 4897
BH_n6_M10, 12192
BH_n4_M8, 35679
BH_n4_M8, 24310
BH_n6_M10, 25220
BH_n4_M10, 8096
BH_n4_M12, 3407
BH_n4_M10, 26429
BH_n4_M8, 69965
BH_n6_M10, 13520
BH_n4_M10, 4721
BH_n6_M10, 19826
BH_n6_M10, 34311
BH_n4_M12, 414
BH_n4_M12, 18739
BH_n4_M10, 10046
BH_n6_M10, 17582
BH_n2_M10, 2355
BH_n4_M10, 27181
BH_n6_M10, 3960
BH_n4_M10, 28244
BH_n6_M10, 904
BH_n6_M10, 10945
BH_n2_M10, 17998
BH_n6_M10, 18640
BH_n6_M10, 15063
BH_n4_M10, 3803
BH_n2_M10, 12576
BH_n2_M10, 12907
BH_n4_M10, 12656
BH_n6_M10, 25478
BH_n4_M8, 4561
BH_n2_M10, 7087
BH_n4_M10, 3257
BH_n4_M10, 24218
BH_n4_M10, 1742
BH_n4_M10, 26152
BH_n4_M10, 23424
BH_n4_M8, 24088
BH_n2_M10, 12273
BH_n4_M10, 5411
BH_n4_M8, 1239
BH_n2_M10, 14793
BH_n6_M10, 15320
BH_n4_M8, 64462
BH_n2_M10, 1847
BH_n4_M12, 8280
BH_n6_M10, 22074
BH_n2_M10, 21361
BH_n2_M10, 23884
BH_n4_M12, 9114
BH_n2_M10, 26280
BH_n2_M10, 16984
BH_n2_M10, 15515
BH_n4_M10, 20618
BH_n4_M12, 7719
BH_n2_M10, 15150
BH_n4_M12, 7042
BH_n6_M10, 29863
BH_n6_M10, 17883
SPH_9, 72540
BH_n2_M10, 22075
BH_n4_M8, 59243
BH_n2_M10, 11050
BH_n4_M12, 12235
BH_n4_M8, 65598
BH_n6_M10, 12977
BH_n4_M10, 1644
BH_n4_M10, 23619
BH_n4_M12, 8162
BH_n4_M10, 19359
BH_n4_M10, 4955
BH_n4_M10, 1362
BH_n4_M12, 6090
BH_n2_M10, 11299
BH_n2_M10, 22416
BH_n4_M12, 20766
BH_n6_M10, 166
BH_n4_M10, 16775
BH_n4_M10, 21297
BH_n4_M10, 16321
BH_n6_M10, 14048
BH_n4_M10, 8428
BH_n6_M10, 3923
BH_n4_M10, 28366
BH_n6_M10, 4171
SPH_9, 26495
BH_n4_M10, 26206
BH_n2_M10, 2665
BH_n6_M10, 32073
BH_n6_M10, 10939
BH_n6_M10, 22566
BH_n4_M12, 14036
BH_n4_M10, 26108
BH_n4_M10, 4673
BH_n6_M10, 117
BH_n4_M10, 18264
BH_n4_M10, 30024
BH_n4_M10, 3193
BH_n2_M10, 21449
BH_n2_M10, 21604
BH_n2_M10, 10997
BH_n4_M12, 17663
BH_n4_M12, 9257
BH_n2_M10, 26929
BH_n6_M10, 13284
BH_n2_M10, 3704
BH_n2_M10, 21380
BH_n6_M10, 15117
BH_n4_M10, 15029
SPH_9, 49511
BH_n4_M10, 21905
BH_n4_M8, 10689
BH_n4_M8, 23982
BH_n2_M10, 5409
BH_n4_M10, 12752
BH_n2_M10, 16658
BH_n4_M10, 7724
BH_n2_M10, 26848
BH_n6_M10, 32612
BH_n4_M8, 62271
BH_n4_M10, 18715
BH_n4_M12, 9017
BH_n4_M8, 19494
BH_n6_M10, 5656
BH_n4_M8, 43078
BH_n2_M10, 26001
BH_n6_M10, 9096
BH_n2_M10, 3837
BH_n6_M10, 2743
BH_n4_M10, 23104
BH_n4_M10, 13458
BH_n2_M10, 17715
SPH_9, 22408
BH_n6_M10, 18589
BH_n4_M10, 22835
BH_n6_M10, 1617
BH_n4_M8, 67528
BH_n4_M10, 20190
BH_n4_M8, 14356
SPH_9, 48279
BH_n4_M12, 15085
BH_n2_M10, 1363
SPH_9, 15545
BH_n4_M10, 14882
BH_n6_M10, 31079
BH_n4_M10, 11112
BH_n4_M12, 4738
BH_n4_M10, 5214
BH_n2_M10, 12054
BH_n4_M8, 35505
BH_n4_M10, 30594
BH_n2_M10, 17353
BH_n4_M10, 1495
BH_n6_M10, 3398
SPH_9, 4180
BH_n2_M10, 22257
BH_n2_M10, 893
BH_n2_M10, 10733
BH_n6_M10, 1390
BH_n6_M10, 21446
BH_n6_M10, 30853
BH_n2_M10, 9860
BH_n4_M8, 19796
BH_n4_M8, 33704
BH_n4_M8, 37789
BH_n4_M8, 1627
BH_n4_M10, 10941
BH_n6_M10, 12106
BH_n2_M10, 8297
SPH_9, 77585
BH_n4_M10, 23735
BH_n4_M8, 2460
BH_n4_M10, 10489
BH_n4_M12, 10886
BH_n4_M8, 62361
BH_n4_M10, 11104
BH_n2_M10, 12440
BH_n6_M10, 9245
BH_n2_M10, 17964
BH_n4_M10, 7664
BH_n6_M10, 13854
SPH_9, 42092
BH_n4_M10, 6601
BH_n4_M10, 15236
BH_n4_M8, 85082
BH_n4_M10, 24297
BH_n6_M10, 27571
BH_n2_M10, 15374
BH_n6_M10, 7944
BH_n4_M10, 26172
BH_n4_M12, 8696
BH_n6_M10, 32456
BH_n6_M10, 24519
BH_n2_M10, 405
BH_n6_M10, 31510
BH_n6_M10, 5206
BH_n4_M12, 7302
BH_n2_M10, 24218
BH_n4_M10, 12630
BH_n4_M8, 71020
BH_n6_M10, 30298
BH_n2_M10, 13714
BH_n4_M8, 79701
BH_n2_M10, 8529
BH_n4_M10, 17457
BH_n2_M10, 25191
BH_n4_M10, 1934
BH_n4_M10, 8019
BH_n2_M10, 11662
BH_n6_M10, 23031
BH_n4_M10, 7532
BH_n4_M10, 29377
BH_n6_M10, 14836
BH_n6_M10, 27345
BH_n6_M10, 5149
BH_n4_M8, 6104
BH_n4_M8, 52778
BH_n4_M8, 66348
BH_n6_M10, 13434
BH_n4_M12, 9000
BH_n4_M8, 75221
BH_n6_M10, 33665
BH_n4_M8, 77036
BH_n2_M10, 11648
BH_n6_M10, 14625
BH_n2_M10, 21111
BH_n4_M10, 24617
BH_n4_M10, 29452
BH_n2_M10, 26879
BH_n6_M10, 21048
BH_n4_M10, 18160
BH_n4_M12, 4569
BH_n4_M12, 20299
BH_n4_M8, 25451
BH_n6_M10, 3680
BH_n4_M10, 13401
BH_n4_M10, 30234
BH_n4_M10, 21742
BH_n4_M12, 10995
SPH_9, 36645
BH_n6_M10, 29759
BH_n6_M10, 41
BH_n4_M10, 28148
BH_n2_M10, 807
BH_n4_M12, 4487
BH_n2_M10, 5457
BH_n4_M8, 38698
BH_n6_M10, 33739
BH_n4_M10, 20487
BH_n2_M10, 16627
BH_n4_M10, 1202
BH_n4_M12, 4751
BH_n4_M10, 24747
BH_n2_M10, 741
BH_n4_M8, 40946
BH_n6_M10, 24252
BH_n6_M10, 2299
BH_n4_M10, 4556
BH_n4_M8, 50254
BH_n6_M10, 34149
SPH_9, 68385
BH_n4_M8, 27081
BH_n6_M10, 295
BH_n4_M8, 56002
BH_n4_M10, 10569
BH_n4_M10, 17785
BH_n4_M10, 3173
BH_n4_M10, 18817
BH_n6_M10, 14711
BH_n2_M10, 25214
BH_n6_M10, 21136
BH_n4_M8, 18011
BH_n4_M8, 50013
BH_n2_M10, 10156
BH_n4_M10, 2858
BH_n4_M10, 10413
BH_n4_M10, 18859
BH_n2_M10, 23688
BH_n4_M10, 7338
BH_n2_M10, 17558
BH_n4_M10, 30580
BH_n4_M8, 28378
BH_n6_M10, 28663
BH_n4_M10, 21623
BH_n4_M10, 18911
BH_n4_M12, 5331
BH_n6_M10, 15739
BH_n6_M10, 30858
BH_n2_M10, 5545
BH_n4_M8, 69954
BH_n4_M10, 25511
BH_n6_M10, 24851
BH_n4_M10, 24779
BH_n4_M10, 18344
BH_n2_M10, 7932
BH_n4_M10, 2845
BH_n2_M10, 20584
BH_n2_M10, 6578
BH_n2_M10, 19221
BH_n4_M12, 15711
BH_n4_M10, 20784
BH_n6_M10, 21056
BH_n6_M10, 7931
BH_n4_M10, 26963
BH_n2_M10, 6654
SPH_9, 22036
BH_n6_M10, 8782
BH_n4_M10, 5292
BH_n6_M10, 12505
BH_n6_M10, 14744
BH_n4_M10, 20684
BH_n4_M10, 2838
BH_n6_M10, 1999
BH_n4_M10, 22904
BH_n6_M10, 2503
BH_n2_M10, 17545
BH_n2_M10, 5889
BH_n4_M10, 26430
BH_n2_M10, 13322
BH_n4_M10, 8567
BH_n4_M8, 29385
BH_n4_M8, 60149
BH_n4_M10, 14664
BH_n4_M10, 528
BH_n6_M10, 5405
BH_n2_M10, 10108
BH_n2_M10, 23894
BH_n2_M10, 4980
SPH_9, 39580
BH_n6_M10, 7149
BH_n4_M10, 13768
BH_n2_M10, 13642
BH_n4_M10, 1649
BH_n6_M10, 14544
BH_n4_M10, 7405
BH_n4_M8, 23917
BH_n6_M10, 8148
BH_n4_M10, 30113
BH_n6_M10, 30053
BH_n6_M10, 2745
BH_n2_M10, 3201
BH_n2_M10, 441
BH_n4_M8, 37331
BH_n6_M10, 23540
BH_n4_M12, 18151
BH_n4_M10, 6388
BH_n6_M10, 5331
BH_n6_M10, 4718
BH_n4_M8, 12180
BH_n6_M10, 5732
BH_n2_M10, 5203
BH_n4_M8, 55392
BH_n6_M10, 18147
BH_n4_M10, 6090
BH_n4_M10, 27628
BH_n4_M8, 13121
BH_n4_M10, 21002
BH_n4_M10, 19658
BH_n4_M10, 14083
BH_n6_M10, 34247
BH_n4_M12, 2835
BH_n2_M10, 12536
BH_n4_M10, 14844
SPH_9, 5509
BH_n4_M8, 47855
BH_n4_M8, 4957
BH_n2_M10, 14815
BH_n2_M10, 1171
BH_n4_M12, 12577
BH_n2_M10, 2658
BH_n6_M10, 5722
BH_n4_M8, 65860
BH_n4_M10, 11206
BH_n4_M10, 12086
BH_n6_M10, 12708
BH_n6_M10, 30081
BH_n2_M10, 2571
BH_n4_M12, 4872
BH_n6_M10, 29921
BH_n6_M10, 21126
BH_n4_M10, 27884
BH_n4_M8, 26608
SPH_9, 74107
BH_n4_M10, 6447
SPH_9, 72128
BH_n4_M10, 30337
SPH_9, 30951
BH_n6_M10, 30210
BH_n2_M10, 7406
BH_n6_M10, 24300
BH_n4_M10, 965
BH_n4_M10, 17883
BH_n6_M10, 19248
BH_n4_M8, 22104
BH_n4_M8, 13158
BH_n4_M8, 84514
BH_n4_M10, 4360
BH_n6_M10, 7601
BH_n4_M12, 16421
BH_n4_M12, 16365
SPH_9, 55591
BH_n6_M10, 6248
BH_n6_M10, 18189
BH_n2_M10, 21258
BH_n4_M10, 16782
BH_n6_M10, 4177
BH_n4_M10, 1200
BH_n4_M8, 68344
BH_n6_M10, 10267
BH_n4_M10, 26214
BH_n4_M8, 10512
BH_n6_M10, 22754
SPH_9, 75837
BH_n2_M10, 16593
BH_n4_M8, 9461
BH_n4_M8, 14105
BH_n4_M10, 363
BH_n6_M10, 12285
BH_n2_M10, 15534
BH_n4_M10, 24056
BH_n6_M10, 24654
BH_n4_M10, 23962
BH_n2_M10, 25200
BH_n6_M10, 29910
BH_n2_M10, 4797
BH_n4_M12, 13851
BH_n4_M10, 12755
BH_n4_M10, 4890
BH_n6_M10, 20512
BH_n4_M10, 4305
BH_n6_M10, 27301
BH_n4_M12, 16167
BH_n2_M10, 6969
BH_n4_M10, 27437
BH_n4_M8, 69553
BH_n6_M10, 8337
BH_n4_M10, 19297
BH_n4_M8, 8936
BH_n4_M8, 73785
BH_n4_M12, 22389
BH_n6_M10, 7845
BH_n4_M10, 8398
BH_n4_M12, 5157
BH_n4_M12, 6948
BH_n6_M10, 2712
BH_n2_M10, 22037
BH_n6_M10, 14401
BH_n4_M12, 15911
BH_n4_M8, 32106
BH_n6_M10, 664
BH_n2_M10, 21040
BH_n4_M10, 1966
BH_n4_M12, 9447
BH_n2_M10, 4362
BH_n4_M10, 13953
BH_n6_M10, 20354
BH_n4_M12, 20264
BH_n2_M10, 16006
BH_n4_M10, 3502
BH_n4_M10, 14645
BH_n4_M12, 18994
BH_n4_M8, 71651
BH_n2_M10, 14959
BH_n6_M10, 25849
BH_n4_M8, 79753
BH_n4_M10, 3945
BH_n2_M10, 703
BH_n4_M10, 29871
BH_n2_M10, 1561
BH_n4_M8, 81460
BH_n4_M10, 12943
BH_n2_M10, 3967
BH_n2_M10, 25633
BH_n4_M10, 3984
BH_n4_M12, 15537
BH_n4_M10, 6308
BH_n6_M10, 17281
BH_n6_M10, 31582
BH_n2_M10, 13530
BH_n4_M10, 7344
BH_n4_M10, 12176
BH_n6_M10, 10704
BH_n2_M10, 20110
BH_n4_M10, 23389
BH_n4_M10, 890
BH_n6_M10, 23987
BH_n6_M10, 32819
SPH_9, 36121
BH_n4_M8, 7182
BH_n4_M10, 23331
BH_n2_M10, 16242
BH_n4_M10, 23007
BH_n6_M10, 331
BH_n2_M10, 981
BH_n6_M10, 19284
BH_n2_M10, 24182
BH_n4_M8, 17652
BH_n2_M10, 20216
BH_n6_M10, 31880
BH_n4_M10, 16351
BH_n4_M10, 18333
BH_n2_M10, 21465
BH_n4_M10, 21356
BH_n2_M10, 7078
BH_n2_M10, 6434
BH_n4_M10, 12843
BH_n2_M10, 20931
BH_n4_M10, 8792
BH_n4_M10, 15258
BH_n4_M10, 17958
BH_n4_M8, 56208
BH_n6_M10, 26690
BH_n6_M10, 33641
BH_n6_M10, 23734
BH_n6_M10, 21395
BH_n2_M10, 6360
BH_n4_M10, 18081
BH_n4_M8, 55237
BH_n4_M8, 72477
BH_n6_M10, 33
BH_n4_M12, 21392
BH_n4_M10, 2136
BH_n2_M10, 22530
BH_n4_M8, 49899
BH_n6_M10, 21237
BH_n4_M10, 15376
BH_n6_M10, 11921
BH_n4_M10, 9917
BH_n6_M10, 13535
BH_n6_M10, 6149
BH_n6_M10, 20059
BH_n2_M10, 16950
BH_n4_M10, 25242
SPH_9, 34149
BH_n4_M10, 29647
BH_n2_M10, 8737
BH_n6_M10, 14311
BH_n4_M8, 10584
BH_n4_M12, 1212
BH_n6_M10, 10199
BH_n6_M10, 29025
BH_n6_M10, 19062
BH_n4_M10, 14089
BH_n6_M10, 2922
BH_n6_M10, 13612
BH_n4_M8, 77177
BH_n6_M10, 1662
BH_n6_M10, 21269
BH_n6_M10, 11021
BH_n6_M10, 30941
BH_n4_M10, 27178
BH_n4_M10, 16065
BH_n6_M10, 24291
BH_n4_M8, 55262
BH_n6_M10, 24428
BH_n4_M10, 2886
BH_n2_M10, 3535
BH_n4_M10, 18308
BH_n4_M10, 12041
BH_n4_M10, 17659
BH_n4_M12, 4801
BH_n4_M8, 15907
BH_n6_M10, 2575
BH_n4_M8, 82694
BH_n4_M10, 20753
BH_n4_M8, 81787
SPH_9, 47788
BH_n4_M10, 19502
BH_n2_M10, 6295
BH_n6_M10, 10307
BH_n4_M8, 45312
BH_n6_M10, 3332
BH_n2_M10, 20882
BH_n6_M10, 9185
BH_n6_M10, 21741
BH_n4_M8, 64433
BH_n4_M12, 18241
BH_n4_M10, 9992
BH_n4_M12, 14065
BH_n4_M10, 28613
BH_n2_M10, 15765
BH_n6_M10, 34244
BH_n2_M10, 22225
BH_n2_M10, 6940
BH_n2_M10, 3534
BH_n2_M10, 15713
BH_n6_M10, 30184
BH_n2_M10, 11610
BH_n6_M10, 11700
BH_n6_M10, 16821
BH_n4_M8, 37603
BH_n2_M10, 16015
BH_n2_M10, 14258
BH_n4_M8, 33114
SPH_9, 5910
SPH_9, 79453
BH_n4_M8, 63728
BH_n4_M10, 26844
BH_n2_M10, 23344
BH_n2_M10, 1383
BH_n6_M10, 27471
BH_n2_M10, 22741
BH_n2_M10, 355
BH_n4_M10, 14132
BH_n4_M8, 22244
BH_n6_M10, 25599
BH_n4_M10, 27458
BH_n6_M10, 27841
BH_n6_M10, 28247
BH_n4_M10, 13560
BH_n4_M10, 8145
BH_n6_M10, 15649
BH_n4_M8, 23078
BH_n4_M10, 23330
BH_n4_M10, 16359
BH_n2_M10, 5507
BH_n4_M12, 10920
BH_n4_M10, 9486
BH_n2_M10, 7333
BH_n4_M10, 20214
BH_n4_M8, 58633
BH_n4_M10, 14648
BH_n4_M10, 6524
BH_n6_M10, 19238
BH_n6_M10, 4420
BH_n6_M10, 8825
BH_n4_M12, 7176
BH_n2_M10, 12017
BH_n6_M10, 22920
BH_n4_M10, 14760
BH_n4_M8, 56476
BH_n4_M10, 26099
BH_n4_M10, 17578
BH_n4_M10, 28227
BH_n4_M10, 23738
BH_n6_M10, 5186
BH_n4_M12, 1724
BH_n6_M10, 22950
BH_n2_M10, 21047
SPH_9, 20863
BH_n2_M10, 5770
BH_n4_M12, 4175
BH_n6_M10, 54
BH_n4_M8, 32477
BH_n4_M10, 29950
BH_n4_M8, 72154
BH_n2_M10, 13615
BH_n2_M10, 26241
BH_n4_M8, 31203
BH_n2_M10, 12653
BH_n4_M10, 13708
BH_n6_M10, 6009
BH_n2_M10, 15813
BH_n4_M10, 19850
BH_n6_M10, 31853
BH_n4_M8, 37035
BH_n4_M10, 12853
BH_n6_M10, 5543
BH_n6_M10, 29721
BH_n6_M10, 25973
SPH_9, 39986
BH_n4_M12, 14337
BH_n4_M10, 8603
BH_n4_M12, 7495
BH_n4_M8, 17119
BH_n4_M12, 16423
BH_n6_M10, 2155
BH_n2_M10, 12505
BH_n2_M10, 249
SPH_9, 46267
BH_n6_M10, 14419
BH_n6_M10, 16429
BH_n4_M8, 48457
BH_n4_M8, 40113
BH_n4_M10, 6651
BH_n6_M10, 24934
BH_n4_M10, 22795
BH_n4_M10, 13176
SPH_9, 1782
BH_n6_M10, 5637
BH_n6_M10, 10726
BH_n6_M10, 1467
BH_n6_M10, 26351
BH_n4_M8, 22585
BH_n4_M12, 11946
BH_n2_M10, 21778
BH_n2_M10, 21849
SPH_9, 59902
BH_n2_M10, 4095
BH_n4_M10, 10516
BH_n4_M8, 43362
BH_n4_M10, 19596
SPH_9, 19552
BH_n4_M10, 15804
BH_n4_M8, 45901
SPH_9, 4660
BH_n6_M10, 18967
BH_n4_M8, 53487
BH_n6_M10, 12013
BH_n6_M10, 5357
BH_n2_M10, 13348
BH_n4_M10, 8044
BH_n4_M12, 1594
BH_n4_M10, 19387
BH_n4_M12, 10007
BH_n4_M10, 13751
BH_n6_M10, 21617
BH_n4_M8, 86278
BH_n6_M10, 17454
BH_n2_M10, 1664
BH_n4_M10, 24674
BH_n4_M10, 28010
BH_n2_M10, 21878
BH_n4_M10, 13922
BH_n4_M12, 4387
BH_n6_M10, 16202
BH_n2_M10, 17948
BH_n2_M10, 12641
BH_n6_M10, 3915
BH_n4_M8, 69609
BH_n4_M10, 27044
BH_n4_M10, 13384
BH_n2_M10, 20593
BH_n2_M10, 3926
BH_n4_M10, 16469
BH_n4_M12, 1003
BH_n4_M8, 28920
BH_n6_M10, 30521
BH_n4_M10, 7855
BH_n4_M10, 5130
BH_n4_M10, 1410
BH_n2_M10, 13834
BH_n4_M8, 77568
BH_n2_M10, 17314
BH_n2_M10, 7177
BH_n4_M10, 6018
BH_n4_M10, 7491
BH_n4_M12, 3455
BH_n4_M8, 54228
BH_n4_M8, 48505
BH_n6_M10, 21409
BH_n2_M10, 10513
BH_n4_M12, 2706
BH_n4_M12, 4606
BH_n4_M10, 22943
BH_n4_M10, 380
BH_n6_M10, 34102
BH_n4_M10, 5708
SPH_9, 13673
BH_n6_M10, 22559
BH_n4_M12, 7994
BH_n4_M12, 20053
BH_n6_M10, 7471
SPH_9, 2010
BH_n4_M8, 18607
BH_n2_M10, 25623
BH_n2_M10, 23500
BH_n6_M10, 27013
BH_n4_M12, 15764
BH_n4_M10, 24637
BH_n4_M10, 18635
BH_n4_M10, 16033
BH_n6_M10, 17417
SPH_9, 37688
BH_n6_M10, 8268
BH_n6_M10, 11754
BH_n6_M10, 5597
BH_n4_M10, 10107
BH_n4_M12, 898
BH_n2_M10, 18308
BH_n4_M8, 47017
BH_n4_M10, 3759
BH_n4_M12, 46
BH_n4_M10, 21575
BH_n2_M10, 16589
BH_n4_M10, 8751
BH_n2_M10, 9016
BH_n4_M10, 22756
BH_n4_M8, 30172
BH_n2_M10, 24356
BH_n4_M10, 11264
BH_n2_M10, 4076
BH_n6_M10, 14825
BH_n4_M8, 37294
BH_n6_M10, 20986
BH_n4_M10, 11642
BH_n6_M10, 18262
BH_n6_M10, 7770
BH_n2_M10, 3009
BH_n6_M10, 14902
BH_n4_M10, 14050
BH_n4_M10, 26735
BH_n4_M8, 33520
BH_n6_M10, 2398
BH_n4_M10, 10375
BH_n2_M10, 17359
BH_n6_M10, 34164
BH_n6_M10, 6667
BH_n4_M8, 79176
BH_n4_M12, 1529
BH_n4_M12, 15187
BH_n4_M8, 74527
BH_n4_M12, 2424
BH_n6_M10, 28051
BH_n2_M10, 10266
BH_n6_M10, 32380
BH_n2_M10, 5607
BH_n4_M10, 16656
BH_n2_M10, 4782
BH_n2_M10, 14776
BH_n2_M10, 3419
BH_n2_M10, 4618
BH_n4_M10, 27238
BH_n6_M10, 17946
BH_n4_M8, 11797
BH_n4_M10, 2019
BH_n4_M8, 4012
BH_n2_M10, 11786
BH_n2_M10, 12654
BH_n4_M10, 18401
BH_n4_M8, 29437
BH_n4_M10, 24077
BH_n6_M10, 29085
BH_n4_M8, 4789
BH_n2_M10, 787
BH_n6_M10, 25848
BH_n2_M10, 19151
BH_n4_M10, 1568
BH_n6_M10, 12321
BH_n4_M12, 10965
BH_n4_M10, 26686
BH_n4_M8, 24708
BH_n4_M10, 29127
BH_n2_M10, 14630
BH_n2_M10, 18733
BH_n4_M12, 17085
BH_n4_M8, 55134
BH_n2_M10, 817
BH_n2_M10, 8404
BH_n4_M8, 27435
BH_n2_M10, 7450
BH_n4_M10, 12746
SPH_9, 73647
BH_n4_M12, 7786
BH_n4_M8, 4670
BH_n4_M8, 48167
BH_n2_M10, 4730
BH_n4_M12, 21724
BH_n4_M12, 12739
BH_n6_M10, 10761
BH_n4_M8, 61896
BH_n4_M8, 10485
BH_n4_M10, 27058
BH_n4_M10, 15049
BH_n4_M8, 72058
BH_n4_M12, 11054
BH_n6_M10, 19662
BH_n2_M10, 3292
BH_n4_M10, 29594
BH_n4_M12, 18129
BH_n6_M10, 6988
BH_n4_M12, 15603
BH_n2_M10, 12728
BH_n2_M10, 25770
BH_n4_M8, 56382
BH_n2_M10, 25574
BH_n6_M10, 13235
BH_n4_M10, 9123
BH_n4_M10, 5626
BH_n4_M10, 25573
BH_n6_M10, 19521
BH_n2_M10, 13136
BH_n6_M10, 20742
BH_n4_M12, 6629
BH_n4_M10, 23558
BH_n6_M10, 17273
BH_n4_M12, 17626
BH_n4_M12, 6379
BH_n4_M10, 3544
SPH_9, 66771
BH_n6_M10, 14829
BH_n6_M10, 19202
BH_n6_M10, 341
BH_n6_M10, 6904
BH_n2_M10, 16123
BH_n6_M10, 17972
BH_n4_M10, 14257
BH_n4_M8, 41989
BH_n4_M10, 20800
BH_n2_M10, 211
BH_n2_M10, 9787
BH_n6_M10, 20451
BH_n4_M10, 12064
BH_n4_M12, 10336
BH_n4_M8, 77139
BH_n4_M10, 17315
BH_n6_M10, 12888
BH_n4_M10, 27740
BH_n4_M10, 5969
BH_n6_M10, 12935
BH_n4_M10, 17219
BH_n4_M8, 37787
BH_n4_M10, 26595
BH_n4_M10, 17890
BH_n2_M10, 9146
BH_n4_M8, 57186
BH_n4_M8, 72531
BH_n6_M10, 11864
BH_n4_M8, 34207
BH_n2_M10, 9641
BH_n6_M10, 1665
BH_n4_M12, 17172
BH_n2_M10, 24623
BH_n2_M10, 2767
BH_n2_M10, 2090
BH_n4_M12, 13982
BH_n4_M8, 64163
BH_n6_M10, 27675
BH_n4_M10, 13902
BH_n4_M8, 55383
BH_n2_M10, 20442
BH_n4_M12, 15979
BH_n4_M8, 38811
BH_n4_M12, 6775
BH_n4_M10, 18005
BH_n4_M10, 27184
BH_n4_M10, 24718
BH_n4_M10, 17670
SPH_9, 67645
BH_n4_M10, 9365
BH_n6_M10, 30803
BH_n6_M10, 6094
BH_n4_M10, 26618
BH_n4_M10, 16493
BH_n6_M10, 13517
BH_n4_M12, 15587
BH_n4_M12, 4616
BH_n4_M10, 3055
BH_n4_M8, 60825
BH_n4_M8, 37093
BH_n4_M8, 26568
BH_n2_M10, 14315
BH_n6_M10, 7212
BH_n6_M10, 19054
BH_n2_M10, 5971
BH_n6_M10, 21354
BH_n4_M10, 13367
BH_n4_M8, 72724
BH_n2_M10, 8844
BH_n2_M10, 10954
BH_n2_M10, 25968
BH_n4_M12, 17911
BH_n2_M10, 13282
BH_n2_M10, 24345
BH_n2_M10, 9756
BH_n6_M10, 159
BH_n4_M12, 338
BH_n4_M10, 24452
BH_n2_M10, 22652
BH_n4_M10, 18802
BH_n4_M10, 9654
BH_n4_M10, 29984
SPH_9, 65026
BH_n2_M10, 2570
BH_n4_M10, 29875
BH_n4_M10, 18983
BH_n6_M10, 12210
BH_n4_M10, 3833
BH_n4_M10, 6259
BH_n2_M10, 4654
BH_n6_M10, 26043
BH_n4_M10, 25846
BH_n4_M12, 6992
BH_n4_M10, 26891
SPH_9, 35733
BH_n4_M12, 7625
BH_n4_M8, 83653
BH_n4_M10, 18136
BH_n4_M10, 5872
BH_n4_M8, 45867
BH_n6_M10, 31754
BH_n4_M8, 28890
BH_n6_M10, 14665
SPH_9, 34721
BH_n4_M10, 22137
BH_n2_M10, 25987
BH_n4_M8, 57543
BH_n4_M10, 18288
BH_n4_M10, 6484
BH_n2_M10, 708
BH_n6_M10, 8918
BH_n2_M10, 24736
BH_n4_M10, 8893
BH_n6_M10, 14887
BH_n4_M8, 36985
BH_n2_M10, 14564
BH_n4_M10, 12704
BH_n4_M10, 8123
BH_n4_M10, 7449
BH_n4_M12, 2180
BH_n4_M8, 33174
BH_n4_M10, 1315
BH_n6_M10, 14566
BH_n2_M10, 1141
BH_n4_M10, 6660
BH_n4_M8, 83752
BH_n4_M10, 2454
BH_n4_M10, 26371
BH_n4_M10, 28459
BH_n4_M10, 20424
BH_n4_M10, 29680
BH_n4_M8, 42985
BH_n2_M10, 10879
BH_n4_M12, 14754
BH_n2_M10, 22765
BH_n2_M10, 4367
BH_n4_M10, 16915
BH_n4_M12, 14738
BH_n2_M10, 16507
BH_n4_M10, 6473
BH_n6_M10, 4378
BH_n2_M10, 2581
BH_n4_M8, 7629
BH_n4_M12, 8165
BH_n2_M10, 11645
BH_n4_M10, 16391
BH_n4_M10, 19281
BH_n4_M8, 27511
BH_n2_M10, 24295
BH_n2_M10, 23495
BH_n6_M10, 28317
BH_n6_M10, 282
BH_n4_M10, 12315
BH_n6_M10, 19609
BH_n6_M10, 25259
BH_n2_M10, 3161
BH_n6_M10, 17505
BH_n6_M10, 7082
BH_n6_M10, 26890
BH_n4_M10, 23251
BH_n2_M10, 17854
BH_n2_M10, 23874
BH_n2_M10, 5626
BH_n4_M10, 17202
BH_n4_M12, 12062
BH_n2_M10, 17451
BH_n4_M10, 18606
BH_n4_M10, 5726
BH_n4_M10, 5938
BH_n4_M10, 13414
BH_n4_M8, 59641
BH_n2_M10, 9131
BH_n2_M10, 24217
BH_n6_M10, 32903
BH_n6_M10, 4852
BH_n4_M12, 8317
BH_n6_M10, 15205
BH_n6_M10, 25533
BH_n4_M10, 13638
BH_n4_M10, 15209
BH_n4_M10, 13239
BH_n6_M10, 20546
BH_n4_M10, 10416
BH_n4_M10, 11748
BH_n6_M10, 28755
BH_n4_M8, 85555
BH_n4_M8, 23164
BH_n4_M10, 29230
BH_n6_M10, 9907
BH_n4_M10, 8288
BH_n4_M12, 8596
BH_n6_M10, 9368
BH_n4_M10, 23772
BH_n2_M10, 6663
BH_n6_M10, 6251
BH_n6_M10, 2377
BH_n6_M10, 5764
BH_n2_M10, 3866
BH_n4_M10, 11122
BH_n6_M10, 27830
BH_n4_M10, 7916
BH_n4_M10, 5417
BH_n2_M10, 3825
BH_n6_M10, 33392
BH_n4_M10, 18023
BH_n2_M10, 14652
BH_n4_M12, 6915
BH_n2_M10, 528
BH_n2_M10, 6718
BH_n6_M10, 18241
BH_n6_M10, 21974
BH_n4_M10, 4056
BH_n6_M10, 8890
BH_n4_M12, 19504
BH_n6_M10, 1628
BH_n6_M10, 21921
BH_n2_M10, 15113
BH_n4_M10, 29857
BH_n2_M10, 19921
BH_n2_M10, 25014
BH_n4_M8, 18503
BH_n6_M10, 13391
BH_n2_M10, 11493
BH_n4_M10, 16870
BH_n4_M12, 10088
BH_n2_M10, 26015
BH_n2_M10, 7859
BH_n2_M10, 1671
BH_n4_M8, 64649
BH_n2_M10, 216
BH_n2_M10, 7937
BH_n4_M8, 29834
BH_n4_M10, 9840
BH_n6_M10, 3330
BH_n4_M10, 17361
BH_n4_M10, 2752
BH_n4_M8, 35628
BH_n2_M10, 25545
BH_n6_M10, 34255
BH_n2_M10, 2446
BH_n4_M12, 9631
BH_n4_M12, 18324
BH_n4_M10, 7628
BH_n4_M12, 13651
BH_n4_M10, 10282
BH_n4_M8, 50680
BH_n6_M10, 18108
BH_n4_M10, 4359
BH_n2_M10, 5931
BH_n2_M10, 2589
BH_n6_M10, 31522
BH_n2_M10, 7449
BH_n4_M8, 62405
BH_n4_M10, 13806
BH_n6_M10, 21721
BH_n4_M12, 16621
BH_n6_M10, 7629
BH_n6_M10, 1992
BH_n4_M8, 51072
BH_n4_M12, 18163
BH_n4_M12, 1116
BH_n6_M10, 6975
BH_n4_M12, 6683
BH_n6_M10, 23874
BH_n4_M10, 22825
BH_n2_M10, 12611
BH_n6_M10, 18745
BH_n6_M10, 7572
BH_n2_M10, 1821
BH_n4_M8, 47024
BH_n4_M10, 14867
BH_n6_M10, 14911
SPH_9, 11163
BH_n4_M8, 74443
BH_n4_M12, 18880
BH_n4_M10, 25673
BH_n2_M10, 6035
BH_n4_M10, 30722
BH_n6_M10, 18006
BH_n4_M8, 74999
BH_n4_M8, 19550
BH_n2_M10, 3019
BH_n6_M10, 12969
BH_n4_M8, 22051
BH_n4_M10, 21529
BH_n2_M10, 17958
BH_n4_M10, 30770
SPH_9, 6472
BH_n4_M10, 25616
BH_n2_M10, 16143
BH_n4_M8, 60301
BH_n4_M10, 15807
BH_n2_M10, 13399
BH_n6_M10, 4919
BH_n6_M10, 26608
BH_n6_M10, 22106
BH_n4_M10, 21875
BH_n4_M12, 11845
BH_n6_M10, 17329
BH_n4_M8, 67513
BH_n4_M10, 13379
BH_n6_M10, 22104
BH_n2_M10, 1388
BH_n4_M8, 56831
BH_n2_M10, 12823
BH_n4_M10, 314
BH_n2_M10, 26687
BH_n6_M10, 33586
BH_n2_M10, 13106
BH_n4_M10, 7932
BH_n6_M10, 16499
BH_n4_M8, 468
BH_n2_M10, 4021
BH_n4_M10, 1289
BH_n2_M10, 3362
BH_n6_M10, 1481
BH_n4_M10, 30734
BH_n4_M8, 2220
BH_n2_M10, 5642
BH_n4_M8, 52462
BH_n2_M10, 5030
BH_n6_M10, 13995
BH_n4_M12, 1237
BH_n2_M10, 5000
BH_n4_M10, 7599
BH_n2_M10, 8526
BH_n4_M10, 4532
BH_n6_M10, 12454
BH_n4_M10, 24016
BH_n6_M10, 9460
BH_n6_M10, 789
BH_n4_M8, 41056
BH_n6_M10, 34129
BH_n4_M10, 5504
BH_n4_M8, 32803
BH_n2_M10, 19264
BH_n4_M10, 24448
BH_n4_M8, 19585
BH_n6_M10, 17654
BH_n2_M10, 6363
BH_n4_M8, 56502
BH_n4_M12, 9131
BH_n6_M10, 23619
BH_n2_M10, 18847
BH_n4_M8, 9217
BH_n4_M10, 15624
BH_n4_M10, 7239
BH_n4_M8, 31581
BH_n2_M10, 295
BH_n2_M10, 23998
BH_n2_M10, 10667
BH_n2_M10, 23276
BH_n4_M8, 56489
BH_n2_M10, 25520
BH_n2_M10, 13976
BH_n6_M10, 12943
BH_n6_M10, 33660
BH_n4_M12, 15488
BH_n4_M12, 21791
BH_n6_M10, 28392
BH_n4_M10, 772
BH_n4_M10, 2480
BH_n4_M10, 6880
BH_n4_M12, 8609
BH_n2_M10, 7906
SPH_9, 52404
BH_n4_M12, 4977
BH_n4_M8, 60661
BH_n6_M10, 21463
BH_n4_M10, 22464
SPH_9, 53676
BH_n4_M12, 4416
BH_n4_M8, 76900
BH_n6_M10, 19993
BH_n6_M10, 4251
BH_n4_M8, 10578
BH_n2_M10, 330
BH_n4_M10, 1342
BH_n2_M10, 17954
BH_n2_M10, 9703
BH_n4_M10, 28132
BH_n2_M10, 24842
BH_n6_M10, 12023
BH_n4_M8, 85869
BH_n2_M10, 14203
BH_n2_M10, 19439
BH_n4_M8, 71091
BH_n2_M10, 20713
BH_n4_M12, 11514
BH_n4_M10, 22735
BH_n6_M10, 19431
BH_n2_M10, 11742
BH_n4_M12, 14422
BH_n4_M10, 20931
SPH_9, 6104
SPH_9, 6750
BH_n4_M12, 3271
BH_n2_M10, 22498
BH_n2_M10, 6893
SPH_9, 15208
BH_n4_M10, 25244
BH_n2_M10, 7869
BH_n2_M10, 12009
BH_n4_M10, 11831
SPH_9, 15482
BH_n6_M10, 32614
BH_n4_M10, 22467
BH_n6_M10, 29593
BH_n2_M10, 21482
BH_n6_M10, 13483
BH_n6_M10, 17088
BH_n4_M8, 83808
BH_n4_M12, 3028
BH_n4_M10, 2955
BH_n2_M10, 20811
BH_n2_M10, 25590
BH_n6_M10, 33216
SPH_9, 77474
BH_n6_M10, 9189
BH_n6_M10, 5575
BH_n4_M12, 20551
BH_n4_M10, 18885
SPH_9, 47594
BH_n6_M10, 17610
BH_n4_M12, 718
BH_n6_M10, 2749
BH_n6_M10, 22150
BH_n6_M10, 29028
BH_n2_M10, 707
BH_n4_M10, 14298
BH_n4_M10, 4401
SPH_9, 78961
BH_n6_M10, 33924
BH_n6_M10, 17086
BH_n6_M10, 10077
BH_n4_M10, 4614
BH_n6_M10, 22354
BH_n4_M12, 5576
BH_n4_M8, 25650
BH_n6_M10, 33693
BH_n6_M10, 30976
BH_n4_M10, 17887
BH_n4_M10, 18628
BH_n2_M10, 4914
BH_n4_M10, 25547
SPH_9, 70736
BH_n2_M10, 24846
BH_n4_M8, 75922
BH_n4_M12, 18644
BH_n4_M10, 22141
BH_n4_M10, 28743
BH_n4_M10, 28016
BH_n2_M10, 11808
BH_n4_M8, 63258
BH_n4_M8, 79584
BH_n4_M10, 21447
BH_n4_M8, 73558
BH_n2_M10, 2313
BH_n4_M10, 23957
BH_n6_M10, 12843
BH_n6_M10, 12088
BH_n4_M10, 15039
BH_n2_M10, 2979
BH_n2_M10, 17942
BH_n4_M12, 9772
SPH_9, 14523
BH_n4_M12, 22813
BH_n6_M10, 8580
BH_n4_M10, 15190
BH_n6_M10, 19571
BH_n4_M8, 66878
BH_n4_M8, 22857
BH_n4_M12, 13231
BH_n6_M10, 14412
BH_n2_M10, 15532
BH_n4_M12, 14846
SPH_9, 50510
BH_n4_M10, 4153
BH_n2_M10, 20036
SPH_9, 57394
BH_n4_M10, 4112
BH_n6_M10, 28431
SPH_9, 11369
BH_n4_M12, 6061
BH_n2_M10, 26481
BH_n4_M12, 13381
BH_n4_M12, 13565
BH_n4_M8, 2760
BH_n2_M10, 16077
BH_n6_M10, 9481
BH_n2_M10, 21991
BH_n4_M10, 711
BH_n4_M10, 21189
BH_n4_M10, 19003
BH_n6_M10, 14962
BH_n6_M10, 15550
BH_n2_M10, 16506
BH_n4_M10, 18251
BH_n4_M8, 74745
BH_n6_M10, 4756
BH_n6_M10, 30926
BH_n4_M8, 8508
BH_n2_M10, 271
BH_n4_M8, 22434
BH_n4_M10, 9778
BH_n2_M10, 7797
BH_n4_M10, 13301
BH_n4_M10, 310
BH_n6_M10, 9440
BH_n6_M10, 24228
BH_n4_M10, 24089
BH_n2_M10, 14956
BH_n4_M10, 13059
BH_n4_M10, 23796
BH_n6_M10, 26760
BH_n2_M10, 17168
BH_n4_M10, 7965
BH_n6_M10, 9083
BH_n2_M10, 1661
BH_n6_M10, 7815
BH_n4_M12, 1600
BH_n6_M10, 23253
BH_n4_M10, 18758
BH_n4_M10, 6299
SPH_9, 4480
BH_n4_M8, 84838
BH_n4_M10, 10802
BH_n4_M10, 4510
BH_n4_M10, 9774
BH_n6_M10, 11278
BH_n4_M10, 21664
BH_n6_M10, 21333
BH_n4_M10, 9852
BH_n4_M12, 5060
BH_n6_M10, 27104
SPH_9, 49249
BH_n4_M8, 86103
BH_n6_M10, 32541
BH_n2_M10, 16811
BH_n2_M10, 7357
BH_n2_M10, 2297
BH_n6_M10, 25608
BH_n6_M10, 429
BH_n6_M10, 9578
BH_n4_M12, 20145
BH_n4_M10, 3512
BH_n2_M10, 15823
BH_n2_M10, 2598
BH_n4_M10, 13357
BH_n2_M10, 1694
BH_n4_M12, 10605
BH_n6_M10, 7576
SPH_9, 42718
BH_n6_M10, 14932
BH_n2_M10, 2710
BH_n4_M10, 23456
BH_n4_M10, 1796
BH_n6_M10, 23499
BH_n4_M12, 2663
BH_n4_M10, 19301
BH_n4_M8, 67406
BH_n6_M10, 17419
SPH_9, 19485
BH_n2_M10, 5265
BH_n4_M8, 77342
BH_n2_M10, 3550
BH_n2_M10, 2410
BH_n6_M10, 24523
BH_n4_M12, 8085
BH_n4_M10, 18014
BH_n2_M10, 17242
BH_n4_M8, 28981
BH_n4_M10, 9104
BH_n2_M10, 13298
BH_n4_M8, 32125
BH_n4_M10, 14101
BH_n4_M10, 23230
BH_n4_M12, 4530
BH_n2_M10, 16538
SPH_9, 65931
BH_n6_M10, 7428
BH_n2_M10, 3644
BH_n2_M10, 1327
BH_n4_M12, 6656
BH_n4_M8, 36879
BH_n2_M10, 5711
BH_n4_M10, 13123
BH_n4_M12, 21331
BH_n4_M12, 16824
BH_n4_M8, 84745
BH_n4_M8, 16387
BH_n6_M10, 10513
SPH_9, 44246
SPH_9, 48601
BH_n4_M10, 18297
BH_n4_M12, 2113
BH_n4_M10, 5645
BH_n2_M10, 6147
BH_n6_M10, 31292
BH_n4_M10, 26103
BH_n2_M10, 7555
BH_n4_M10, 15887
BH_n4_M10, 28400
BH_n6_M10, 31569
BH_n6_M10, 11215
BH_n6_M10, 23163
BH_n6_M10, 21361
BH_n2_M10, 23924
BH_n4_M10, 14318
BH_n6_M10, 26868
BH_n4_M10, 17352
BH_n4_M10, 21532
BH_n6_M10, 16398
SPH_9, 5547
BH_n6_M10, 32515
BH_n6_M10, 20047
BH_n6_M10, 12125
BH_n2_M10, 18497
BH_n4_M10, 21090
SPH_9, 35761
BH_n4_M10, 3641
BH_n2_M10, 13135
BH_n6_M10, 17957
BH_n6_M10, 26744
BH_n2_M10, 16284
SPH_9, 5312
BH_n6_M10, 19796
BH_n4_M12, 6545
SPH_9, 79552
BH_n4_M8, 39941
BH_n4_M10, 7030
BH_n2_M10, 8456
BH_n2_M10, 24604
BH_n4_M10, 9219
BH_n4_M10, 30312
BH_n2_M10, 23125
BH_n4_M12, 8837
BH_n4_M12, 2855
BH_n4_M8, 4680
BH_n2_M10, 3038
BH_n2_M10, 3661
BH_n2_M10, 18559
BH_n2_M10, 25707
BH_n4_M12, 18818
SPH_9, 31064
BH_n4_M10, 16729
BH_n2_M10, 8119
BH_n6_M10, 4014
BH_n4_M8, 40324
BH_n4_M10, 17823
SPH_9, 10808
BH_n4_M8, 46340
BH_n6_M10, 32218
BH_n2_M10, 16651
BH_n6_M10, 23931
BH_n6_M10, 13898
BH_n4_M10, 10201
BH_n4_M10, 25140
BH_n4_M8, 35230
BH_n6_M10, 22554
BH_n2_M10, 12961
SPH_9, 60791
BH_n4_M10, 22787
BH_n6_M10, 3174
BH_n6_M10, 23840
BH_n4_M10, 29464
BH_n2_M10, 16860
BH_n2_M10, 21425
BH_n2_M10, 26626
BH_n4_M8, 44642
BH_n4_M8, 16502
BH_n6_M10, 31580
BH_n4_M8, 66312
BH_n4_M8, 53835
BH_n4_M10, 13145
BH_n6_M10, 11562
BH_n4_M12, 15406
BH_n4_M12, 3821
BH_n4_M10, 23242
BH_n4_M10, 21931
BH_n2_M10, 18458
BH_n4_M8, 15067
BH_n4_M10, 24020
BH_n6_M10, 15952
BH_n6_M10, 4074
BH_n2_M10, 19804
BH_n4_M12, 3731
BH_n6_M10, 7637
BH_n4_M10, 5187
SPH_9, 21954
BH_n4_M10, 8186
BH_n2_M10, 12079
BH_n2_M10, 9826
BH_n4_M8, 50281
BH_n2_M10, 10245
BH_n4_M10, 23044
BH_n4_M10, 21634
BH_n4_M10, 9180
SPH_9, 79349
BH_n6_M10, 13821
BH_n4_M10, 30045
BH_n2_M10, 3159
BH_n4_M8, 67770
BH_n4_M8, 62683
BH_n4_M8, 67223
BH_n4_M10, 1712
SPH_9, 1932
BH_n4_M10, 8269
BH_n6_M10, 16447
BH_n4_M12, 4145
BH_n6_M10, 2635
BH_n4_M8, 21570
BH_n4_M8, 1384
BH_n2_M10, 13072
BH_n4_M10, 16218
BH_n6_M10, 23640
BH_n4_M10, 20016
BH_n4_M12, 15993
BH_n6_M10, 1600
BH_n6_M10, 30420
BH_n4_M10, 14072
BH_n6_M10, 19415
BH_n6_M10, 15597
BH_n2_M10, 15381
BH_n6_M10, 24222
BH_n2_M10, 17461
BH_n2_M10, 2024
BH_n4_M10, 29921
BH_n6_M10, 2893
BH_n6_M10, 13436
BH_n4_M8, 73748
BH_n2_M10, 16014
BH_n4_M8, 56269
BH_n2_M10, 24695
BH_n6_M10, 20122
BH_n4_M10, 17135
BH_n2_M10, 1662
BH_n6_M10, 19095
BH_n4_M12, 11415
BH_n4_M8, 18803
BH_n6_M10, 6620
SPH_9, 27986
BH_n2_M10, 20527
BH_n4_M10, 26153
BH_n2_M10, 12868
BH_n4_M12, 11134
BH_n4_M8, 1637
BH_n6_M10, 1717
BH_n6_M10, 16493
BH_n4_M12, 18159
BH_n4_M10, 28435
BH_n2_M10, 26531
BH_n2_M10, 20633
BH_n4_M10, 17218
BH_n2_M10, 10577
BH_n4_M8, 68869
BH_n6_M10, 33871
BH_n4_M10, 23249
BH_n4_M12, 15633
BH_n4_M8, 64288
BH_n6_M10, 32853
SPH_9, 35485
BH_n4_M10, 14711
BH_n6_M10, 32262
BH_n4_M10, 6581
BH_n4_M8, 18869
BH_n4_M8, 55787
BH_n4_M8, 61755
BH_n4_M10, 4634
BH_n6_M10, 13153
BH_n4_M10, 7764
BH_n4_M8, 14210
BH_n6_M10, 17503
BH_n2_M10, 24348
BH_n2_M10, 16692
BH_n4_M10, 20162
BH_n4_M10, 23010
BH_n4_M8, 259
BH_n6_M10, 10317
BH_n4_M10, 10968
BH_n4_M8, 74441
BH_n2_M10, 19430
BH_n4_M12, 10077
SPH_9, 17596
BH_n2_M10, 18357
BH_n6_M10, 34047
BH_n4_M12, 20507
BH_n4_M12, 6407
BH_n6_M10, 12216
BH_n6_M10, 5479
BH_n4_M8, 76210
BH_n2_M10, 24585
SPH_9, 55593
BH_n6_M10, 624
BH_n4_M8, 60081
BH_n6_M10, 26165
BH_n6_M10, 16481
BH_n2_M10, 1335
BH_n6_M10, 13069
BH_n6_M10, 16210
BH_n4_M10, 15473
BH_n6_M10, 750
BH_n2_M10, 3642
BH_n4_M8, 54184
BH_n4_M10, 14138
BH_n2_M10, 25371
BH_n4_M12, 4386
BH_n4_M10, 8734
BH_n6_M10, 28263
BH_n4_M10, 27294
BH_n6_M10, 22084
BH_n2_M10, 7055
BH_n2_M10, 10627
BH_n4_M10, 1434
BH_n2_M10, 11992
BH_n4_M12, 5829
BH_n6_M10, 25015
BH_n4_M8, 6376
BH_n2_M10, 10695
BH_n4_M10, 11180
BH_n6_M10, 10630
BH_n6_M10, 9966
SPH_9, 11519
BH_n2_M10, 155
BH_n2_M10, 18736
BH_n4_M8, 55308
BH_n2_M10, 17124
BH_n6_M10, 21191
BH_n4_M10, 12134
SPH_9, 63018
BH_n4_M8, 22869
BH_n2_M10, 11525
BH_n4_M8, 48579
BH_n2_M10, 9784
BH_n4_M10, 19219
BH_n2_M10, 15025
BH_n4_M10, 14980
BH_n4_M10, 1311
BH_n4_M10, 23507
BH_n4_M10, 30458
BH_n4_M10, 19662
BH_n4_M12, 18395
BH_n6_M10, 22368
BH_n4_M10, 24332
BH_n4_M10, 16308
BH_n2_M10, 14103
BH_n6_M10, 17023
BH_n4_M10, 10230
BH_n4_M10, 6487
BH_n2_M10, 13716
BH_n2_M10, 15709
BH_n6_M10, 26118
BH_n2_M10, 2159
BH_n4_M12, 11202
BH_n2_M10, 25264
BH_n6_M10, 448
BH_n4_M8, 22366
BH_n4_M8, 9167
BH_n6_M10, 3183
BH_n4_M10, 20433
BH_n6_M10, 3570
BH_n2_M10, 23649
BH_n4_M10, 21360
BH_n6_M10, 5874
BH_n4_M10, 1357
BH_n4_M10, 5282
BH_n2_M10, 17669
BH_n4_M10, 22399
BH_n6_M10, 24235
BH_n4_M12, 12495
BH_n6_M10, 4047
SPH_9, 51823
BH_n2_M10, 25239
BH_n4_M12, 13661
BH_n4_M8, 38701
BH_n4_M10, 6736
BH_n6_M10, 3339
BH_n6_M10, 8733
BH_n4_M8, 23939
BH_n4_M10, 8271
BH_n4_M10, 23273
BH_n4_M10, 18828
BH_n6_M10, 9722
BH_n4_M12, 3966
BH_n4_M10, 18538
BH_n4_M8, 58727
BH_n2_M10, 1693
BH_n4_M12, 5479
BH_n2_M10, 17428
BH_n2_M10, 21655
BH_n4_M8, 70630
BH_n2_M10, 17318
BH_n2_M10, 24126
BH_n4_M10, 3634
BH_n2_M10, 24180
BH_n6_M10, 17442
BH_n6_M10, 6853
BH_n4_M8, 50339
BH_n4_M12, 16261
BH_n6_M10, 16146
BH_n4_M12, 3459
BH_n6_M10, 24570
BH_n4_M10, 11756
BH_n2_M10, 8715
SPH_9, 57500
SPH_9, 40590
BH_n4_M10, 13926
BH_n6_M10, 15934
BH_n4_M10, 3223
BH_n2_M10, 1356
BH_n4_M12, 10353
BH_n2_M10, 10160
BH_n4_M8, 59723
BH_n4_M10, 8623
BH_n4_M10, 15520
BH_n4_M10, 24895
BH_n4_M12, 10652
BH_n4_M10, 6997
BH_n6_M10, 25209
BH_n4_M10, 26364
BH_n4_M8, 54952
BH_n4_M8, 18768
BH_n4_M10, 2863
BH_n2_M10, 26165
BH_n4_M12, 19823
BH_n2_M10, 18178
BH_n6_M10, 27218
BH_n6_M10, 18049
BH_n4_M10, 24547
BH_n2_M10, 20066
BH_n2_M10, 17255
BH_n4_M10, 10640
BH_n4_M12, 14245
BH_n4_M8, 65338
BH_n4_M12, 8825
SPH_9, 71965
BH_n4_M8, 33018
BH_n4_M8, 9469
BH_n4_M10, 19115
BH_n2_M10, 4890
BH_n2_M10, 10182
BH_n6_M10, 8036
BH_n2_M10, 20462
BH_n4_M12, 15071
SPH_9, 56132
BH_n4_M12, 17271
BH_n2_M10, 23763
BH_n4_M12, 12063
BH_n4_M10, 29506
BH_n2_M10, 220
BH_n6_M10, 2952
SPH_9, 32288
BH_n6_M10, 32367
BH_n6_M10, 16612
BH_n6_M10, 21589
BH_n4_M12, 14343
BH_n4_M12, 23058
BH_n4_M10, 29610
BH_n2_M10, 19931
BH_n4_M12, 12848
BH_n4_M12, 15207
BH_n2_M10, 20607
BH_n4_M8, 36348
BH_n4_M12, 8472
BH_n6_M10, 15236
BH_n2_M10, 2969
BH_n6_M10, 11580
BH_n4_M10, 12379
BH_n4_M8, 71374
BH_n2_M10, 3271
BH_n2_M10, 12467
BH_n4_M10, 22036
SPH_9, 37839
BH_n6_M10, 20724
BH_n2_M10, 19781
BH_n2_M10, 11501
BH_n6_M10, 28558
BH_n6_M10, 20056
BH_n6_M10, 252
BH_n2_M10, 15567
BH_n4_M10, 6443
BH_n2_M10, 17166
BH_n6_M10, 26336
BH_n4_M8, 12007
BH_n6_M10, 22228
BH_n2_M10, 26189
BH_n4_M8, 3940
BH_n4_M10, 26438
BH_n4_M12, 12971
BH_n2_M10, 15312
SPH_9, 4080
SPH_9, 65637
SPH_9, 4708
BH_n4_M10, 9333
BH_n4_M12, 5595
BH_n4_M10, 6373
BH_n4_M10, 19335
BH_n4_M10, 18517
BH_n2_M10, 10469
BH_n4_M10, 13179
BH_n4_M12, 20218
BH_n6_M10, 18016
BH_n2_M10, 10484
BH_n6_M10, 15599
BH_n4_M10, 7858
BH_n6_M10, 18851
BH_n4_M12, 1673
BH_n6_M10, 29609
BH_n4_M8, 52356
BH_n4_M10, 7303
BH_n4_M10, 12251
BH_n4_M10, 11923
BH_n4_M10, 413
BH_n4_M10, 15516
BH_n4_M10, 24482
BH_n4_M8, 19135
BH_n4_M8, 71884
BH_n4_M10, 21806
BH_n4_M8, 40184
BH_n6_M10, 24134
BH_n6_M10, 11203
BH_n2_M10, 14331
BH_n6_M10, 4613
BH_n4_M10, 27234
BH_n4_M8, 6259
BH_n4_M10, 13856
BH_n2_M10, 261
BH_n4_M10, 12453
BH_n6_M10, 21364
BH_n2_M10, 5401
BH_n2_M10, 10395
BH_n4_M10, 23833
BH_n4_M10, 6029
BH_n4_M10, 27241
BH_n6_M10, 13850
SPH_9, 28817
BH_n4_M10, 8305
BH_n4_M8, 79125
BH_n4_M12, 15708
BH_n2_M10, 26496
BH_n2_M10, 11781
BH_n4_M10, 17724
BH_n4_M8, 53233
BH_n4_M10, 11496
BH_n4_M10, 521
BH_n4_M8, 83785
BH_n4_M10, 13061
BH_n4_M10, 4766
SPH_9, 43103
BH_n4_M10, 16145
BH_n6_M10, 28878
BH_n4_M12, 14866
BH_n6_M10, 11220
BH_n2_M10, 11349
BH_n4_M10, 2719
BH_n4_M10, 6518
BH_n6_M10, 4112
BH_n4_M8, 44831
BH_n4_M10, 12737
BH_n4_M10, 6089
BH_n2_M10, 13217
BH_n2_M10, 15488
BH_n4_M12, 2990
BH_n6_M10, 21264
BH_n4_M10, 26763
BH_n2_M10, 5774
BH_n4_M12, 1695
BH_n2_M10, 7168
BH_n4_M10, 14248
BH_n2_M10, 11195
BH_n4_M8, 67044
BH_n2_M10, 22333
BH_n2_M10, 19132
BH_n6_M10, 14384
BH_n4_M10, 14657
SPH_9, 29946
BH_n6_M10, 28820
BH_n2_M10, 742
BH_n2_M10, 13910
BH_n4_M10, 22360
BH_n6_M10, 33220
BH_n4_M10, 8014
BH_n4_M10, 24918
BH_n4_M10, 17572
BH_n2_M10, 11926
BH_n4_M10, 15077
BH_n2_M10, 18874
BH_n4_M10, 12364
BH_n6_M10, 7336
BH_n6_M10, 14307
BH_n6_M10, 21949
BH_n2_M10, 14486
SPH_9, 73459
SPH_9, 34025
BH_n4_M10, 26105
BH_n2_M10, 9904
BH_n6_M10, 3034
BH_n4_M8, 70117
BH_n6_M10, 26026
BH_n6_M10, 12028
BH_n6_M10, 6509
BH_n6_M10, 6087
BH_n2_M10, 25075
BH_n4_M12, 9197
BH_n2_M10, 9348
BH_n2_M10, 11405
BH_n6_M10, 29601
BH_n4_M12, 3520
BH_n4_M10, 3027
BH_n4_M10, 10842
BH_n2_M10, 16641
BH_n6_M10, 7746
BH_n4_M10, 29863
BH_n2_M10, 10183
BH_n4_M10, 14805
BH_n6_M10, 15440
BH_n4_M12, 11225
BH_n6_M10, 33423
BH_n6_M10, 14499
SPH_9, 65441
BH_n6_M10, 23928
BH_n4_M10, 24252
BH_n6_M10, 26595
BH_n4_M10, 16833
BH_n2_M10, 15174
BH_n6_M10, 33427
BH_n4_M12, 4823
BH_n4_M10, 12164
BH_n2_M10, 13429
BH_n4_M8, 29932
BH_n4_M8, 57961
BH_n4_M10, 24028
BH_n4_M10, 16266
SPH_9, 57091
BH_n4_M10, 29895
BH_n4_M8, 63579
BH_n2_M10, 20695
BH_n2_M10, 18805
BH_n6_M10, 26940
BH_n2_M10, 9299
BH_n6_M10, 26466
BH_n2_M10, 12752
BH_n4_M12, 11795
BH_n4_M12, 1312
BH_n2_M10, 13474
BH_n6_M10, 18332
BH_n2_M10, 18307
BH_n4_M10, 5065
BH_n4_M10, 2142
BH_n2_M10, 17549
BH_n6_M10, 23710
BH_n4_M10, 21663
BH_n4_M10, 23226
BH_n2_M10, 8865
BH_n2_M10, 7111
SPH_9, 3837
BH_n4_M10, 30625
BH_n4_M8, 17546
BH_n2_M10, 26340
BH_n6_M10, 22274
BH_n4_M10, 7429
BH_n4_M10, 3637
BH_n2_M10, 17801
BH_n2_M10, 3688
BH_n4_M12, 19533
BH_n4_M10, 14346
BH_n2_M10, 5333
BH_n2_M10, 10974
BH_n2_M10, 23301
BH_n4_M10, 25370
BH_n2_M10, 2406
BH_n4_M8, 6271
BH_n2_M10, 5506
BH_n4_M10, 9813
BH_n4_M8, 30726
BH_n4_M10, 23618
BH_n4_M10, 23887
BH_n4_M10, 9978
BH_n4_M8, 30788
BH_n2_M10, 12301
BH_n6_M10, 9073
BH_n2_M10, 14690
SPH_9, 33404
BH_n6_M10, 959
BH_n4_M12, 7460
BH_n2_M10, 11941
BH_n2_M10, 20725
BH_n4_M10, 26803
BH_n2_M10, 7143
BH_n4_M10, 23339
BH_n2_M10, 10534
BH_n4_M10, 14673
BH_n2_M10, 14790
BH_n4_M10, 25313
BH_n4_M10, 11837
BH_n4_M10, 1371
BH_n2_M10, 7163
BH_n6_M10, 22648
BH_n4_M12, 8741
BH_n4_M12, 836
BH_n6_M10, 1721
BH_n6_M10, 5407
BH_n4_M12, 22112
BH_n6_M10, 7342
BH_n4_M8, 7295
BH_n4_M10, 692
BH_n6_M10, 19270
BH_n2_M10, 9962
BH_n2_M10, 9929
BH_n2_M10, 7292
BH_n6_M10, 8229
BH_n4_M12, 3331
BH_n6_M10, 4599
BH_n4_M10, 17583
BH_n4_M8, 85387
BH_n4_M8, 49020
BH_n4_M10, 9733
BH_n6_M10, 2266
BH_n4_M8, 47539
BH_n4_M8, 4562
BH_n2_M10, 23819
BH_n2_M10, 23353
BH_n2_M10, 45
BH_n4_M10, 18920
BH_n6_M10, 25237
BH_n4_M8, 66593
BH_n6_M10, 942
BH_n4_M10, 8781
BH_n6_M10, 195
BH_n4_M10, 12714
BH_n4_M10, 14685
BH_n6_M10, 16285
BH_n2_M10, 7691
BH_n4_M12, 3571
BH_n2_M10, 5852
BH_n4_M10, 9959
BH_n2_M10, 25196
BH_n4_M10, 19703
BH_n4_M8, 46070
BH_n4_M10, 17674
BH_n6_M10, 25559
BH_n2_M10, 19730
SPH_9, 80958
BH_n4_M8, 39290
BH_n4_M12, 19410
BH_n4_M10, 8183
BH_n6_M10, 31293
BH_n6_M10, 7089
BH_n2_M10, 22910
BH_n2_M10, 3044
BH_n4_M10, 9240
BH_n6_M10, 22741
BH_n4_M8, 70240
BH_n2_M10, 2746
BH_n4_M12, 5245
BH_n4_M8, 52416
BH_n2_M10, 18732
BH_n6_M10, 5091
BH_n4_M10, 25260
BH_n6_M10, 28004
BH_n4_M10, 9249
BH_n4_M12, 18963
BH_n4_M8, 86404
BH_n2_M10, 18614
BH_n4_M10, 21601
SPH_9, 23541
BH_n6_M10, 13505
BH_n2_M10, 16512
BH_n4_M12, 17059
BH_n2_M10, 18883
BH_n4_M10, 26142
BH_n6_M10, 21616
BH_n2_M10, 25232
BH_n6_M10, 26360
BH_n4_M10, 19128
BH_n4_M8, 56170
BH_n6_M10, 6817
BH_n4_M10, 26863
BH_n6_M10, 26309
SPH_9, 23362
BH_n2_M10, 21291
BH_n4_M10, 16771
BH_n2_M10, 20377
BH_n6_M10, 1611
BH_n4_M12, 14157
BH_n6_M10, 17321
BH_n6_M10, 14988
BH_n2_M10, 10126
BH_n4_M12, 20273
BH_n4_M10, 10007
BH_n4_M10, 25643
BH_n4_M12, 2196
BH_n6_M10, 24829
BH_n2_M10, 14353
BH_n4_M10, 29402
BH_n2_M10, 5645
BH_n6_M10, 4386
BH_n2_M10, 13846
BH_n4_M10, 16662
BH_n4_M10, 22843
BH_n4_M8, 58248
BH_n6_M10, 4623
SPH_9, 27390
BH_n4_M12, 12121
BH_n6_M10, 29014
BH_n4_M12, 18831
BH_n6_M10, 8091
BH_n4_M10, 18440
BH_n4_M10, 5318
BH_n4_M12, 12507
BH_n4_M10, 7280
BH_n2_M10, 4927
BH_n4_M8, 61334
BH_n4_M8, 49369
BH_n2_M10, 6275
BH_n4_M10, 4551
BH_n4_M8, 57017
BH_n2_M10, 25599
BH_n4_M12, 10785
BH_n2_M10, 23093
BH_n2_M10, 14420
BH_n2_M10, 10436
BH_n2_M10, 6495
BH_n4_M12, 9510
BH_n4_M10, 4956
BH_n4_M10, 18672
BH_n2_M10, 8833
BH_n6_M10, 25313
BH_n4_M10, 28937
BH_n6_M10, 1908
BH_n4_M10, 22867
BH_n2_M10, 15000
BH_n4_M8, 71235
BH_n4_M10, 15461
BH_n4_M12, 20841
BH_n4_M10, 12956
BH_n2_M10, 4265
BH_n4_M10, 9526
BH_n6_M10, 7098
BH_n4_M12, 19323
BH_n6_M10, 3231
BH_n6_M10, 8919
SPH_9, 48482
BH_n4_M8, 20301
SPH_9, 31054
BH_n6_M10, 30458
BH_n6_M10, 17685
BH_n4_M10, 19929
BH_n2_M10, 17888
BH_n2_M10, 22838
BH_n4_M10, 17521
SPH_9, 21265
BH_n4_M10, 585
BH_n4_M10, 19021
BH_n4_M10, 14153
BH_n6_M10, 24850
BH_n4_M8, 54112
BH_n4_M10, 24335
BH_n6_M10, 8780
BH_n4_M10, 27588
BH_n6_M10, 20645
BH_n6_M10, 24557
BH_n4_M10, 18957
BH_n2_M10, 781
BH_n6_M10, 23135
BH_n4_M12, 11987
BH_n6_M10, 13831
BH_n4_M10, 14159
BH_n4_M10, 7638
BH_n6_M10, 33245
BH_n4_M10, 10350
BH_n6_M10, 22927
BH_n4_M10, 16791
BH_n6_M10, 27888
BH_n2_M10, 1586
BH_n2_M10, 14166
BH_n4_M10, 20996
BH_n4_M12, 11207
BH_n2_M10, 18322
BH_n4_M12, 17081
BH_n6_M10, 6143
BH_n4_M10, 21927
BH_n6_M10, 10460
SPH_9, 12855
BH_n6_M10, 22347
BH_n2_M10, 2781
BH_n6_M10, 8270
BH_n4_M10, 9020
BH_n6_M10, 31804
BH_n4_M12, 20120
BH_n2_M10, 16291
BH_n4_M12, 5584
BH_n6_M10, 27206
BH_n6_M10, 26443
BH_n6_M10, 23716
BH_n4_M8, 75200
BH_n2_M10, 25982
BH_n4_M8, 34395
BH_n4_M10, 30132
BH_n4_M12, 22243
BH_n6_M10, 27425
BH_n2_M10, 22180
BH_n4_M12, 6133
BH_n6_M10, 8578
BH_n2_M10, 26107
BH_n4_M10, 20105
BH_n4_M12, 9834
BH_n2_M10, 24107
BH_n4_M12, 17294
BH_n4_M12, 12413
BH_n4_M8, 21914
BH_n2_M10, 12149
BH_n4_M8, 26675
BH_n4_M12, 3608
BH_n2_M10, 16266
BH_n2_M10, 11583
BH_n2_M10, 11484
BH_n6_M10, 2127
BH_n6_M10, 14706
BH_n4_M8, 38246
BH_n4_M10, 29716
BH_n2_M10, 19051
BH_n4_M8, 82616
SPH_9, 5421
BH_n6_M10, 15805
SPH_9, 46770
BH_n2_M10, 4461
BH_n4_M10, 6823
BH_n6_M10, 20254
BH_n4_M12, 13943
BH_n6_M10, 9669
BH_n6_M10, 34004
BH_n4_M8, 11465
BH_n2_M10, 15584
BH_n4_M10, 6895
BH_n4_M8, 76313
BH_n4_M8, 31022
BH_n4_M10, 10648
BH_n2_M10, 23965
BH_n6_M10, 7943
BH_n4_M8, 84187
BH_n2_M10, 12018
BH_n4_M12, 18467
BH_n6_M10, 32402
BH_n4_M12, 12000
BH_n4_M12, 20734
BH_n2_M10, 4392
SPH_9, 39243
BH_n4_M12, 19471
BH_n6_M10, 193
BH_n6_M10, 29774
BH_n6_M10, 3453
BH_n6_M10, 27518
BH_n4_M12, 8667
BH_n4_M12, 15692
BH_n4_M10, 1990
BH_n4_M12, 15152
BH_n4_M10, 25892
BH_n6_M10, 3465
BH_n6_M10, 15209
BH_n6_M10, 763
BH_n4_M10, 18916
BH_n4_M10, 8989
BH_n4_M10, 25438
BH_n6_M10, 28802
BH_n6_M10, 29461
BH_n6_M10, 30440
BH_n6_M10, 5641
BH_n4_M12, 22150
BH_n4_M10, 28915
SPH_9, 17183
BH_n6_M10, 25500
BH_n4_M10, 27407
BH_n4_M10, 4122
BH_n4_M10, 24634
BH_n4_M8, 78297
BH_n4_M12, 1505
BH_n6_M10, 10174
BH_n4_M10, 27803
BH_n4_M10, 3721
BH_n6_M10, 28666
BH_n4_M10, 5443
BH_n2_M10, 3326
BH_n2_M10, 2398
BH_n6_M10, 22332
BH_n2_M10, 22395
BH_n4_M8, 41041
BH_n2_M10, 18209
BH_n4_M10, 11077
BH_n4_M10, 370
BH_n4_M12, 10245
BH_n2_M10, 7855
BH_n2_M10, 16869
BH_n4_M10, 3453
BH_n2_M10, 9093
BH_n2_M10, 26950
BH_n2_M10, 11826
BH_n4_M8, 70001
BH_n2_M10, 3300
BH_n2_M10, 22925
BH_n4_M10, 23788
BH_n2_M10, 22303
BH_n4_M8, 47782
BH_n4_M8, 40961
BH_n4_M8, 36960
BH_n4_M10, 8075
BH_n2_M10, 6379
BH_n4_M10, 24342
BH_n4_M10, 21077
SPH_9, 10172
BH_n2_M10, 26880
BH_n6_M10, 16059
BH_n6_M10, 3131
BH_n6_M10, 17850
BH_n4_M10, 25116
BH_n2_M10, 22107
BH_n2_M10, 6251
SPH_9, 71830
SPH_9, 4472
BH_n4_M8, 61944
BH_n4_M8, 77755
BH_n4_M10, 9424
BH_n4_M12, 18185
SPH_9, 55517
SPH_9, 26030
BH_n4_M12, 6896
BH_n2_M10, 19211
BH_n6_M10, 24053
BH_n4_M10, 15777
BH_n2_M10, 8302
BH_n2_M10, 20861
BH_n6_M10, 18549
BH_n2_M10, 19902
BH_n4_M8, 63917
BH_n2_M10, 20436
BH_n4_M10, 21979
BH_n4_M10, 11012
BH_n4_M10, 7853
BH_n6_M10, 18736
BH_n2_M10, 1011
BH_n4_M10, 11966
BH_n4_M12, 22883
BH_n4_M12, 17009
BH_n4_M10, 26277
BH_n2_M10, 5594
BH_n2_M10, 23717
BH_n6_M10, 1825
BH_n4_M10, 5440
BH_n4_M10, 26197
BH_n4_M12, 22207
BH_n2_M10, 14789
BH_n2_M10, 18588
BH_n2_M10, 3120
BH_n4_M8, 1382
BH_n4_M10, 26209
BH_n2_M10, 23371
BH_n6_M10, 9099
BH_n2_M10, 25368
BH_n4_M8, 38627
BH_n2_M10, 24510
BH_n4_M10, 23653
BH_n4_M8, 27828
BH_n4_M8, 23377
BH_n2_M10, 24213
BH_n4_M10, 13550
BH_n2_M10, 747
BH_n4_M12, 15791
BH_n2_M10, 12237
BH_n6_M10, 19454
BH_n4_M10, 28036
BH_n2_M10, 26673
BH_n6_M10, 13545
BH_n4_M10, 1228
BH_n6_M10, 5177
BH_n2_M10, 22653
BH_n4_M10, 27100
BH_n2_M10, 16418
BH_n6_M10, 10795
BH_n2_M10, 26069
BH_n6_M10, 4234
BH_n2_M10, 26851
BH_n2_M10, 3886
BH_n4_M12, 15
BH_n4_M10, 19162
BH_n4_M10, 1967
BH_n4_M8, 56857
BH_n4_M10, 13364
BH_n4_M8, 42975
BH_n4_M12, 13582
BH_n2_M10, 2873
BH_n4_M8, 53476
BH_n6_M10, 2101
BH_n2_M10, 19577
BH_n2_M10, 23796
BH_n4_M10, 16907
BH_n4_M10, 9834
BH_n4_M10, 6858
BH_n2_M10, 4422
BH_n4_M10, 26130
BH_n4_M10, 12546
BH_n4_M10, 5671
BH_n4_M10, 7802
BH_n4_M8, 35595
SPH_9, 64306
BH_n4_M10, 17842
BH_n6_M10, 14199
BH_n6_M10, 11352
BH_n4_M10, 25940
BH_n6_M10, 16382
BH_n2_M10, 24567
BH_n4_M12, 19237
BH_n6_M10, 24859
BH_n4_M10, 12894
BH_n4_M8, 18572
BH_n4_M10, 17681
BH_n6_M10, 1862
BH_n4_M10, 14201
BH_n4_M8, 26032
BH_n6_M10, 21871
BH_n2_M10, 24080
BH_n6_M10, 13360
BH_n4_M10, 13570
BH_n6_M10, 22924
BH_n6_M10, 23154
BH_n4_M12, 8503
BH_n4_M10, 21086
BH_n2_M10, 16749
BH_n4_M8, 22731
BH_n4_M8, 51234
BH_n2_M10, 7176
BH_n4_M10, 14587
BH_n4_M10, 4009
BH_n2_M10, 5517
BH_n2_M10, 9276
BH_n4_M8, 34392
BH_n6_M10, 19333
BH_n4_M12, 796
BH_n2_M10, 17529
BH_n4_M12, 17505
BH_n6_M10, 22578
BH_n2_M10, 20399
BH_n4_M10, 21431
BH_n4_M10, 7812
BH_n2_M10, 9425
BH_n2_M10, 4115
BH_n4_M12, 19414
BH_n4_M12, 2833
BH_n6_M10, 19385
BH_n6_M10, 2673
BH_n4_M10, 446
BH_n2_M10, 2841
SPH_9, 61218
BH_n4_M12, 9470
BH_n6_M10, 23014
BH_n4_M8, 55235
BH_n4_M10, 1270
BH_n4_M10, 29080
BH_n4_M10, 18795
BH_n4_M10, 10086
BH_n4_M12, 17277
BH_n2_M10, 24955
BH_n4_M8, 16114
BH_n4_M10, 17718
BH_n4_M8, 60230
BH_n6_M10, 21353
BH_n4_M8, 77969
BH_n4_M10, 11219
BH_n4_M8, 37656
BH_n6_M10, 7756
BH_n2_M10, 6945
BH_n6_M10, 4375
BH_n4_M10, 10281
BH_n2_M10, 1524
BH_n4_M10, 29154
BH_n4_M10, 11076
BH_n6_M10, 5355
BH_n2_M10, 4480
BH_n2_M10, 14674
BH_n6_M10, 8450
BH_n4_M10, 4249
BH_n6_M10, 7457
BH_n2_M10, 25876
BH_n6_M10, 33685
BH_n6_M10, 464
BH_n2_M10, 6555
BH_n6_M10, 32012
BH_n4_M10, 16434
BH_n4_M10, 21699
BH_n4_M8, 72806
BH_n4_M10, 7735
BH_n6_M10, 9615
BH_n4_M10, 5519
BH_n2_M10, 22902
BH_n6_M10, 6005
BH_n2_M10, 7892
BH_n4_M12, 21758
BH_n6_M10, 11050
BH_n2_M10, 7288
BH_n4_M10, 25247
BH_n2_M10, 26168
BH_n2_M10, 10984
BH_n4_M8, 62726
BH_n2_M10, 19857
BH_n2_M10, 2487
BH_n4_M10, 11710
BH_n2_M10, 2950
BH_n4_M8, 81207
BH_n4_M8, 59585
BH_n4_M8, 19220
BH_n4_M10, 14634
SPH_9, 26569
SPH_9, 58669
BH_n4_M8, 9327
BH_n6_M10, 22636
BH_n4_M10, 10198
SPH_9, 69797
BH_n2_M10, 11602
BH_n4_M12, 3151
BH_n4_M10, 24568
SPH_9, 39474
BH_n4_M8, 82181
BH_n4_M8, 78420
BH_n4_M12, 3149
BH_n2_M10, 25461
BH_n2_M10, 21759
BH_n4_M10, 6052
BH_n2_M10, 6009
BH_n2_M10, 3106
BH_n2_M10, 7201
BH_n4_M10, 21137
BH_n2_M10, 17270
BH_n4_M10, 18605
BH_n2_M10, 11121
BH_n4_M10, 12156
SPH_9, 66390
BH_n6_M10, 12406
BH_n4_M10, 9896
BH_n6_M10, 11689
BH_n4_M8, 10333
SPH_9, 11278
BH_n6_M10, 33890
BH_n6_M10, 5180
BH_n6_M10, 6931
BH_n4_M10, 23472
BH_n6_M10, 4545
BH_n6_M10, 16027
BH_n4_M10, 6835
BH_n4_M10, 3496
BH_n6_M10, 27528
BH_n6_M10, 23227
BH_n4_M8, 56582
BH_n4_M10, 2359
BH_n4_M8, 54186
BH_n4_M8, 238
BH_n2_M10, 23721
BH_n2_M10, 18103
BH_n4_M10, 24446
BH_n2_M10, 25270
BH_n4_M10, 16974
BH_n6_M10, 12139
BH_n6_M10, 24824
BH_n2_M10, 25672
BH_n4_M8, 68242
BH_n6_M10, 23674
BH_n4_M10, 2575
BH_n2_M10, 4846
BH_n6_M10, 31615
BH_n4_M10, 3406
BH_n4_M10, 8191
BH_n2_M10, 14442
BH_n6_M10, 17746
BH_n2_M10, 2903
BH_n2_M10, 22224
BH_n2_M10, 25883
BH_n4_M10, 10723
BH_n2_M10, 6951
BH_n6_M10, 26615
BH_n4_M12, 9481
BH_n6_M10, 30749
BH_n4_M8, 36700
BH_n2_M10, 6028
BH_n2_M10, 8700
BH_n4_M8, 29777
BH_n2_M10, 17320
BH_n6_M10, 23480
BH_n2_M10, 7756
BH_n4_M8, 10553
BH_n2_M10, 10104
BH_n4_M12, 14472
BH_n2_M10, 21521
BH_n6_M10, 4254
BH_n4_M8, 72045
BH_n6_M10, 3274
BH_n2_M10, 26065
BH_n6_M10, 23843
BH_n6_M10, 4727
BH_n4_M10, 6849
BH_n4_M10, 17758
BH_n2_M10, 26824
BH_n4_M8, 12558
BH_n6_M10, 26714
BH_n2_M10, 8429
BH_n6_M10, 26719
BH_n2_M10, 16544
BH_n6_M10, 26095
BH_n6_M10, 34357
BH_n4_M10, 15559
BH_n6_M10, 6419
BH_n2_M10, 24410
BH_n4_M8, 70999
BH_n2_M10, 2486
BH_n4_M8, 68403
BH_n4_M8, 72640
BH_n6_M10, 14991
BH_n4_M10, 29435
BH_n6_M10, 11935
BH_n6_M10, 20110
BH_n4_M12, 1595
SPH_9, 52780
BH_n2_M10, 24327
BH_n6_M10, 28866
BH_n6_M10, 27017
BH_n2_M10, 12845
BH_n4_M12, 14028
BH_n4_M10, 20405
BH_n6_M10, 4319
BH_n6_M10, 32628
BH_n2_M10, 22999
BH_n4_M8, 76031
BH_n6_M10, 12275
BH_n4_M10, 11437
BH_n2_M10, 7569
BH_n2_M10, 5660
BH_n4_M10, 8182
BH_n2_M10, 19788
BH_n6_M10, 22685
BH_n4_M10, 20771
BH_n4_M8, 77595
BH_n2_M10, 11429
BH_n4_M10, 12063
BH_n6_M10, 16784
BH_n4_M10, 6481
BH_n4_M12, 16106
BH_n4_M10, 2960
BH_n6_M10, 15914
BH_n4_M8, 71418
SPH_9, 4048
BH_n6_M10, 28808
BH_n4_M10, 26450
BH_n4_M10, 18552
BH_n6_M10, 9876
BH_n6_M10, 33681
BH_n4_M12, 19685
BH_n2_M10, 1470
BH_n2_M10, 9079
BH_n4_M8, 11052
BH_n6_M10, 3238
BH_n6_M10, 13822
BH_n4_M10, 4254
BH_n2_M10, 6854
BH_n4_M8, 60377
BH_n6_M10, 11441
BH_n4_M10, 30732
BH_n6_M10, 8939
BH_n2_M10, 13513
BH_n6_M10, 9194
BH_n4_M12, 4411
BH_n4_M12, 1405
BH_n6_M10, 21339
SPH_9, 7380
BH_n4_M8, 64014
BH_n4_M10, 11307
BH_n6_M10, 3158
BH_n6_M10, 22485
BH_n6_M10, 4418
BH_n4_M8, 8809
BH_n4_M8, 65284
BH_n4_M12, 1905
BH_n4_M8, 47662
BH_n6_M10, 8546
BH_n2_M10, 4585
BH_n4_M12, 6660
BH_n2_M10, 2047
BH_n4_M10, 19291
BH_n4_M10, 3366
BH_n4_M8, 28997
BH_n6_M10, 13877
BH_n4_M8, 86261
BH_n4_M10, 22745
BH_n2_M10, 20513
BH_n4_M8, 71065
BH_n4_M10, 18575
BH_n4_M10, 6435
BH_n2_M10, 10713
BH_n2_M10, 9793
BH_n4_M10, 26269
BH_n6_M10, 22160
BH_n6_M10, 1278
BH_n2_M10, 8332
BH_n4_M10, 21121
BH_n6_M10, 4311
BH_n2_M10, 23582
BH_n4_M10, 13069
BH_n2_M10, 14408
BH_n4_M10, 18310
BH_n6_M10, 7168
BH_n6_M10, 296
BH_n4_M10, 22625
BH_n4_M12, 17839
BH_n6_M10, 1040
BH_n6_M10, 3754
BH_n4_M8, 41490
BH_n2_M10, 19289
BH_n4_M8, 65254
BH_n2_M10, 14732
BH_n4_M8, 18113
BH_n6_M10, 9584
BH_n2_M10, 6557
BH_n4_M12, 20959
BH_n2_M10, 7685
BH_n4_M12, 17759
BH_n4_M8, 52145
BH_n4_M12, 4448
BH_n2_M10, 11491
BH_n2_M10, 19977
BH_n6_M10, 14572
BH_n4_M10, 15171
BH_n6_M10, 28487
BH_n6_M10, 15516
BH_n4_M10, 14300
BH_n4_M12, 7136
BH_n2_M10, 3575
SPH_9, 4061
BH_n4_M10, 3365
BH_n6_M10, 29176
SPH_9, 59343
BH_n2_M10, 4058
BH_n4_M8, 53107
BH_n6_M10, 32574
BH_n2_M10, 19082
BH_n6_M10, 2891
BH_n4_M10, 7746
BH_n2_M10, 6299
BH_n6_M10, 1619
BH_n2_M10, 25583
BH_n4_M12, 12172
BH_n6_M10, 28654
BH_n2_M10, 16046
BH_n4_M8, 42086
BH_n2_M10, 8770
BH_n2_M10, 10943
BH_n6_M10, 21730
BH_n4_M8, 49968
BH_n2_M10, 14409
SPH_9, 25978
BH_n2_M10, 11492
BH_n6_M10, 23842
BH_n6_M10, 7196
SPH_9, 19298
BH_n4_M10, 21903
SPH_9, 507
BH_n2_M10, 25775
BH_n2_M10, 7776
BH_n2_M10, 21568
BH_n4_M10, 8179
BH_n2_M10, 305
BH_n4_M10, 21817
BH_n4_M10, 1809
BH_n4_M12, 10236
BH_n4_M12, 7489
BH_n4_M10, 29687
BH_n6_M10, 14192
BH_n2_M10, 4536
BH_n4_M8, 47152
BH_n4_M8, 39597
BH_n6_M10, 3396
BH_n6_M10, 18453
BH_n4_M10, 11597
BH_n6_M10, 33783
BH_n2_M10, 21767
BH_n6_M10, 14155
SPH_9, 64378
BH_n2_M10, 20938
BH_n4_M12, 20954
BH_n4_M10, 9422
BH_n2_M10, 18796
BH_n4_M10, 19669
BH_n6_M10, 27813
BH_n6_M10, 7700
BH_n4_M10, 4299
BH_n6_M10, 13179
BH_n4_M8, 2963
BH_n2_M10, 3030
BH_n6_M10, 31017
BH_n6_M10, 6991
BH_n4_M12, 18286
BH_n4_M10, 11823
BH_n2_M10, 24459
BH_n6_M10, 30666
BH_n4_M8, 71573
BH_n4_M10, 3679
SPH_9, 72772
BH_n4_M10, 21598
BH_n4_M8, 79000
BH_n4_M8, 11582
BH_n4_M8, 21937
BH_n2_M10, 3
BH_n6_M10, 12524
BH_n6_M10, 11546
BH_n6_M10, 11077
BH_n4_M10, 22919
BH_n4_M8, 35531
BH_n4_M10, 20981
BH_n6_M10, 21267
BH_n4_M10, 8534
BH_n2_M10, 26648
BH_n6_M10, 13719
BH_n6_M10, 1731
BH_n4_M12, 181
BH_n6_M10, 24903
BH_n6_M10, 10875
BH_n2_M10, 22843
BH_n4_M12, 14844
BH_n2_M10, 23358
BH_n4_M10, 26669
BH_n4_M8, 53756
BH_n6_M10, 5739
BH_n4_M12, 21147
BH_n6_M10, 9207
BH_n4_M12, 21255
BH_n4_M10, 23143
BH_n2_M10, 17638
BH_n2_M10, 10038
BH_n6_M10, 13046
SPH_9, 75364
BH_n4_M10, 7093
BH_n2_M10, 15472
BH_n4_M8, 31814
BH_n6_M10, 180
BH_n4_M8, 69633
BH_n4_M10, 21252
BH_n4_M10, 4778
SPH_9, 9037
BH_n6_M10, 29285
SPH_9, 17920
BH_n4_M10, 28033
BH_n4_M10, 21593
BH_n6_M10, 3197
BH_n6_M10, 149
BH_n2_M10, 9688
BH_n2_M10, 20808
BH_n2_M10, 17627
BH_n6_M10, 25459
BH_n4_M8, 18888
BH_n4_M8, 27685
BH_n2_M10, 10240
BH_n4_M10, 15121
BH_n2_M10, 17160
BH_n6_M10, 21623
BH_n2_M10, 11815
BH_n6_M10, 28681
SPH_9, 28493
BH_n2_M10, 7645
BH_n4_M10, 14012
BH_n4_M10, 9079
BH_n4_M8, 15176
BH_n6_M10, 3839
BH_n4_M10, 16792
BH_n4_M10, 10520
BH_n4_M10, 27969
BH_n4_M10, 3151
BH_n4_M8, 61155
SPH_9, 25077
BH_n4_M12, 6610
BH_n4_M10, 4188
BH_n6_M10, 4390
BH_n6_M10, 16666
BH_n4_M10, 15367
BH_n6_M10, 23825
BH_n4_M10, 30709
BH_n4_M10, 245
BH_n4_M10, 10275
BH_n4_M8, 72227
BH_n6_M10, 26872
BH_n4_M10, 15826
BH_n4_M8, 29894
BH_n4_M10, 10155
BH_n6_M10, 24322
BH_n6_M10, 33689
BH_n6_M10, 8266
BH_n4_M10, 1175
BH_n2_M10, 23876
BH_n4_M8, 11002
BH_n2_M10, 14019
BH_n4_M10, 26565
BH_n4_M12, 5377
BH_n2_M10, 2491
BH_n6_M10, 7997
BH_n4_M10, 12391
BH_n4_M10, 22574
BH_n4_M12, 16184
BH_n2_M10, 16357
BH_n4_M10, 21938
BH_n4_M12, 1987
BH_n4_M10, 26084
BH_n4_M10, 27518
BH_n6_M10, 29438
BH_n4_M10, 7833
BH_n4_M10, 18004
BH_n4_M10, 23865
BH_n4_M8, 5474
BH_n4_M8, 14606
BH_n4_M10, 2757
BH_n6_M10, 4658
BH_n2_M10, 21177
BH_n4_M12, 3344
BH_n6_M10, 32744
BH_n4_M10, 3141
BH_n6_M10, 25814
BH_n4_M8, 86320
BH_n4_M10, 3533
BH_n6_M10, 15330
BH_n4_M10, 14182
BH_n4_M10, 27463
BH_n4_M12, 17205
BH_n2_M10, 26704
BH_n4_M8, 11030
BH_n2_M10, 9783
BH_n4_M10, 5242
BH_n4_M10, 8598
BH_n2_M10, 5738
BH_n6_M10, 27896
BH_n6_M10, 7854
BH_n2_M10, 2976
BH_n4_M12, 2221
BH_n6_M10, 28907
BH_n4_M12, 6776
BH_n4_M10, 518
BH_n2_M10, 6990
BH_n4_M10, 30692
BH_n4_M10, 23964
BH_n6_M10, 24310
BH_n2_M10, 5047
BH_n4_M10, 6264
BH_n2_M10, 3638
BH_n2_M10, 16796
BH_n2_M10, 15360
BH_n4_M12, 19352
BH_n4_M8, 36051
BH_n4_M10, 4275
BH_n4_M8, 79715
BH_n6_M10, 27038
BH_n4_M10, 1278
BH_n6_M10, 29279
BH_n4_M10, 7881
BH_n4_M10, 10397
BH_n4_M10, 5250
BH_n2_M10, 16659
BH_n2_M10, 13487
BH_n6_M10, 10293
BH_n6_M10, 8768
BH_n4_M8, 14007
BH_n4_M8, 4391
BH_n6_M10, 27867
BH_n4_M8, 14537
BH_n4_M10, 27767
BH_n4_M12, 5748
BH_n4_M10, 9383
BH_n6_M10, 9078
BH_n2_M10, 2855
BH_n2_M10, 18467
BH_n4_M12, 4135
BH_n4_M10, 8576
BH_n4_M10, 24041
BH_n4_M10, 18099
BH_n6_M10, 15675
BH_n6_M10, 24689
BH_n2_M10, 10717
BH_n6_M10, 31333
BH_n4_M10, 22098
BH_n2_M10, 25688
BH_n6_M10, 14884
BH_n6_M10, 33310
BH_n4_M10, 21281
SPH_9, 35818
BH_n6_M10, 22300
BH_n4_M8, 10766
BH_n4_M8, 1893
BH_n6_M10, 30217
BH_n2_M10, 17828
BH_n2_M10, 3010
BH_n6_M10, 14778
BH_n4_M8, 32445
BH_n4_M8, 74487
BH_n2_M10, 2955
BH_n4_M12, 18325
BH_n4_M12, 9130
BH_n4_M10, 29151
BH_n2_M10, 26161
BH_n2_M10, 24165
BH_n2_M10, 8358
BH_n2_M10, 23663
BH_n2_M10, 19122
BH_n4_M10, 26527
BH_n4_M10, 10203
BH_n4_M8, 38685
BH_n4_M10, 29678
BH_n2_M10, 4668
BH_n6_M10, 8994
BH_n2_M10, 6757
BH_n4_M10, 21886
BH_n2_M10, 26792
BH_n4_M10, 30349
BH_n2_M10, 16535
BH_n2_M10, 24956
BH_n6_M10, 30753
BH_n6_M10, 29193
BH_n6_M10, 31247
BH_n4_M10, 29390
BH_n4_M8, 78134
BH_n4_M10, 5059
BH_n4_M12, 11112
BH_n4_M8, 44588
BH_n2_M10, 20728
BH_n6_M10, 33891
BH_n4_M8, 39794
BH_n4_M8, 2378
BH_n4_M8, 41089
BH_n2_M10, 16914
SPH_9, 67074
BH_n2_M10, 15348
BH_n4_M10, 22205
BH_n6_M10, 13048
BH_n2_M10, 21054
BH_n4_M8, 45701
SPH_9, 22912
BH_n2_M10, 2331
BH_n2_M10, 15491
BH_n4_M10, 20416
BH_n4_M8, 46893
BH_n2_M10, 1914
SPH_9, 33599
BH_n6_M10, 9834
BH_n4_M10, 25901
BH_n2_M10, 22713
BH_n4_M10, 17095
BH_n4_M8, 22421
BH_n6_M10, 3047
BH_n4_M10, 23197
BH_n4_M8, 46609
BH_n4_M10, 26417
BH_n4_M10, 19525
BH_n4_M8, 1403
BH_n2_M10, 2282
BH_n4_M10, 2354
BH_n2_M10, 6273
BH_n6_M10, 19807
BH_n4_M8, 11287
BH_n4_M10, 6585
BH_n4_M12, 6878
BH_n6_M10, 22765
BH_n2_M10, 19137
BH_n4_M10, 30584
BH_n6_M10, 23343
BH_n6_M10, 14440
BH_n4_M10, 25911
BH_n2_M10, 15467
BH_n4_M10, 21999
BH_n4_M8, 22653
BH_n4_M10, 22418
BH_n6_M10, 4883
BH_n6_M10, 16668
BH_n6_M10, 8128
BH_n2_M10, 726
BH_n6_M10, 2919
BH_n6_M10, 20049
BH_n4_M8, 18737
BH_n2_M10, 7351
BH_n4_M12, 21187
BH_n4_M8, 48488
BH_n4_M10, 11277
BH_n4_M10, 1865
BH_n4_M10, 15247
BH_n4_M10, 7706
BH_n4_M12, 21384
BH_n4_M8, 60326
BH_n4_M10, 24183
BH_n6_M10, 15896
BH_n4_M10, 14810
BH_n6_M10, 2770
BH_n4_M8, 47322
BH_n4_M10, 7961
BH_n4_M8, 53345
BH_n6_M10, 9628
BH_n6_M10, 15534
BH_n6_M10, 25897
SPH_9, 61663
BH_n2_M10, 3595
BH_n6_M10, 33100
BH_n2_M10, 3801
BH_n6_M10, 18818
SPH_9, 80353
SPH_9, 30028
BH_n2_M10, 12506
BH_n4_M8, 76132
BH_n4_M12, 4878
BH_n6_M10, 23370
BH_n4_M8, 5439
BH_n4_M12, 18461
BH_n4_M8, 291
BH_n4_M8, 35675
BH_n6_M10, 24129
BH_n2_M10, 5820
BH_n4_M10, 12256
BH_n4_M10, 21901
BH_n4_M10, 5236
BH_n4_M8, 44575
BH_n6_M10, 3170
BH_n2_M10, 10185
BH_n4_M8, 1515
BH_n6_M10, 25610
BH_n4_M10, 7478
BH_n4_M12, 8508
SPH_9, 39702
BH_n2_M10, 10563
BH_n6_M10, 24150
BH_n6_M10, 9234
BH_n6_M10, 29886
BH_n6_M10, 1073
BH_n2_M10, 16907
BH_n4_M8, 71870
BH_n4_M10, 19852
BH_n4_M12, 20597
BH_n4_M12, 8232
BH_n4_M8, 37677
BH_n2_M10, 15125
BH_n2_M10, 8816
BH_n4_M12, 18977
BH_n2_M10, 1387
BH_n4_M10, 22765
BH_n2_M10, 20034
BH_n4_M10, 14897
SPH_9, 73619
BH_n2_M10, 6151
BH_n2_M10, 9389
BH_n2_M10, 11191
BH_n6_M10, 4848
BH_n2_M10, 11621
BH_n6_M10, 27278
BH_n4_M12, 18747
BH_n4_M8, 30792
BH_n4_M10, 929
BH_n2_M10, 3303
BH_n4_M10, 13836
BH_n4_M10, 5696
BH_n6_M10, 31012
BH_n4_M8, 70491
BH_n6_M10, 3719
BH_n4_M8, 69259
BH_n4_M8, 32556
BH_n4_M8, 70816
BH_n6_M10, 16310
BH_n6_M10, 22383
BH_n4_M10, 5100
BH_n2_M10, 508
BH_n4_M10, 22146
BH_n4_M10, 4784
BH_n4_M10, 26009
BH_n4_M8, 47407
BH_n6_M10, 6498
SPH_9, 25770
BH_n4_M10, 4517
BH_n4_M12, 9728
BH_n2_M10, 3333
BH_n6_M10, 1808
BH_n4_M8, 39156
BH_n4_M10, 19245
BH_n4_M12, 9573
SPH_9, 38585
BH_n6_M10, 10173
SPH_9, 66564
BH_n6_M10, 33877
BH_n6_M10, 28420
BH_n4_M8, 33003
BH_n4_M12, 10477
BH_n2_M10, 2361
BH_n2_M10, 24972
BH_n4_M8, 30101
BH_n2_M10, 287
BH_n4_M10, 11317
BH_n2_M10, 13381
BH_n4_M8, 33045
BH_n4_M8, 76089
BH_n2_M10, 22882
BH_n2_M10, 9698
BH_n2_M10, 498
BH_n4_M8, 70493
BH_n4_M12, 12366
BH_n6_M10, 17612
BH_n6_M10, 8010
BH_n4_M12, 13873
SPH_9, 71258
BH_n6_M10, 8296
BH_n4_M10, 28031
BH_n2_M10, 2515
BH_n2_M10, 10965
BH_n6_M10, 31328
BH_n6_M10, 31654
BH_n6_M10, 11370
BH_n4_M10, 24915
BH_n2_M10, 18324
BH_n2_M10, 11860
BH_n6_M10, 16370
BH_n6_M10, 11954
BH_n4_M10, 15489
BH_n4_M8, 11053
BH_n6_M10, 32753
BH_n4_M8, 64403
BH_n4_M8, 48660
BH_n4_M8, 32207
BH_n4_M10, 13905
BH_n6_M10, 23777
BH_n4_M8, 83483
SPH_9, 11855
BH_n4_M10, 1066
BH_n4_M10, 15752
BH_n4_M10, 21310
BH_n6_M10, 17674
BH_n2_M10, 25169
BH_n2_M10, 20459
SPH_9, 27595
BH_n4_M10, 9294
BH_n6_M10, 29211
BH_n4_M10, 23366
BH_n2_M10, 22209
BH_n6_M10, 24136
BH_n2_M10, 14582
BH_n6_M10, 30597
BH_n6_M10, 8515
BH_n4_M8, 29013
BH_n4_M12, 2352
BH_n2_M10, 682
BH_n4_M12, 2929
BH_n6_M10, 29971
BH_n6_M10, 15264
BH_n4_M8, 36373
BH_n4_M10, 451
BH_n6_M10, 23466
BH_n4_M8, 27087
BH_n2_M10, 1026
BH_n4_M8, 84145
BH_n2_M10, 15545
BH_n6_M10, 18289
BH_n4_M10, 7118
SPH_9, 15961
BH_n6_M10, 16809
BH_n6_M10, 16617
BH_n4_M12, 22092
BH_n6_M10, 126
BH_n6_M10, 33561
BH_n4_M10, 3805
BH_n4_M10, 881
BH_n6_M10, 10240
BH_n4_M10, 21059
BH_n2_M10, 1477
BH_n4_M10, 30251
BH_n2_M10, 12354
BH_n2_M10, 16660
BH_n4_M10, 18629
SPH_9, 5383
BH_n6_M10, 13086
BH_n2_M10, 5576
BH_n4_M10, 28203
BH_n6_M10, 9327
BH_n2_M10, 6372
BH_n4_M10, 7913
BH_n2_M10, 22674
SPH_9, 62465
BH_n6_M10, 29582
BH_n4_M10, 21475
BH_n2_M10, 7664
BH_n4_M10, 8560
BH_n6_M10, 23132
BH_n6_M10, 20204
BH_n2_M10, 14011
BH_n6_M10, 6585
BH_n4_M8, 51898
BH_n4_M10, 20063
BH_n6_M10, 21485
BH_n4_M12, 198
BH_n4_M10, 21127
BH_n4_M10, 2887
BH_n6_M10, 27873
BH_n4_M8, 61352
BH_n6_M10, 11188
BH_n4_M10, 29387
SPH_9, 19863
BH_n2_M10, 20245
BH_n6_M10, 30842
BH_n4_M8, 14335
BH_n6_M10, 18773
BH_n2_M10, 11594
BH_n2_M10, 20203
BH_n6_M10, 29805
BH_n4_M8, 924
SPH_9, 33697
BH_n6_M10, 7191
BH_n4_M12, 4033
SPH_9, 38592
BH_n4_M10, 11674
BH_n2_M10, 14308
BH_n2_M10, 20212
BH_n6_M10, 14065
BH_n6_M10, 8471
BH_n2_M10, 9919
BH_n4_M8, 33526
SPH_9, 71602
BH_n2_M10, 14517
BH_n6_M10, 31519
BH_n4_M8, 62543
BH_n2_M10, 460
BH_n2_M10, 3732
BH_n2_M10, 5480
BH_n6_M10, 6897
BH_n2_M10, 16828
BH_n4_M10, 22163
BH_n6_M10, 26806
BH_n4_M10, 29905
BH_n4_M10, 4711
BH_n6_M10, 12818
BH_n2_M10, 12629
BH_n4_M12, 4099
BH_n2_M10, 13118
BH_n2_M10, 10799
BH_n2_M10, 12570
SPH_9, 38115
BH_n2_M10, 3643
BH_n6_M10, 13812
BH_n2_M10, 24833
BH_n4_M12, 14447
BH_n2_M10, 16938
BH_n6_M10, 6862
BH_n4_M12, 16353
BH_n2_M10, 13983
BH_n6_M10, 24032
BH_n4_M12, 3909
BH_n2_M10, 12074
BH_n2_M10, 19938
BH_n6_M10, 15745
BH_n2_M10, 16303
BH_n6_M10, 11292
BH_n4_M8, 73671
BH_n4_M8, 41428
BH_n4_M10, 21022
BH_n6_M10, 23251
BH_n2_M10, 21926
BH_n4_M8, 36417
BH_n6_M10, 31723
BH_n4_M12, 10733
BH_n4_M12, 7654
BH_n4_M8, 86515
BH_n2_M10, 24883
BH_n6_M10, 19932
BH_n4_M10, 6471
BH_n4_M12, 10354
BH_n4_M8, 59537
BH_n2_M10, 25530
BH_n2_M10, 22476
BH_n4_M12, 5821
BH_n6_M10, 28658
BH_n2_M10, 7736
BH_n4_M10, 28309
BH_n2_M10, 8890
BH_n2_M10, 6885
BH_n2_M10, 26449
BH_n2_M10, 4734
BH_n6_M10, 21945
BH_n4_M10, 30359
BH_n4_M8, 48651
BH_n4_M10, 22151
BH_n6_M10, 33308
BH_n4_M12, 16705
SPH_9, 16822
BH_n6_M10, 28196
BH_n4_M8, 53810
BH_n4_M12, 7325
BH_n4_M8, 59218
BH_n2_M10, 21240
BH_n4_M12, 20141
BH_n4_M10, 27183
BH_n4_M10, 25265
BH_n4_M12, 17946
BH_n6_M10, 11517
BH_n2_M10, 11646
BH_n2_M10, 19065
BH_n6_M10, 24717
BH_n2_M10, 10531
BH_n4_M10, 14068
BH_n6_M10, 2007
BH_n4_M8, 29418
BH_n4_M8, 70183
SPH_9, 61001
BH_n6_M10, 25164
BH_n4_M10, 19248
BH_n4_M10, 24078
BH_n4_M12, 9893
BH_n4_M12, 18812
BH_n6_M10, 23569
BH_n6_M10, 25594
BH_n4_M12, 5977
BH_n2_M10, 13044
BH_n6_M10, 15778
BH_n6_M10, 30274
BH_n4_M10, 16752
BH_n2_M10, 16003
BH_n4_M10, 8942
BH_n2_M10, 20615
BH_n4_M8, 60861
BH_n6_M10, 15104
BH_n4_M8, 51668
BH_n4_M12, 17391
BH_n2_M10, 25518
BH_n4_M10, 15162
BH_n4_M8, 5489
BH_n4_M8, 24814
BH_n4_M10, 7917
BH_n4_M8, 54964
BH_n4_M12, 12053
BH_n4_M10, 284
BH_n6_M10, 2026
BH_n6_M10, 27680
BH_n4_M12, 8551
BH_n4_M10, 1745
BH_n4_M12, 16856
BH_n4_M10, 11881
BH_n6_M10, 6678
BH_n4_M8, 31462
BH_n4_M12, 19806
BH_n6_M10, 17387
BH_n4_M8, 40118
BH_n6_M10, 10814
BH_n4_M10, 24475
BH_n4_M10, 5606
BH_n4_M12, 22364
SPH_9, 37453
BH_n4_M10, 8720
SPH_9, 13056
BH_n6_M10, 6979
BH_n4_M8, 535
BH_n4_M10, 12446
BH_n6_M10, 10518
BH_n4_M10, 7657
BH_n6_M10, 16289
BH_n4_M10, 17979
BH_n4_M10, 22601
BH_n2_M10, 3380
BH_n6_M10, 10796
BH_n4_M8, 53094
BH_n6_M10, 34377
BH_n4_M10, 27506
BH_n2_M10, 4549
BH_n2_M10, 21651
BH_n4_M8, 12758
BH_n4_M10, 305
BH_n4_M10, 22873
BH_n4_M10, 18646
BH_n2_M10, 3307
BH_n4_M10, 23635
BH_n4_M12, 13082
BH_n4_M10, 11463
BH_n2_M10, 13087
BH_n4_M10, 29662
BH_n6_M10, 11927
BH_n4_M12, 13209
BH_n2_M10, 11878
BH_n2_M10, 18886
BH_n2_M10, 80
BH_n4_M10, 5152
BH_n6_M10, 5754
BH_n4_M8, 54913
BH_n2_M10, 18132
BH_n4_M10, 26840
BH_n6_M10, 14175
BH_n4_M8, 67787
BH_n4_M10, 16543
BH_n4_M12, 12003
BH_n4_M12, 14531
BH_n6_M10, 21948
BH_n2_M10, 3812
BH_n6_M10, 13734
BH_n2_M10, 6573
BH_n4_M8, 84650
BH_n2_M10, 19097
BH_n6_M10, 19829
BH_n6_M10, 23205
BH_n4_M10, 17525
BH_n2_M10, 8184
BH_n4_M12, 18205
BH_n4_M10, 419
SPH_9, 55083
BH_n4_M8, 44129
BH_n6_M10, 27628
BH_n6_M10, 31933
BH_n4_M8, 68836
BH_n4_M10, 3481
BH_n2_M10, 16652
BH_n6_M10, 24142
BH_n4_M12, 11885
BH_n6_M10, 1929
BH_n6_M10, 25907
BH_n4_M10, 1767
BH_n6_M10, 30664
BH_n4_M8, 45980
BH_n4_M8, 81039
BH_n4_M8, 12495
BH_n4_M10, 26004
BH_n4_M10, 2401
BH_n4_M10, 4331
BH_n4_M8, 53400
BH_n4_M12, 5309
BH_n4_M10, 27190
BH_n6_M10, 18852
BH_n4_M8, 69775
BH_n4_M10, 14686
BH_n4_M12, 4280
BH_n4_M10, 8810
BH_n4_M10, 13044
BH_n6_M10, 7255
BH_n4_M10, 22746
BH_n6_M10, 2680
BH_n6_M10, 18346
BH_n4_M10, 20107
BH_n4_M10, 5012
BH_n2_M10, 1593
BH_n6_M10, 17782
BH_n6_M10, 23541
BH_n2_M10, 1745
BH_n4_M8, 79339
BH_n4_M12, 21313
BH_n6_M10, 893
BH_n4_M10, 14926
BH_n4_M12, 12096
BH_n6_M10, 26691
BH_n4_M8, 10066
BH_n4_M10, 11315
BH_n4_M8, 50017
BH_n6_M10, 31509
BH_n4_M8, 1811
SPH_9, 52248
BH_n4_M10, 12951
BH_n4_M8, 41827
BH_n2_M10, 15429
BH_n4_M10, 30713
BH_n4_M8, 3489
BH_n2_M10, 9927
BH_n2_M10, 8723
BH_n6_M10, 4087
BH_n6_M10, 20206
BH_n4_M8, 15026
BH_n4_M8, 61306
BH_n4_M12, 22941
BH_n4_M8, 68177
BH_n4_M12, 20177
BH_n4_M10, 13527
BH_n6_M10, 8984
BH_n4_M8, 14669
BH_n2_M10, 12065
BH_n2_M10, 3996
BH_n4_M10, 5599
BH_n4_M10, 30146
BH_n4_M10, 29926
BH_n2_M10, 19980
BH_n4_M12, 9467
BH_n4_M10, 13810
BH_n2_M10, 19280
BH_n2_M10, 13572
BH_n4_M10, 21260
BH_n2_M10, 18459
BH_n2_M10, 1962
BH_n2_M10, 12093
BH_n2_M10, 9194
BH_n2_M10, 4224
BH_n2_M10, 10540
BH_n2_M10, 7365
BH_n4_M10, 26275
BH_n4_M8, 26924
BH_n6_M10, 18412
BH_n4_M10, 7997
BH_n6_M10, 27772
BH_n6_M10, 10151
BH_n6_M10, 10254
BH_n4_M8, 82095
BH_n6_M10, 7044
BH_n4_M10, 27214
BH_n2_M10, 24759
BH_n4_M10, 28876
BH_n2_M10, 13796
BH_n2_M10, 1884
BH_n4_M8, 17682
BH_n4_M12, 12652
BH_n4_M10, 17839
BH_n4_M12, 3960
BH_n6_M10, 334
BH_n6_M10, 20604
BH_n2_M10, 17072
BH_n4_M10, 26734
BH_n2_M10, 21606
BH_n6_M10, 6539
BH_n6_M10, 18057
BH_n6_M10, 8787
BH_n4_M10, 2293
BH_n6_M10, 5955
BH_n6_M10, 21922
BH_n2_M10, 179
BH_n4_M10, 2095
BH_n6_M10, 20055
BH_n2_M10, 10283
BH_n6_M10, 7875
BH_n2_M10, 730
SPH_9, 33397
BH_n4_M10, 30233
BH_n6_M10, 20041
BH_n2_M10, 22043
BH_n6_M10, 3366
BH_n2_M10, 2015
BH_n6_M10, 6476
BH_n4_M12, 12050
BH_n6_M10, 31408
BH_n6_M10, 8554
BH_n4_M8, 4043
BH_n2_M10, 1813
BH_n6_M10, 2966
BH_n4_M8, 74506
BH_n4_M10, 30549
SPH_9, 18356
SPH_9, 47273
BH_n6_M10, 32427
BH_n2_M10, 1284
BH_n4_M10, 15993
BH_n4_M8, 34095
BH_n4_M10, 7048
BH_n6_M10, 33657
BH_n4_M10, 29552
BH_n4_M12, 11734
BH_n2_M10, 5129
BH_n4_M8, 44145
BH_n4_M10, 7336
BH_n4_M10, 16199
BH_n4_M8, 38699
BH_n4_M8, 67866
BH_n2_M10, 23557
BH_n2_M10, 457
BH_n6_M10, 20190
BH_n4_M10, 13676
BH_n6_M10, 13970
BH_n4_M10, 9342
BH_n2_M10, 1268
BH_n6_M10, 32195
BH_n4_M10, 9259
SPH_9, 20583
BH_n4_M10, 20936
SPH_9, 73610
BH_n4_M10, 12206
BH_n2_M10, 25090
BH_n6_M10, 6610
BH_n2_M10, 7507
BH_n6_M10, 385
BH_n4_M8, 19809
BH_n2_M10, 15251
BH_n6_M10, 16391
BH_n4_M10, 23001
BH_n4_M8, 3705
BH_n4_M8, 27139
BH_n4_M10, 29690
SPH_9, 2608
BH_n2_M10, 13888
BH_n2_M10, 26856
BH_n4_M10, 14313
BH_n6_M10, 3832
SPH_9, 76565
BH_n6_M10, 4676
BH_n4_M10, 9765
BH_n4_M8, 66057
BH_n4_M10, 8282
BH_n6_M10, 22081
BH_n2_M10, 5726
BH_n2_M10, 16125
SPH_9, 47044
BH_n6_M10, 31632
BH_n4_M10, 23650
BH_n6_M10, 18550
BH_n6_M10, 29462
BH_n2_M10, 20932
BH_n2_M10, 23584
BH_n4_M8, 9423
BH_n4_M10, 28009
BH_n6_M10, 30910
BH_n6_M10, 15280
SPH_9, 54592
BH_n6_M10, 18500
BH_n4_M8, 28383
BH_n4_M10, 12061
BH_n4_M10, 9863
BH_n4_M12, 22989
BH_n4_M12, 5284
BH_n6_M10, 29544
BH_n2_M10, 7264
BH_n2_M10, 8932
BH_n2_M10, 63
BH_n2_M10, 5269
BH_n6_M10, 2461
BH_n2_M10, 5620
BH_n4_M8, 41581
BH_n4_M8, 24294
BH_n6_M10, 26403
BH_n6_M10, 23040
SPH_9, 28410
BH_n4_M8, 17734
SPH_9, 45372
BH_n4_M12, 13488
BH_n4_M10, 28920
BH_n2_M10, 19262
BH_n2_M10, 15570
BH_n4_M8, 76660
BH_n4_M12, 9468
BH_n4_M10, 686
BH_n6_M10, 34362
BH_n4_M12, 19885
SPH_9, 46152
BH_n4_M10, 19532
BH_n4_M10, 8648
BH_n4_M12, 1755
BH_n4_M10, 23648
BH_n2_M10, 26910
BH_n4_M12, 11249
BH_n6_M10, 12562
BH_n4_M8, 41706
SPH_9, 43319
BH_n2_M10, 11687
BH_n6_M10, 29459
BH_n4_M10, 3664
BH_n2_M10, 8300
BH_n4_M10, 6083
BH_n4_M10, 28921
BH_n4_M10, 1571
BH_n6_M10, 30211
BH_n4_M12, 22040
SPH_9, 16043
BH_n2_M10, 15140
BH_n6_M10, 18507
BH_n6_M10, 6196
BH_n6_M10, 32333
BH_n4_M10, 24789
BH_n2_M10, 25635
BH_n4_M10, 26823
BH_n2_M10, 19708
BH_n4_M10, 14903
BH_n4_M8, 7233
BH_n2_M10, 23098
SPH_9, 44922
BH_n4_M8, 18673
SPH_9, 6029
BH_n6_M10, 25213
SPH_9, 75082
BH_n4_M10, 7246
BH_n2_M10, 7838
BH_n6_M10, 5117
BH_n4_M10, 8406
BH_n4_M10, 24721
BH_n2_M10, 20888
SPH_9, 56203
BH_n4_M10, 13898
BH_n2_M10, 18980
SPH_9, 3712
BH_n6_M10, 9200
BH_n6_M10, 6852
BH_n6_M10, 29824
BH_n4_M12, 19912
BH_n6_M10, 32067
BH_n2_M10, 19766
BH_n2_M10, 5695
BH_n6_M10, 32349
BH_n4_M8, 63897
BH_n4_M12, 6036
SPH_9, 78121
BH_n2_M10, 10979
BH_n2_M10, 24387
BH_n4_M12, 4402
BH_n2_M10, 5422
BH_n6_M10, 16199
BH_n2_M10, 17076
BH_n4_M10, 26128
BH_n4_M10, 16697
BH_n6_M10, 27736
BH_n4_M10, 11981
BH_n4_M10, 14542
BH_n4_M8, 24494
BH_n4_M10, 21387
BH_n4_M10, 22497
BH_n4_M10, 23668
BH_n4_M8, 81388
BH_n4_M12, 12937
BH_n4_M8, 67448
BH_n2_M10, 8176
BH_n2_M10, 6820
BH_n4_M8, 37216
BH_n2_M10, 10123
BH_n4_M8, 69764
BH_n6_M10, 2691
BH_n2_M10, 768
BH_n4_M10, 22387
BH_n4_M8, 5564
BH_n4_M10, 27921
BH_n2_M10, 19896
BH_n4_M12, 3709
BH_n4_M10, 16140
BH_n4_M10, 7903
BH_n4_M8, 74623
BH_n4_M10, 2438
BH_n2_M10, 24277
BH_n4_M10, 13084
BH_n6_M10, 6038
BH_n6_M10, 22663
BH_n4_M8, 13888
SPH_9, 59697
BH_n6_M10, 10542
BH_n2_M10, 13893
BH_n4_M10, 30243
BH_n6_M10, 2315
BH_n6_M10, 12231
BH_n4_M10, 26061
BH_n6_M10, 22258
BH_n4_M8, 25109
SPH_9, 52912
BH_n4_M8, 62487
BH_n6_M10, 17435
BH_n2_M10, 7470
BH_n6_M10, 19465
BH_n2_M10, 1972
BH_n4_M10, 4617
BH_n4_M8, 1261
BH_n6_M10, 11653
BH_n6_M10, 28266
BH_n4_M12, 11557
BH_n6_M10, 27672
BH_n6_M10, 25783
BH_n4_M8, 896
BH_n6_M10, 9397
BH_n6_M10, 20669
BH_n4_M10, 8740
BH_n2_M10, 492
BH_n4_M10, 20908
BH_n4_M10, 2662
BH_n2_M10, 3472
BH_n4_M10, 15330
BH_n4_M8, 1615
BH_n4_M8, 84290
BH_n4_M8, 38514
BH_n4_M10, 13714
SPH_9, 64952
BH_n2_M10, 20642
BH_n2_M10, 3631
BH_n4_M10, 23510
BH_n2_M10, 16725
BH_n4_M10, 17664
BH_n6_M10, 1602
BH_n4_M12, 12850
BH_n2_M10, 6272
BH_n4_M12, 13301
BH_n2_M10, 22909
BH_n4_M12, 6994
BH_n4_M10, 523
BH_n6_M10, 20401
BH_n4_M10, 2721
BH_n4_M8, 53037
BH_n4_M8, 56906
BH_n4_M8, 83512
BH_n6_M10, 17157
BH_n6_M10, 18832
SPH_9, 27046
BH_n6_M10, 2353
BH_n6_M10, 208
BH_n4_M10, 6884
BH_n6_M10, 5281
BH_n6_M10, 17706
BH_n6_M10, 8926
BH_n4_M8, 10582
BH_n4_M10, 4660
BH_n6_M10, 22283
BH_n2_M10, 19276
BH_n2_M10, 4842
BH_n4_M10, 11652
BH_n4_M12, 9857
BH_n4_M12, 19353
BH_n2_M10, 16663
BH_n4_M10, 22638
BH_n6_M10, 632
BH_n4_M10, 23162
BH_n6_M10, 23549
BH_n4_M8, 51017
BH_n6_M10, 21363
BH_n4_M10, 16287
BH_n2_M10, 19951
BH_n6_M10, 2731
BH_n4_M8, 51042
BH_n4_M10, 27337
BH_n4_M8, 27323
BH_n2_M10, 4697
BH_n4_M10, 29104
BH_n6_M10, 26917
BH_n6_M10, 25278
BH_n4_M10, 11382
BH_n6_M10, 5744
BH_n6_M10, 21749
BH_n6_M10, 27706
BH_n4_M8, 13351
BH_n4_M12, 3219
BH_n4_M10, 20496
BH_n2_M10, 19389
BH_n4_M8, 80806
BH_n4_M8, 63832
BH_n4_M10, 6199
BH_n4_M10, 24662
BH_n6_M10, 15987
BH_n4_M8, 33394
BH_n4_M8, 64687
BH_n2_M10, 687
BH_n2_M10, 17953
BH_n4_M8, 84148
BH_n4_M8, 84621
BH_n4_M8, 9161
SPH_9, 62522
BH_n4_M10, 10655
BH_n6_M10, 9776
BH_n6_M10, 30603
BH_n4_M8, 24524
SPH_9, 45411
SPH_9, 13709
BH_n4_M8, 61191
SPH_9, 45052
BH_n6_M10, 32699
BH_n6_M10, 13102
BH_n2_M10, 23101
BH_n6_M10, 11811
SPH_9, 45634
BH_n2_M10, 13441
BH_n4_M10, 16952
BH_n2_M10, 935
BH_n4_M8, 22560
BH_n4_M10, 19379
BH_n4_M10, 2202
BH_n4_M8, 34873
BH_n6_M10, 1196
BH_n4_M8, 32339
BH_n4_M10, 30767
BH_n2_M10, 11198
BH_n2_M10, 2505
BH_n4_M10, 25479
BH_n4_M10, 19918
BH_n6_M10, 16704
BH_n4_M10, 6836
BH_n4_M8, 86234
BH_n4_M10, 7546
BH_n2_M10, 19404
BH_n2_M10, 13262
BH_n4_M12, 6547
BH_n6_M10, 29153
BH_n6_M10, 31780
BH_n2_M10, 26120
BH_n4_M8, 61129
BH_n4_M10, 29867
BH_n6_M10, 26421
BH_n6_M10, 17476
BH_n4_M10, 7504
BH_n2_M10, 7813
BH_n6_M10, 9178
BH_n4_M10, 26299
BH_n6_M10, 24947
BH_n6_M10, 3397
BH_n4_M10, 8914
BH_n6_M10, 32647
BH_n6_M10, 20173
BH_n6_M10, 20338
BH_n6_M10, 9142
BH_n4_M10, 2853
BH_n6_M10, 24512
BH_n4_M12, 2418
BH_n2_M10, 14470
BH_n2_M10, 14828
BH_n4_M10, 18640
BH_n2_M10, 15525
BH_n6_M10, 27136
BH_n6_M10, 19798
BH_n4_M8, 65664
BH_n6_M10, 31728
BH_n6_M10, 31313
BH_n4_M8, 40429
BH_n2_M10, 19062
BH_n4_M10, 150
BH_n4_M8, 75445
BH_n4_M8, 64364
BH_n4_M10, 24837
BH_n4_M10, 24930
BH_n4_M8, 60259
BH_n4_M10, 14174
BH_n2_M10, 6994
BH_n2_M10, 1113
BH_n4_M12, 8820
BH_n2_M10, 16696
BH_n6_M10, 3367
BH_n6_M10, 17079
BH_n4_M10, 11589
BH_n2_M10, 1600
BH_n4_M8, 77269
BH_n2_M10, 26291
BH_n2_M10, 3934
BH_n4_M10, 8137
BH_n4_M10, 8162
SPH_9, 47464
BH_n4_M10, 22636
BH_n4_M10, 15796
BH_n4_M10, 18877
BH_n4_M10, 7668
BH_n2_M10, 26008
BH_n4_M10, 11639
BH_n6_M10, 18084
BH_n4_M10, 9074
BH_n2_M10, 21918
BH_n4_M10, 3971
BH_n2_M10, 5816
SPH_9, 59757
BH_n4_M10, 30571
BH_n4_M10, 9814
BH_n4_M10, 7834
BH_n4_M10, 6151
BH_n6_M10, 14546
BH_n2_M10, 26873
BH_n4_M12, 4479
BH_n6_M10, 16592
BH_n6_M10, 32353
BH_n2_M10, 1044
BH_n6_M10, 24571
BH_n4_M10, 7168
BH_n4_M10, 13956
BH_n4_M10, 18366
SPH_9, 41933
BH_n2_M10, 17408
SPH_9, 2144
BH_n4_M10, 23808
BH_n2_M10, 19077
BH_n4_M10, 17864
BH_n4_M10, 16341
BH_n4_M10, 26132
BH_n4_M12, 8742
BH_n4_M8, 17497
BH_n4_M8, 59504
BH_n4_M10, 28416
BH_n4_M12, 21733
BH_n6_M10, 6358
BH_n2_M10, 3702
BH_n4_M12, 22677
SPH_9, 67553
BH_n4_M10, 29416
BH_n2_M10, 13678
BH_n4_M10, 11474
BH_n4_M10, 22319
SPH_9, 53234
BH_n4_M10, 19635
BH_n2_M10, 2885
BH_n4_M10, 2817
SPH_9, 2816
BH_n2_M10, 25891
BH_n4_M10, 30192
BH_n2_M10, 21218
BH_n6_M10, 8208
BH_n4_M10, 22357
BH_n6_M10, 23413
BH_n6_M10, 13998
BH_n4_M12, 6570
BH_n4_M12, 20558
BH_n2_M10, 23433
BH_n6_M10, 26131
BH_n4_M10, 26759
BH_n4_M10, 14959
BH_n4_M12, 11682
BH_n4_M10, 22732
BH_n6_M10, 26175
BH_n2_M10, 26782
BH_n4_M10, 11608
BH_n2_M10, 24231
BH_n6_M10, 28069
BH_n6_M10, 33272
BH_n4_M12, 377
BH_n2_M10, 11470
BH_n4_M10, 13294
BH_n4_M10, 4789
BH_n2_M10, 20376
BH_n4_M8, 11607
BH_n4_M10, 1549
BH_n6_M10, 32821
BH_n4_M10, 26447
BH_n4_M12, 16035
BH_n2_M10, 26006
BH_n2_M10, 3476
BH_n4_M10, 9966
BH_n4_M10, 12966
BH_n6_M10, 802
BH_n2_M10, 25774
BH_n4_M8, 77728
BH_n4_M8, 66859
BH_n6_M10, 13768
BH_n2_M10, 14929
BH_n4_M10, 23213
BH_n4_M10, 16461
BH_n4_M10, 18825
BH_n6_M10, 30453
BH_n4_M12, 9335
BH_n4_M10, 24136
BH_n6_M10, 6042
BH_n6_M10, 21731
BH_n4_M8, 42982
BH_n6_M10, 19375
BH_n2_M10, 3193
BH_n4_M10, 9514
BH_n6_M10, 30940
BH_n2_M10, 13460
BH_n4_M10, 23568
SPH_9, 23467
BH_n6_M10, 16723
BH_n4_M10, 29710
BH_n4_M10, 25369
BH_n4_M12, 463
BH_n4_M10, 15534
BH_n2_M10, 14131
BH_n4_M8, 77006
BH_n4_M8, 35178
BH_n4_M10, 2622
BH_n6_M10, 13214
BH_n6_M10, 26518
BH_n6_M10, 18842
BH_n4_M10, 531
BH_n4_M10, 19081
BH_n2_M10, 5935
BH_n4_M8, 21324
BH_n4_M12, 17703
BH_n2_M10, 1740
BH_n4_M10, 16332
BH_n6_M10, 26486
BH_n4_M10, 20848
BH_n6_M10, 29416
BH_n4_M10, 27709
BH_n4_M10, 7329
BH_n4_M8, 19744
BH_n6_M10, 10468
BH_n4_M10, 23527
BH_n4_M8, 59365
BH_n4_M10, 17732
SPH_9, 7852
BH_n6_M10, 19273
BH_n4_M10, 7709
BH_n6_M10, 4979
BH_n6_M10, 2942
SPH_9, 26102
BH_n6_M10, 18111
BH_n4_M8, 36824
BH_n4_M10, 2861
SPH_9, 77163
BH_n4_M10, 27511
BH_n4_M10, 18512
BH_n2_M10, 24975
BH_n4_M10, 15028
BH_n4_M10, 16720
BH_n2_M10, 14518
BH_n2_M10, 4356
BH_n4_M8, 48148
BH_n4_M10, 8047
BH_n2_M10, 7490
SPH_9, 51781
BH_n4_M8, 7555
BH_n2_M10, 13533
BH_n2_M10, 2958
BH_n2_M10, 9242
BH_n4_M8, 13319
BH_n4_M10, 23631
BH_n6_M10, 9509
BH_n6_M10, 18276
BH_n4_M10, 20623
BH_n6_M10, 7771
BH_n6_M10, 16562
BH_n4_M10, 7262
BH_n6_M10, 27089
BH_n4_M8, 80132
BH_n2_M10, 1187
BH_n4_M10, 6590
BH_n4_M10, 16657
BH_n2_M10, 23748
BH_n4_M10, 27424
BH_n4_M10, 24082
BH_n6_M10, 19414
BH_n4_M10, 4469
BH_n4_M12, 4706
BH_n4_M10, 2944
BH_n4_M10, 15837
SPH_9, 70589
SPH_9, 12807
BH_n4_M10, 11250
BH_n4_M12, 7334
BH_n2_M10, 9747
BH_n4_M10, 22749
BH_n6_M10, 30187
BH_n2_M10, 17672
BH_n4_M10, 23475
BH_n2_M10, 7530
BH_n6_M10, 27989
BH_n2_M10, 20441
BH_n2_M10, 6062
BH_n4_M10, 5869
BH_n2_M10, 17104
BH_n6_M10, 13906
BH_n4_M8, 25250
BH_n4_M12, 11563
BH_n4_M12, 15242
BH_n2_M10, 4270
BH_n6_M10, 26400
BH_n4_M10, 23508
BH_n2_M10, 6685
BH_n4_M8, 28231
BH_n2_M10, 1252
BH_n4_M8, 57592
BH_n4_M10, 15444
BH_n4_M10, 10830
BH_n6_M10, 2802
BH_n2_M10, 22220
BH_n2_M10, 18232
BH_n6_M10, 21733
BH_n6_M10, 17721
SPH_9, 18465
BH_n2_M10, 6692
BH_n4_M10, 10187
BH_n2_M10, 6902
BH_n2_M10, 14926
BH_n4_M10, 7293
BH_n4_M10, 18660
SPH_9, 64737
BH_n4_M8, 33838
BH_n6_M10, 16456
BH_n2_M10, 10067
BH_n2_M10, 7042
BH_n2_M10, 20963
BH_n2_M10, 1737
BH_n4_M10, 153
BH_n4_M8, 58995
BH_n2_M10, 16963
BH_n6_M10, 16182
BH_n6_M10, 2772
BH_n2_M10, 17263
BH_n4_M8, 70056
BH_n4_M10, 30777
SPH_9, 68007
BH_n4_M12, 8254
BH_n2_M10, 19895
BH_n2_M10, 10036
BH_n6_M10, 9402
BH_n6_M10, 10442
BH_n4_M10, 30089
BH_n2_M10, 23469
BH_n6_M10, 27289
BH_n2_M10, 19758
BH_n6_M10, 13283
BH_n6_M10, 29194
BH_n4_M8, 43768
BH_n2_M10, 3589
BH_n4_M10, 11974
BH_n6_M10, 9757
BH_n2_M10, 14751
BH_n4_M10, 3063
BH_n4_M10, 1352
SPH_9, 64228
BH_n2_M10, 26364
BH_n2_M10, 7900
BH_n4_M8, 76714
BH_n2_M10, 19823
BH_n4_M12, 21124
BH_n4_M10, 24652
BH_n6_M10, 7583
BH_n6_M10, 31758
BH_n4_M10, 10450
SPH_9, 38025
BH_n4_M8, 29563
BH_n2_M10, 11466
BH_n4_M10, 21607
BH_n4_M10, 19945
BH_n2_M10, 10782
BH_n4_M12, 15928
BH_n4_M10, 29527
BH_n4_M8, 85090
BH_n6_M10, 12012
BH_n6_M10, 14557
SPH_9, 76373
BH_n2_M10, 6581
BH_n4_M10, 18192
BH_n6_M10, 23295
BH_n2_M10, 21671
BH_n6_M10, 17921
BH_n4_M10, 21370
BH_n2_M10, 20425
BH_n2_M10, 21091
BH_n2_M10, 24437
BH_n2_M10, 16687
BH_n2_M10, 21460
BH_n4_M10, 13349
BH_n2_M10, 4918
BH_n6_M10, 30056
BH_n6_M10, 32844
BH_n4_M10, 3538
BH_n4_M10, 29683
BH_n2_M10, 2481
BH_n4_M10, 614
BH_n6_M10, 28704
BH_n2_M10, 25832
BH_n4_M10, 20713
BH_n2_M10, 378
BH_n6_M10, 3795
BH_n4_M8, 59709
BH_n2_M10, 25111
BH_n2_M10, 11884
BH_n4_M10, 14924
BH_n2_M10, 17303
BH_n4_M10, 13546
BH_n4_M8, 34869
BH_n6_M10, 25780
BH_n2_M10, 5264
BH_n4_M10, 22400
BH_n6_M10, 1868
BH_n2_M10, 10130
BH_n6_M10, 22734
BH_n4_M12, 17588
BH_n2_M10, 24447
BH_n2_M10, 18608
BH_n4_M8, 84219
SPH_9, 23202
BH_n4_M12, 21014
BH_n4_M12, 10282
BH_n4_M8, 47603
BH_n2_M10, 5682
BH_n4_M10, 18593
BH_n2_M10, 9882
BH_n4_M8, 21695
BH_n4_M10, 30640
BH_n6_M10, 3944
BH_n6_M10, 28251
BH_n4_M12, 9635
BH_n4_M12, 2218
SPH_9, 19767
BH_n2_M10, 14907
BH_n2_M10, 30
BH_n2_M10, 20323
BH_n4_M10, 19357
BH_n6_M10, 12559
BH_n6_M10, 25556
BH_n4_M12, 11718
BH_n2_M10, 232
BH_n2_M10, 20171
BH_n6_M10, 33999
BH_n2_M10, 21023
BH_n6_M10, 13560
BH_n4_M10, 25347
BH_n4_M10, 5709
BH_n4_M8, 68971
BH_n6_M10, 7855
BH_n4_M8, 4411
BH_n4_M8, 83832
BH_n6_M10, 14678
BH_n2_M10, 23967
BH_n4_M8, 59885
BH_n4_M8, 61030
BH_n4_M10, 27763
BH_n6_M10, 18910
BH_n6_M10, 14365
BH_n6_M10, 22847
BH_n6_M10, 25042
BH_n6_M10, 19567
BH_n6_M10, 11150
BH_n4_M8, 38461
BH_n6_M10, 11302
BH_n4_M10, 28094
BH_n2_M10, 19368
BH_n4_M10, 12247
BH_n2_M10, 20604
BH_n4_M10, 14652
BH_n6_M10, 24164
BH_n2_M10, 7615
BH_n4_M12, 5608
BH_n4_M10, 24849
BH_n6_M10, 13081
BH_n4_M10, 26610
BH_n6_M10, 20182
BH_n4_M10, 7626
BH_n2_M10, 5237
SPH_9, 77998
BH_n4_M10, 17658
BH_n2_M10, 18024
BH_n4_M10, 18049
BH_n4_M8, 44332
BH_n4_M10, 1412
BH_n2_M10, 5518
BH_n6_M10, 11403
BH_n4_M10, 12936
BH_n4_M10, 25297
BH_n6_M10, 24445
BH_n2_M10, 16859
BH_n2_M10, 22758
SPH_9, 78454
BH_n4_M8, 67755
BH_n6_M10, 8300
BH_n4_M8, 27195
BH_n6_M10, 24702
BH_n6_M10, 4936
BH_n2_M10, 2536
BH_n4_M8, 28109
BH_n4_M8, 70405
BH_n4_M10, 17138
BH_n2_M10, 11157
BH_n4_M8, 56837
BH_n4_M10, 30736
BH_n2_M10, 26555
BH_n4_M10, 12619
BH_n4_M12, 2193
BH_n4_M10, 3698
BH_n2_M10, 20106
BH_n6_M10, 4240
BH_n4_M10, 23970
BH_n6_M10, 4210
BH_n2_M10, 14118
BH_n4_M10, 22921
BH_n6_M10, 4214
BH_n4_M10, 714
BH_n2_M10, 20578
BH_n2_M10, 3897
BH_n6_M10, 26346
BH_n4_M10, 6284
BH_n4_M10, 3044
BH_n4_M10, 18500
BH_n4_M10, 3599
BH_n4_M12, 16537
BH_n2_M10, 18776
BH_n6_M10, 32777
BH_n4_M10, 19198
BH_n4_M10, 6707
BH_n2_M10, 16871
BH_n6_M10, 9283
BH_n4_M10, 2412
BH_n4_M10, 25172
BH_n4_M8, 51592
BH_n4_M10, 4042
BH_n4_M8, 60948
BH_n4_M8, 17710
BH_n6_M10, 4498
BH_n4_M10, 20436
BH_n4_M10, 5127
BH_n4_M8, 53088
BH_n6_M10, 24489
BH_n2_M10, 25951
BH_n6_M10, 18721
BH_n4_M12, 19681
BH_n4_M10, 5949
BH_n4_M8, 7788
BH_n6_M10, 26821
BH_n6_M10, 340
BH_n6_M10, 10509
BH_n6_M10, 21983
BH_n2_M10, 13848
SPH_9, 67200
BH_n6_M10, 19610
BH_n4_M12, 19272
BH_n2_M10, 5500
BH_n4_M8, 18773
BH_n6_M10, 11053
BH_n4_M10, 986
BH_n6_M10, 20228
BH_n4_M10, 28530
BH_n6_M10, 8261
BH_n2_M10, 13638
BH_n6_M10, 11525
BH_n2_M10, 24590
BH_n2_M10, 10760
BH_n4_M10, 6989
BH_n2_M10, 21222
BH_n4_M10, 4293
BH_n2_M10, 23083
BH_n2_M10, 13554
BH_n6_M10, 2837
BH_n2_M10, 19126
BH_n4_M10, 7798
BH_n4_M8, 45253
BH_n6_M10, 13525
SPH_9, 9068
BH_n6_M10, 26815
BH_n4_M10, 28410
BH_n4_M10, 14049
BH_n4_M10, 8416
BH_n4_M10, 4067
BH_n6_M10, 21176
BH_n4_M8, 62633
BH_n4_M10, 15172
BH_n2_M10, 22638
BH_n4_M10, 1949
BH_n2_M10, 19341
BH_n6_M10, 7436
BH_n4_M12, 19768
BH_n6_M10, 7528
BH_n4_M10, 7784
BH_n4_M12, 19570
BH_n6_M10, 30956
BH_n4_M10, 22349
BH_n6_M10, 4231
BH_n2_M10, 18621
BH_n4_M8, 10373
BH_n4_M8, 54466
BH_n4_M8, 57454
BH_n2_M10, 5263
BH_n4_M10, 23011
BH_n4_M12, 7750
BH_n2_M10, 10579
BH_n2_M10, 7103
BH_n4_M12, 1737
BH_n4_M8, 27034
SPH_9, 35218
BH_n2_M10, 16401
BH_n4_M10, 16587
BH_n4_M10, 10214
BH_n2_M10, 583
BH_n4_M8, 44463
BH_n2_M10, 24924
SPH_9, 72986
BH_n2_M10, 23626
BH_n2_M10, 25002
BH_n4_M8, 64877
BH_n2_M10, 6938
BH_n4_M12, 13440
BH_n6_M10, 9959
BH_n4_M10, 2841
BH_n2_M10, 3773
BH_n4_M12, 1543
BH_n4_M10, 18695
BH_n4_M8, 49356
BH_n6_M10, 25356
BH_n4_M12, 848
BH_n4_M8, 25751
SPH_9, 51317
BH_n2_M10, 22103
BH_n2_M10, 14316
BH_n4_M10, 9809
BH_n4_M8, 12537
BH_n6_M10, 29039
BH_n6_M10, 13823
BH_n2_M10, 5630
BH_n4_M8, 66315
BH_n6_M10, 27922
BH_n4_M12, 19019
BH_n4_M12, 4426
BH_n2_M10, 18623
BH_n4_M8, 14270
BH_n4_M10, 19277
SPH_9, 2954
BH_n2_M10, 4352
BH_n4_M8, 24296
BH_n6_M10, 30437
BH_n4_M12, 18876
BH_n4_M10, 9267
BH_n4_M10, 14663
BH_n2_M10, 10015
BH_n4_M12, 10720
BH_n6_M10, 33827
BH_n2_M10, 14298
BH_n4_M8, 57514
BH_n6_M10, 11651
SPH_9, 8654
BH_n4_M8, 20453
SPH_9, 62556
BH_n2_M10, 13010
BH_n4_M10, 4896
BH_n4_M12, 2710
BH_n2_M10, 19390
BH_n4_M8, 12205
BH_n4_M8, 71881
BH_n4_M10, 19250
BH_n4_M12, 2979
BH_n2_M10, 5065
BH_n4_M8, 36954
BH_n2_M10, 20659
BH_n6_M10, 4589
BH_n6_M10, 7799
BH_n4_M8, 14043
BH_n4_M8, 16500
BH_n6_M10, 31028
BH_n4_M10, 3739
BH_n4_M8, 30683
BH_n6_M10, 18607
BH_n4_M12, 17248
BH_n2_M10, 15316
BH_n4_M8, 70310
BH_n4_M8, 59991
BH_n6_M10, 22055
BH_n4_M10, 26248
BH_n6_M10, 31932
BH_n4_M10, 6591
BH_n2_M10, 16996
BH_n2_M10, 4891
BH_n2_M10, 24648
BH_n4_M10, 1695
BH_n6_M10, 12678
BH_n2_M10, 19883
BH_n6_M10, 28592
BH_n4_M10, 8260
BH_n4_M8, 73677
BH_n2_M10, 26834
SPH_9, 58041
BH_n4_M10, 5265
BH_n4_M8, 80618
BH_n4_M10, 11546
BH_n4_M8, 62355
BH_n6_M10, 23524
BH_n4_M10, 8140
BH_n2_M10, 15604
BH_n4_M10, 13866
BH_n6_M10, 12424
BH_n4_M8, 22734
BH_n2_M10, 3209
BH_n4_M8, 69720
BH_n6_M10, 29061
BH_n2_M10, 20387
BH_n6_M10, 23147
BH_n4_M8, 82956
BH_n6_M10, 16483
BH_n6_M10, 3090
BH_n4_M10, 22437
BH_n4_M10, 12118
BH_n4_M8, 34250
BH_n4_M10, 14145
BH_n4_M10, 12791
BH_n4_M10, 27885
BH_n2_M10, 3467
BH_n4_M12, 1630
BH_n2_M10, 871
BH_n4_M10, 29727
BH_n4_M12, 7894
BH_n6_M10, 23191
BH_n4_M10, 5753
BH_n6_M10, 33997
BH_n6_M10, 20311
SPH_9, 470
BH_n4_M10, 21278
BH_n4_M8, 10919
BH_n6_M10, 26776
BH_n2_M10, 3231
BH_n4_M8, 76189
BH_n6_M10, 28227
BH_n6_M10, 31283
BH_n2_M10, 22562
SPH_9, 5946
BH_n2_M10, 6734
SPH_9, 79419
BH_n4_M8, 3797
BH_n4_M12, 18239
BH_n4_M10, 18055
BH_n4_M12, 2839
BH_n2_M10, 26605
BH_n6_M10, 6896
BH_n4_M10, 6710
BH_n2_M10, 15533
BH_n2_M10, 9061
BH_n4_M12, 12406
BH_n6_M10, 23308
BH_n4_M10, 24845
BH_n6_M10, 2025
BH_n4_M8, 19508
BH_n6_M10, 5892
BH_n4_M8, 69458
BH_n4_M8, 9412
BH_n4_M8, 7790
BH_n4_M8, 53555
BH_n4_M12, 19090
BH_n2_M10, 9935
BH_n2_M10, 20116
BH_n4_M12, 9528
BH_n4_M10, 16994
BH_n2_M10, 6464
BH_n4_M10, 10623
BH_n4_M12, 12479
BH_n4_M10, 10030
BH_n6_M10, 20626
BH_n4_M12, 19557
BH_n4_M10, 1428
BH_n6_M10, 14446
BH_n6_M10, 3927
BH_n6_M10, 6700
BH_n6_M10, 8353
BH_n4_M10, 767
BH_n4_M8, 37022
SPH_9, 8986
BH_n6_M10, 2694
BH_n4_M8, 22211
BH_n4_M8, 86012
BH_n2_M10, 21163
BH_n2_M10, 5467
BH_n4_M10, 10814
BH_n6_M10, 15617
BH_n4_M10, 25812
BH_n6_M10, 21800
BH_n6_M10, 16443
BH_n4_M8, 11359
BH_n6_M10, 14202
BH_n4_M8, 44707
BH_n2_M10, 4963
BH_n4_M8, 22361
BH_n4_M12, 12799
BH_n4_M10, 22523
BH_n6_M10, 6477
BH_n4_M10, 10026
BH_n6_M10, 22956
BH_n4_M10, 27170
BH_n6_M10, 18587
BH_n6_M10, 11467
BH_n6_M10, 16714
BH_n2_M10, 15984
BH_n4_M10, 13295
BH_n4_M10, 17693
BH_n6_M10, 10933
BH_n4_M10, 4148
BH_n6_M10, 22966
BH_n4_M10, 28823
BH_n6_M10, 29395
BH_n6_M10, 1748
BH_n4_M8, 9627
BH_n4_M8, 39677
BH_n6_M10, 15889
BH_n2_M10, 21547
BH_n2_M10, 18063
BH_n4_M10, 2166
BH_n4_M10, 25266
BH_n4_M10, 27180
SPH_9, 7047
BH_n2_M10, 10526
BH_n2_M10, 7381
BH_n4_M8, 16028
BH_n4_M10, 17990
BH_n4_M8, 46890
BH_n6_M10, 26385
BH_n2_M10, 21422
BH_n4_M12, 19841
BH_n4_M10, 6146
BH_n6_M10, 7790
BH_n2_M10, 5351
BH_n6_M10, 12550
SPH_9, 30793
BH_n6_M10, 23691
SPH_9, 45438
BH_n2_M10, 25610
BH_n6_M10, 17411
BH_n2_M10, 25956
BH_n4_M10, 15423
BH_n2_M10, 9108
BH_n2_M10, 26003
BH_n6_M10, 19818
BH_n4_M8, 49640
BH_n4_M12, 10386
BH_n4_M8, 63655
BH_n6_M10, 19071
BH_n4_M10, 27499
BH_n6_M10, 16319
BH_n6_M10, 71
BH_n4_M8, 21556
SPH_9, 49868
BH_n2_M10, 25720
BH_n4_M12, 13360
BH_n6_M10, 28483
BH_n4_M12, 2953
BH_n2_M10, 5729
BH_n4_M8, 66193
BH_n4_M10, 29018
BH_n2_M10, 24981
BH_n4_M8, 47598
BH_n4_M12, 17430
BH_n6_M10, 26365
BH_n4_M8, 67047
BH_n6_M10, 29017
BH_n4_M8, 18357
BH_n2_M10, 19372
BH_n4_M12, 4045
BH_n4_M10, 26798
BH_n4_M12, 18270
BH_n4_M8, 70217
BH_n4_M8, 86057
BH_n4_M10, 21621
BH_n2_M10, 3905
BH_n4_M10, 6743
BH_n6_M10, 7418
BH_n4_M12, 22838
BH_n6_M10, 20207
BH_n2_M10, 15814
BH_n4_M10, 16355
BH_n6_M10, 2036
BH_n4_M10, 1711
BH_n4_M8, 47164
BH_n4_M8, 29662
BH_n2_M10, 15187
BH_n4_M10, 5331
BH_n2_M10, 22729
BH_n4_M12, 4023
BH_n4_M12, 18897
BH_n2_M10, 2005
BH_n6_M10, 18043
BH_n4_M10, 12670
BH_n2_M10, 20634
BH_n4_M10, 10561
BH_n6_M10, 24194
BH_n6_M10, 9247
SPH_9, 14285
BH_n4_M10, 13500
SPH_9, 67567
BH_n2_M10, 19592
BH_n4_M8, 64969
BH_n2_M10, 14156
SPH_9, 35133
BH_n4_M10, 12771
BH_n6_M10, 17767
BH_n6_M10, 6496
BH_n2_M10, 8317
BH_n4_M10, 26254
BH_n4_M10, 19474
BH_n6_M10, 25091
BH_n4_M10, 14991
BH_n2_M10, 11260
BH_n2_M10, 281
BH_n4_M10, 20561
BH_n2_M10, 13827
BH_n2_M10, 7939
BH_n6_M10, 8049
BH_n2_M10, 8790
BH_n2_M10, 15954
BH_n4_M12, 22787
BH_n6_M10, 19078
BH_n6_M10, 11629
SPH_9, 15291
BH_n4_M12, 21668
BH_n2_M10, 15387
BH_n4_M8, 14912
BH_n2_M10, 20433
BH_n6_M10, 28566
BH_n4_M10, 2050
BH_n4_M10, 13199
BH_n6_M10, 34036
SPH_9, 40983
BH_n2_M10, 21818
BH_n4_M12, 17745
BH_n2_M10, 16768
BH_n4_M10, 1720
BH_n2_M10, 2049
BH_n4_M8, 30855
BH_n6_M10, 20313
BH_n2_M10, 5945
BH_n6_M10, 11964
BH_n2_M10, 17005
BH_n2_M10, 16349
BH_n2_M10, 9217
BH_n6_M10, 5035
BH_n4_M10, 18098
BH_n4_M10, 7662
BH_n4_M10, 12185
BH_n4_M10, 17246
BH_n4_M12, 11372
BH_n4_M10, 2627
BH_n4_M12, 14590
BH_n4_M8, 32892
BH_n4_M10, 13264
BH_n6_M10, 33137
BH_n2_M10, 22826
BH_n6_M10, 17659
BH_n2_M10, 3657
BH_n2_M10, 12949
SPH_9, 20132
BH_n2_M10, 15658
BH_n6_M10, 15502
BH_n4_M10, 23340
BH_n6_M10, 30297
BH_n4_M12, 18944
BH_n2_M10, 11449
BH_n4_M10, 9925
BH_n4_M10, 23709
BH_n2_M10, 11279
BH_n2_M10, 20650
BH_n6_M10, 13040
BH_n6_M10, 22635
BH_n4_M8, 18896
BH_n4_M8, 37151
BH_n2_M10, 7614
BH_n4_M10, 25474
BH_n4_M10, 14953
BH_n2_M10, 2065
BH_n4_M10, 16215
BH_n4_M8, 22273
BH_n4_M10, 5154
BH_n4_M10, 12596
BH_n6_M10, 22826
BH_n4_M10, 8538
BH_n6_M10, 31298
BH_n2_M10, 23616
BH_n4_M10, 1688
BH_n4_M10, 9687
BH_n6_M10, 14394
BH_n4_M8, 70574
BH_n4_M10, 21396
BH_n4_M10, 7373
BH_n4_M8, 5255
BH_n6_M10, 26329
BH_n4_M8, 18214
BH_n6_M10, 21839
BH_n6_M10, 14656
BH_n4_M8, 7339
BH_n4_M12, 5668
BH_n4_M8, 64574
BH_n4_M12, 11966
BH_n4_M8, 18057
BH_n6_M10, 17327
BH_n4_M10, 7046
BH_n4_M10, 21790
BH_n2_M10, 4546
BH_n6_M10, 33814
BH_n4_M8, 13486
BH_n4_M8, 80184
BH_n4_M10, 12796
BH_n2_M10, 11383
BH_n2_M10, 21983
BH_n4_M8, 58194
BH_n2_M10, 8583
BH_n4_M10, 2011
BH_n6_M10, 15299
BH_n2_M10, 11871
BH_n4_M10, 21552
BH_n4_M8, 28474
BH_n2_M10, 715
BH_n2_M10, 7519
BH_n4_M12, 16477
BH_n6_M10, 30452
BH_n4_M10, 16447
BH_n6_M10, 12120
BH_n4_M8, 34327
BH_n4_M12, 6817
BH_n2_M10, 19317
BH_n4_M10, 5087
BH_n4_M10, 19185
BH_n4_M12, 17041
BH_n6_M10, 15055
BH_n2_M10, 2904
BH_n4_M8, 4766
BH_n4_M8, 1087
BH_n4_M8, 77936
BH_n6_M10, 29274
BH_n4_M8, 48593
BH_n6_M10, 21693
BH_n4_M8, 18368
BH_n4_M10, 20343
BH_n6_M10, 9232
BH_n2_M10, 21752
BH_n2_M10, 14241
BH_n6_M10, 19034
BH_n4_M10, 13201
SPH_9, 23602
BH_n4_M12, 1753
BH_n4_M10, 21126
BH_n4_M8, 71587
BH_n4_M10, 14102
SPH_9, 62028
BH_n4_M10, 1421
BH_n4_M8, 64077
BH_n6_M10, 2284
BH_n4_M10, 10324
BH_n4_M10, 8240
BH_n2_M10, 9774
BH_n6_M10, 6050
BH_n4_M10, 30063
BH_n6_M10, 23475
BH_n4_M10, 21219
BH_n4_M12, 2897
BH_n4_M10, 14375
BH_n6_M10, 8277
BH_n4_M10, 29596
BH_n6_M10, 27909
BH_n4_M10, 23031
BH_n6_M10, 3692
BH_n4_M10, 5803
BH_n4_M8, 1568
BH_n6_M10, 7760
BH_n6_M10, 19309
BH_n2_M10, 11592
BH_n6_M10, 23248
BH_n4_M10, 2192
BH_n4_M10, 14642
BH_n6_M10, 940
BH_n4_M8, 51209
BH_n4_M10, 8476
BH_n2_M10, 26274
BH_n2_M10, 21985
BH_n4_M12, 17146
BH_n6_M10, 30799
BH_n4_M10, 29185
BH_n4_M8, 1938
BH_n6_M10, 10625
BH_n4_M8, 82712
BH_n2_M10, 8895
BH_n4_M10, 21056
BH_n4_M12, 742
BH_n4_M8, 34300
BH_n6_M10, 21993
BH_n2_M10, 23442
BH_n6_M10, 22100
BH_n6_M10, 194
BH_n4_M10, 4410
BH_n6_M10, 29872
BH_n4_M8, 19623
BH_n2_M10, 26388
BH_n4_M10, 29475
BH_n4_M12, 20712
BH_n4_M8, 52959
BH_n2_M10, 5071
BH_n4_M10, 1643
BH_n4_M10, 24315
BH_n2_M10, 21553
BH_n6_M10, 8346
BH_n6_M10, 21058
BH_n6_M10, 31687
BH_n4_M10, 17098
BH_n4_M10, 27966
BH_n6_M10, 4817
BH_n4_M10, 24417
BH_n4_M12, 15183
BH_n6_M10, 5535
BH_n2_M10, 9970
BH_n2_M10, 10299
BH_n4_M8, 65924
BH_n6_M10, 4881
BH_n4_M10, 21646
BH_n2_M10, 11910
BH_n6_M10, 11198
BH_n4_M10, 24575
BH_n6_M10, 30140
BH_n4_M8, 76462
BH_n4_M10, 7714
BH_n2_M10, 17398
BH_n4_M10, 12187
BH_n2_M10, 14449
BH_n4_M8, 40287
BH_n6_M10, 5538
SPH_9, 66167
BH_n2_M10, 19086
BH_n4_M10, 7829
BH_n6_M10, 4530
BH_n2_M10, 1655
SPH_9, 13239
BH_n2_M10, 17895
BH_n6_M10, 5555
BH_n6_M10, 859
BH_n6_M10, 452
BH_n4_M12, 19307
BH_n4_M10, 7438
BH_n4_M10, 25746
BH_n6_M10, 1956
BH_n6_M10, 19889
BH_n6_M10, 34119
BH_n4_M8, 76079
BH_n4_M10, 27500
BH_n4_M8, 33208
BH_n4_M10, 25620
BH_n2_M10, 25031
BH_n6_M10, 31467
BH_n4_M10, 6687
BH_n6_M10, 24346
BH_n4_M10, 17197
BH_n4_M8, 47061
BH_n4_M10, 1891
BH_n4_M12, 3488
BH_n4_M10, 14528
BH_n2_M10, 25585
BH_n4_M10, 7380
BH_n4_M10, 7252
BH_n4_M10, 25893
BH_n6_M10, 14860
BH_n6_M10, 19332
BH_n4_M12, 2686
BH_n4_M10, 4595
BH_n6_M10, 1594
BH_n4_M10, 9409
BH_n2_M10, 2607
BH_n2_M10, 24719
BH_n6_M10, 11470
BH_n4_M8, 17544
BH_n2_M10, 26099
BH_n4_M8, 65947
BH_n4_M12, 11820
BH_n2_M10, 18334
BH_n4_M8, 66542
BH_n4_M10, 25137
BH_n4_M12, 17333
SPH_9, 73949
BH_n6_M10, 13417
BH_n6_M10, 19517
BH_n2_M10, 11358
BH_n4_M12, 2298
BH_n4_M8, 22638
BH_n6_M10, 27212
BH_n6_M10, 13174
BH_n4_M10, 25848
BH_n2_M10, 19912
BH_n6_M10, 20141
BH_n4_M12, 2491
BH_n2_M10, 25681
BH_n4_M8, 57691
BH_n4_M8, 51446
BH_n6_M10, 6483
BH_n4_M12, 3010
BH_n2_M10, 4038
BH_n4_M10, 7503
BH_n4_M10, 18189
BH_n4_M8, 69438
SPH_9, 54944
BH_n6_M10, 7156
BH_n2_M10, 1157
BH_n2_M10, 10794
BH_n4_M10, 5306
BH_n2_M10, 5641
BH_n4_M10, 4650
BH_n2_M10, 19787
BH_n4_M8, 19723
BH_n4_M10, 23426
BH_n4_M10, 4691
BH_n6_M10, 25714
BH_n6_M10, 16353
BH_n2_M10, 20679
BH_n2_M10, 19679
BH_n4_M8, 30167
BH_n6_M10, 7587
BH_n2_M10, 13527
BH_n2_M10, 7462
BH_n6_M10, 13980
BH_n6_M10, 2597
BH_n2_M10, 8992
BH_n4_M8, 39990
BH_n2_M10, 10401
BH_n4_M12, 4784
BH_n4_M10, 5750
BH_n6_M10, 13709
BH_n4_M10, 14986
BH_n2_M10, 619
BH_n2_M10, 25719
BH_n6_M10, 27093
BH_n6_M10, 14633
BH_n4_M10, 20674
SPH_9, 18051
BH_n4_M10, 26402
BH_n4_M10, 28116
BH_n4_M10, 12662
BH_n6_M10, 34068
BH_n6_M10, 31103
BH_n6_M10, 8889
BH_n4_M10, 14526
BH_n6_M10, 29830
BH_n2_M10, 24518
BH_n4_M8, 4671
BH_n6_M10, 11166
BH_n2_M10, 12589
BH_n6_M10, 23521
BH_n2_M10, 3556
BH_n4_M8, 83201
BH_n4_M12, 14281
BH_n6_M10, 2630
BH_n4_M8, 32492
BH_n2_M10, 12887
BH_n2_M10, 12356
BH_n4_M10, 6598
BH_n4_M12, 8750
BH_n4_M10, 2958
BH_n4_M10, 22996
BH_n2_M10, 1973
BH_n2_M10, 12513
BH_n4_M10, 21213
BH_n4_M10, 14443
BH_n4_M12, 4601
BH_n4_M10, 4418
BH_n4_M10, 18039
BH_n4_M8, 60918
BH_n2_M10, 11451
BH_n4_M10, 12242
BH_n4_M12, 18686
BH_n4_M8, 4523
BH_n2_M10, 5224
BH_n4_M10, 7678
BH_n6_M10, 15259
BH_n4_M10, 24942
BH_n4_M10, 729
BH_n2_M10, 23753
BH_n2_M10, 22482
BH_n4_M8, 22705
BH_n6_M10, 17642
BH_n2_M10, 21815
BH_n4_M10, 22997
BH_n4_M10, 19435
BH_n6_M10, 17423
BH_n2_M10, 3959
BH_n4_M12, 2118
BH_n4_M10, 4579
SPH_9, 10247
BH_n2_M10, 2330
BH_n4_M10, 7924
BH_n4_M8, 7082
BH_n4_M8, 54292
BH_n2_M10, 14482
BH_n4_M12, 7953
SPH_9, 79187
BH_n6_M10, 4621
BH_n2_M10, 3447
BH_n2_M10, 7902
BH_n4_M12, 19463
BH_n2_M10, 887
BH_n4_M10, 13320
BH_n2_M10, 6848
BH_n6_M10, 16636
SPH_9, 34736
BH_n2_M10, 25683
BH_n4_M8, 67925
BH_n6_M10, 5699
BH_n2_M10, 12265
BH_n4_M8, 67816
BH_n6_M10, 21819
BH_n4_M8, 15791
BH_n2_M10, 11406
BH_n4_M12, 13899
BH_n4_M10, 18203
BH_n2_M10, 24996
BH_n4_M10, 24213
BH_n4_M12, 6246
BH_n4_M10, 22292
BH_n4_M8, 20632
BH_n2_M10, 12500
BH_n4_M10, 11851
BH_n4_M8, 64207
BH_n6_M10, 18529
BH_n6_M10, 14657
BH_n2_M10, 1862
BH_n6_M10, 11139
BH_n4_M10, 6956
SPH_9, 61411
BH_n4_M10, 25272
BH_n2_M10, 15285
BH_n4_M10, 526
BH_n4_M8, 61946
BH_n2_M10, 22601
BH_n4_M12, 9848
BH_n2_M10, 25496
BH_n4_M10, 5249
BH_n2_M10, 4695
BH_n4_M12, 15915
BH_n4_M12, 5301
BH_n4_M10, 22714
SPH_9, 45928
BH_n4_M10, 13392
BH_n4_M12, 2160
BH_n6_M10, 10027
BH_n6_M10, 25432
BH_n4_M10, 9438
BH_n6_M10, 28759
BH_n4_M8, 73784
BH_n2_M10, 8012
BH_n4_M8, 82269
SPH_9, 63876
BH_n4_M12, 20487
BH_n4_M8, 65834
BH_n2_M10, 4691
BH_n6_M10, 15214
BH_n4_M10, 24013
BH_n4_M10, 13904
BH_n4_M10, 20132
BH_n4_M8, 7357
BH_n2_M10, 8753
BH_n4_M10, 21821
BH_n2_M10, 25717
BH_n6_M10, 21253
BH_n2_M10, 16256
BH_n4_M8, 59096
BH_n4_M8, 17727
BH_n6_M10, 25361
BH_n2_M10, 26089
BH_n4_M10, 25843
BH_n4_M10, 13194
BH_n6_M10, 20097
BH_n4_M8, 63814
BH_n4_M8, 77622
BH_n4_M12, 5538
BH_n4_M10, 29711
SPH_9, 67466
BH_n4_M12, 20404
BH_n6_M10, 32969
BH_n6_M10, 26696
BH_n2_M10, 17995
BH_n6_M10, 22083
BH_n4_M10, 16506
BH_n4_M8, 82922
BH_n2_M10, 1814
BH_n6_M10, 22691
BH_n4_M10, 5759
BH_n2_M10, 21959
BH_n2_M10, 5854
BH_n4_M8, 77183
BH_n4_M12, 18051
BH_n2_M10, 2003
BH_n4_M10, 1173
BH_n4_M10, 21865
BH_n2_M10, 20170
BH_n4_M12, 11299
BH_n4_M8, 45137
BH_n4_M10, 24343
BH_n4_M12, 1302
BH_n2_M10, 13475
BH_n4_M10, 16114
BH_n4_M10, 24422
BH_n6_M10, 1627
BH_n6_M10, 13541
BH_n6_M10, 25775
BH_n4_M10, 26
BH_n4_M8, 78590
SPH_9, 60654
BH_n2_M10, 18032
BH_n4_M10, 5279
BH_n4_M8, 35752
BH_n6_M10, 13204
BH_n4_M8, 65197
BH_n6_M10, 6786
BH_n6_M10, 13429
BH_n4_M8, 61809
BH_n6_M10, 11260
BH_n4_M10, 7551
BH_n4_M12, 9129
BH_n4_M10, 10539
BH_n4_M10, 21687
BH_n4_M8, 18578
BH_n2_M10, 21886
BH_n4_M10, 27937
BH_n6_M10, 11985
BH_n4_M8, 24326
BH_n6_M10, 26037
BH_n6_M10, 11340
BH_n4_M10, 14870
BH_n6_M10, 2969
BH_n4_M10, 29826
BH_n4_M8, 33654
BH_n4_M8, 78707
BH_n2_M10, 5694
BH_n4_M8, 45160
BH_n4_M10, 4590
BH_n6_M10, 4847
BH_n4_M10, 5112
BH_n4_M12, 15643
BH_n4_M8, 52581
BH_n2_M10, 2450
BH_n6_M10, 30812
BH_n2_M10, 10504
BH_n2_M10, 3842
BH_n4_M8, 73745
BH_n6_M10, 31876
BH_n6_M10, 14381
BH_n6_M10, 28943
BH_n4_M8, 18377
BH_n6_M10, 8191
BH_n4_M10, 19686
BH_n2_M10, 25570
SPH_9, 48847
BH_n6_M10, 28305
BH_n4_M10, 24478
SPH_9, 3160
BH_n4_M12, 9132
BH_n6_M10, 32283
BH_n4_M10, 24225
BH_n4_M10, 18355
BH_n6_M10, 1051
BH_n6_M10, 33207
BH_n4_M12, 21191
BH_n4_M10, 8997
BH_n4_M10, 18157
BH_n6_M10, 19770
SPH_9, 58869
BH_n4_M8, 13026
BH_n4_M8, 55804
BH_n4_M10, 29360
BH_n4_M10, 21167
BH_n4_M10, 23864
BH_n4_M8, 21039
BH_n6_M10, 32708
SPH_9, 41876
BH_n4_M10, 2567
BH_n4_M12, 17896
BH_n4_M12, 19134
BH_n4_M12, 21854
BH_n6_M10, 13958
BH_n4_M10, 24413
BH_n4_M12, 12001
BH_n4_M10, 7982
BH_n4_M10, 3540
BH_n4_M8, 85927
BH_n4_M10, 22758
BH_n4_M8, 51666
BH_n2_M10, 5890
BH_n2_M10, 12153
BH_n2_M10, 14655
BH_n4_M10, 26904
BH_n4_M12, 1711
BH_n2_M10, 11856
BH_n4_M10, 10410
BH_n6_M10, 15014
BH_n2_M10, 15950
BH_n2_M10, 22269
BH_n4_M8, 49284
BH_n4_M10, 13962
BH_n6_M10, 21391
BH_n6_M10, 1543
BH_n4_M10, 5862
BH_n4_M8, 73929
BH_n2_M10, 7884
BH_n6_M10, 7323
SPH_9, 13292
BH_n4_M8, 55422
BH_n6_M10, 10644
BH_n2_M10, 26040
BH_n6_M10, 14248
BH_n2_M10, 26282
BH_n4_M10, 28538
BH_n4_M10, 3221
BH_n2_M10, 16172
BH_n4_M8, 72888
BH_n2_M10, 19222
BH_n6_M10, 7363
BH_n4_M8, 57538
BH_n6_M10, 11516
BH_n2_M10, 23407
BH_n2_M10, 19116
BH_n4_M10, 5332
BH_n4_M10, 20154
BH_n2_M10, 17146
BH_n4_M8, 9891
BH_n4_M10, 931
BH_n4_M12, 1195
BH_n2_M10, 18573
BH_n6_M10, 23259
BH_n6_M10, 26878
BH_n6_M10, 23114
BH_n6_M10, 11086
BH_n4_M10, 1004
BH_n4_M12, 1515
BH_n4_M10, 12972
BH_n6_M10, 3005
SPH_9, 8056
BH_n4_M10, 20517
BH_n6_M10, 28180
BH_n4_M12, 5005
BH_n4_M8, 45851
BH_n4_M10, 26749
BH_n4_M12, 10824
BH_n4_M8, 26710
BH_n4_M12, 14949
BH_n4_M10, 19210
BH_n4_M10, 4997
BH_n4_M10, 27597
SPH_9, 60238
BH_n6_M10, 31680
BH_n4_M12, 3590
BH_n4_M10, 10696
BH_n6_M10, 23481
BH_n4_M8, 1481
BH_n4_M8, 61103
BH_n2_M10, 16945
BH_n4_M8, 79173
BH_n6_M10, 29362
BH_n4_M10, 23669
BH_n2_M10, 23771
BH_n6_M10, 28570
BH_n4_M8, 43696
BH_n4_M8, 51384
BH_n6_M10, 31472
BH_n4_M8, 37095
BH_n4_M8, 21808
BH_n4_M10, 23095
BH_n4_M10, 4073
BH_n4_M12, 11650
BH_n4_M8, 45138
BH_n2_M10, 24013
BH_n4_M12, 1287
BH_n4_M10, 6904
BH_n2_M10, 12432
BH_n4_M12, 4531
BH_n2_M10, 9607
BH_n6_M10, 33585
BH_n4_M12, 6391
BH_n4_M12, 18728
BH_n4_M10, 6094
SPH_9, 42710
BH_n4_M8, 19683
BH_n2_M10, 24258
BH_n4_M10, 4114
BH_n4_M10, 14974
BH_n4_M10, 27849
BH_n2_M10, 8306
BH_n4_M8, 45477
BH_n4_M10, 7307
BH_n6_M10, 11402
BH_n2_M10, 12133
BH_n2_M10, 3151
BH_n4_M10, 23462
BH_n4_M10, 8842
BH_n6_M10, 5526
BH_n4_M10, 13200
BH_n6_M10, 13010
BH_n4_M12, 14180
BH_n4_M10, 30768
BH_n4_M8, 76882
BH_n6_M10, 28801
BH_n4_M10, 6898
BH_n4_M10, 9931
BH_n4_M10, 5074
BH_n4_M10, 12295
BH_n4_M10, 22472
BH_n6_M10, 3884
BH_n6_M10, 17113
BH_n2_M10, 12528
BH_n6_M10, 13003
BH_n4_M10, 20894
BH_n4_M8, 79901
BH_n4_M10, 4527
BH_n4_M10, 8071
BH_n6_M10, 12829
BH_n2_M10, 13580
BH_n6_M10, 20794
SPH_9, 54353
BH_n4_M10, 17371
BH_n2_M10, 25153
BH_n4_M12, 11304
BH_n4_M12, 10648
BH_n4_M8, 40568
BH_n4_M8, 69314
BH_n6_M10, 4533
BH_n6_M10, 97
BH_n6_M10, 12699
BH_n4_M12, 11535
BH_n6_M10, 11747
BH_n4_M12, 12619
BH_n4_M10, 11977
BH_n4_M10, 2606
BH_n4_M8, 54469
BH_n4_M10, 24728
BH_n2_M10, 24967
BH_n4_M10, 26599
BH_n4_M12, 827
BH_n4_M10, 26385
BH_n4_M10, 30164
BH_n2_M10, 1248
BH_n4_M10, 3433
BH_n4_M8, 23260
BH_n4_M10, 19135
BH_n4_M8, 45276
BH_n4_M10, 13782
BH_n2_M10, 11123
BH_n4_M12, 14779
BH_n4_M10, 30356
BH_n2_M10, 4584
BH_n2_M10, 6082
BH_n2_M10, 8030
BH_n2_M10, 6069
SPH_9, 48471
BH_n6_M10, 34053
BH_n6_M10, 18257
BH_n2_M10, 18770
BH_n2_M10, 11511
BH_n6_M10, 5421
BH_n6_M10, 16627
BH_n2_M10, 20330
BH_n4_M10, 25306
BH_n4_M8, 40498
BH_n2_M10, 9598
BH_n4_M10, 8521
BH_n2_M10, 2547
BH_n6_M10, 19437
BH_n4_M8, 18961
BH_n4_M10, 10338
BH_n6_M10, 25657
SPH_9, 30646
BH_n4_M12, 21174
BH_n2_M10, 11547
BH_n6_M10, 6235
BH_n6_M10, 4573
SPH_9, 64739
BH_n4_M10, 6051
BH_n4_M10, 21116
BH_n6_M10, 34003
BH_n2_M10, 17467
BH_n2_M10, 22558
BH_n4_M8, 48780
BH_n4_M10, 18301
BH_n4_M10, 21183
BH_n2_M10, 6145
BH_n4_M12, 5262
BH_n6_M10, 31385
BH_n4_M10, 21961
BH_n4_M8, 68736
SPH_9, 34154
BH_n2_M10, 8078
BH_n4_M10, 18399
BH_n2_M10, 11721
BH_n2_M10, 25277
BH_n2_M10, 25619
BH_n2_M10, 8810
BH_n4_M8, 47541
BH_n4_M10, 8074
BH_n2_M10, 8191
BH_n4_M10, 29763
BH_n4_M8, 78627
BH_n6_M10, 20957
BH_n6_M10, 28722
BH_n6_M10, 8727
BH_n4_M10, 11997
BH_n4_M10, 21046
BH_n4_M8, 85316
BH_n4_M12, 16306
BH_n6_M10, 12754
BH_n2_M10, 5868
BH_n4_M10, 15196
BH_n6_M10, 7858
BH_n2_M10, 24959
BH_n2_M10, 14525
BH_n4_M12, 15725
BH_n2_M10, 24850
BH_n2_M10, 9001
SPH_9, 25937
BH_n4_M10, 1923
BH_n6_M10, 9940
BH_n6_M10, 11045
BH_n2_M10, 19717
BH_n4_M8, 25938
BH_n4_M12, 21922
BH_n4_M10, 15677
BH_n2_M10, 9683
BH_n6_M10, 24051
BH_n4_M10, 26387
BH_n4_M8, 9466
BH_n2_M10, 21782
BH_n2_M10, 11749
BH_n4_M10, 10552
BH_n6_M10, 23156
BH_n6_M10, 12819
BH_n4_M10, 28048
BH_n6_M10, 4989
SPH_9, 14058
BH_n2_M10, 6874
BH_n4_M10, 22621
BH_n4_M10, 14512
BH_n4_M8, 84134
BH_n4_M12, 16289
BH_n4_M8, 617
BH_n2_M10, 18268
BH_n2_M10, 16729
BH_n4_M10, 12191
BH_n2_M10, 25626
BH_n4_M8, 64929
BH_n4_M10, 13025
BH_n6_M10, 6675
BH_n4_M8, 2646
BH_n2_M10, 18901
BH_n4_M10, 17625
BH_n4_M12, 22177
BH_n6_M10, 11552
BH_n6_M10, 33032
BH_n6_M10, 16332
BH_n2_M10, 10543
BH_n4_M8, 57758
BH_n4_M10, 9348
BH_n4_M8, 57725
BH_n4_M10, 9521
BH_n2_M10, 21220
BH_n4_M10, 9450
BH_n4_M10, 24537
BH_n6_M10, 5392
BH_n4_M10, 6778
BH_n6_M10, 5827
BH_n2_M10, 15907
BH_n6_M10, 4818
BH_n6_M10, 29391
BH_n6_M10, 13895
BH_n4_M10, 4702
BH_n4_M10, 28688
BH_n4_M10, 4262
BH_n6_M10, 25854
BH_n6_M10, 14960
BH_n6_M10, 8243
BH_n2_M10, 21933
BH_n4_M10, 30301
BH_n2_M10, 26110
BH_n6_M10, 6760
BH_n6_M10, 18671
BH_n2_M10, 3504
BH_n4_M10, 23933
BH_n4_M10, 23523
BH_n2_M10, 15435
BH_n6_M10, 31692
SPH_9, 62808
BH_n4_M12, 5179
BH_n4_M12, 7898
BH_n4_M8, 16611
BH_n4_M12, 13088
BH_n4_M12, 1231
BH_n4_M10, 27114
BH_n4_M10, 21922
BH_n4_M10, 30512
BH_n4_M10, 20763
BH_n6_M10, 9728
BH_n6_M10, 324
BH_n4_M10, 13183
BH_n2_M10, 11487
BH_n4_M10, 30379
BH_n2_M10, 4077
BH_n2_M10, 19129
BH_n4_M10, 23093
BH_n4_M10, 29639
BH_n6_M10, 12032
BH_n6_M10, 33767
BH_n6_M10, 31187
BH_n2_M10, 3532
BH_n4_M8, 12213
BH_n2_M10, 19892
BH_n4_M8, 13537
BH_n6_M10, 15498
BH_n2_M10, 22503
BH_n4_M10, 25257
BH_n4_M8, 59464
BH_n4_M10, 18717
BH_n6_M10, 21458
BH_n2_M10, 18812
BH_n4_M10, 3232
BH_n6_M10, 24626
BH_n4_M8, 43227
BH_n4_M10, 4879
BH_n6_M10, 572
BH_n4_M10, 1582
BH_n6_M10, 33896
BH_n6_M10, 11075
BH_n4_M12, 920
SPH_9, 21925
BH_n4_M8, 62920
BH_n6_M10, 23578
BH_n2_M10, 21102
BH_n6_M10, 26294
BH_n2_M10, 22840
BH_n4_M10, 14552
BH_n2_M10, 19005
BH_n4_M8, 24610
BH_n2_M10, 5718
BH_n4_M10, 20670
BH_n4_M8, 67605
BH_n4_M10, 11218
BH_n4_M10, 3930
BH_n6_M10, 5728
BH_n2_M10, 13599
BH_n6_M10, 28805
BH_n4_M10, 25738
BH_n6_M10, 12117
BH_n6_M10, 2483
BH_n4_M8, 68129
BH_n6_M10, 9945
BH_n6_M10, 24473
BH_n4_M8, 20658
BH_n4_M10, 11781
BH_n4_M12, 3836
BH_n6_M10, 542
BH_n4_M8, 82493
BH_n6_M10, 29685
BH_n4_M10, 24042
SPH_9, 16052
BH_n4_M10, 14791
BH_n4_M10, 12240
BH_n2_M10, 3733
BH_n6_M10, 33111
BH_n2_M10, 2347
BH_n6_M10, 29884
BH_n2_M10, 23996
BH_n6_M10, 28623
BH_n6_M10, 12468
BH_n6_M10, 13796
BH_n6_M10, 29914
BH_n6_M10, 18990
BH_n2_M10, 20583
BH_n2_M10, 10671
SPH_9, 68621
BH_n4_M12, 4231
BH_n4_M10, 17420
BH_n6_M10, 15164
BH_n4_M10, 22818
BH_n2_M10, 18101
BH_n4_M10, 28422
SPH_9, 29058
BH_n4_M12, 22461
BH_n4_M8, 68993
BH_n4_M12, 22120
BH_n6_M10, 27883
BH_n6_M10, 854
BH_n6_M10, 17183
BH_n6_M10, 9297
BH_n6_M10, 21570
BH_n4_M10, 3178
BH_n4_M10, 7146
BH_n4_M10, 28742
BH_n6_M10, 29049
BH_n6_M10, 10276
BH_n4_M10, 24399
BH_n4_M12, 4978
BH_n4_M8, 37945
BH_n2_M10, 17513
BH_n4_M8, 80380
BH_n4_M10, 29097
BH_n6_M10, 14382
BH_n4_M10, 25271
BH_n4_M10, 4452
BH_n6_M10, 11248
BH_n6_M10, 17611
BH_n2_M10, 13179
BH_n6_M10, 7535
BH_n2_M10, 12264
BH_n2_M10, 12229
BH_n4_M10, 25619
BH_n2_M10, 10684
BH_n4_M12, 13206
BH_n4_M10, 7519
BH_n2_M10, 987
BH_n4_M10, 11306
BH_n4_M12, 20452
BH_n2_M10, 3198
BH_n6_M10, 972
BH_n6_M10, 32323
BH_n2_M10, 12847
BH_n4_M10, 7914
BH_n4_M10, 10020
BH_n4_M10, 29985
BH_n6_M10, 31300
BH_n4_M12, 18814
BH_n4_M8, 44422
SPH_9, 20249
BH_n4_M8, 24341
BH_n4_M12, 16248
BH_n6_M10, 22268
BH_n4_M10, 7722
BH_n4_M8, 33771
BH_n2_M10, 9545
BH_n4_M10, 3697
BH_n6_M10, 8507
SPH_9, 25709
BH_n4_M8, 68875
BH_n2_M10, 12174
BH_n6_M10, 33594
BH_n4_M12, 22740
BH_n6_M10, 8710
BH_n2_M10, 21389
BH_n4_M10, 2167
BH_n2_M10, 17164
BH_n6_M10, 27034
BH_n6_M10, 28530
BH_n6_M10, 18020
SPH_9, 50981
SPH_9, 71549
BH_n4_M10, 4451
BH_n4_M10, 22493
BH_n4_M10, 9879
BH_n4_M8, 16864
BH_n6_M10, 11048
BH_n2_M10, 769
BH_n4_M8, 22413
BH_n6_M10, 14332
BH_n6_M10, 26689
BH_n2_M10, 8452
BH_n6_M10, 556
BH_n4_M10, 24317
BH_n4_M10, 29225
BH_n6_M10, 18669
BH_n2_M10, 26582
BH_n4_M10, 19216
BH_n2_M10, 8436
BH_n4_M10, 22798
BH_n2_M10, 17588
SPH_9, 9794
BH_n4_M10, 14082
BH_n4_M10, 10108
BH_n6_M10, 22041
BH_n4_M10, 26588
BH_n4_M10, 17649
BH_n4_M12, 3441
BH_n6_M10, 116
BH_n6_M10, 2143
BH_n4_M10, 3153
BH_n6_M10, 6723
BH_n4_M10, 9234
BH_n4_M12, 17183
BH_n2_M10, 7075
BH_n2_M10, 19745
BH_n2_M10, 1723
BH_n4_M8, 19804
BH_n2_M10, 25924
BH_n6_M10, 4120
BH_n2_M10, 7921
BH_n4_M8, 12879
BH_n4_M8, 76736
BH_n4_M10, 17248
BH_n4_M10, 17884
BH_n4_M8, 31779
BH_n6_M10, 31142
BH_n4_M8, 34066
BH_n4_M8, 67015
BH_n4_M10, 7169
BH_n4_M12, 16735
BH_n6_M10, 29756
BH_n4_M8, 30650
BH_n6_M10, 17917
BH_n2_M10, 12642
BH_n2_M10, 22428
BH_n4_M10, 13042
BH_n2_M10, 18146
BH_n4_M8, 10418
BH_n2_M10, 9519
BH_n2_M10, 2259
SPH_9, 59260
BH_n4_M8, 47214
BH_n4_M8, 19392
BH_n2_M10, 10571
BH_n4_M10, 19710
BH_n6_M10, 31329
BH_n6_M10, 22511
BH_n6_M10, 29098
BH_n4_M8, 29780
BH_n4_M8, 53268
SPH_9, 16885
BH_n4_M10, 27476
BH_n2_M10, 20991
BH_n4_M10, 5202
BH_n4_M8, 71048
SPH_9, 80869
BH_n2_M10, 512
BH_n4_M10, 25872
SPH_9, 79643
BH_n4_M12, 16293
BH_n2_M10, 25339
BH_n6_M10, 24966
BH_n2_M10, 4373
BH_n4_M10, 22130
BH_n4_M8, 32216
BH_n4_M10, 23986
BH_n4_M8, 14193
BH_n4_M10, 26529
BH_n4_M8, 25293
BH_n4_M10, 22478
BH_n4_M10, 20672
BH_n4_M10, 22410
BH_n2_M10, 13425
BH_n4_M10, 22351
BH_n4_M8, 76504
BH_n2_M10, 7728
BH_n4_M8, 73585
BH_n4_M8, 74239
BH_n4_M8, 41550
BH_n4_M10, 22830
BH_n4_M10, 5275
BH_n6_M10, 15074
BH_n6_M10, 15729
BH_n4_M10, 10882
BH_n4_M10, 29120
BH_n6_M10, 18183
BH_n4_M10, 3867
BH_n6_M10, 21170
BH_n4_M8, 47754
BH_n4_M10, 6211
BH_n4_M8, 64691
BH_n6_M10, 25518
BH_n2_M10, 26655
BH_n2_M10, 20013
BH_n4_M8, 56076
BH_n4_M10, 5977
BH_n4_M12, 12007
BH_n6_M10, 13449
BH_n4_M12, 5725
BH_n4_M10, 25434
BH_n2_M10, 21331
BH_n6_M10, 6848
BH_n4_M10, 20860
BH_n6_M10, 25546
BH_n2_M10, 12779
BH_n2_M10, 22662
BH_n6_M10, 8741
BH_n4_M8, 83526
BH_n4_M10, 1122
BH_n2_M10, 4363
BH_n6_M10, 34104
BH_n4_M8, 74894
BH_n4_M10, 7205
BH_n6_M10, 6092
BH_n4_M8, 30657
BH_n4_M12, 18882
BH_n6_M10, 31512
BH_n6_M10, 28240
BH_n4_M10, 17844
BH_n2_M10, 4743
BH_n4_M10, 11482
BH_n4_M10, 24944
SPH_9, 10426
BH_n6_M10, 30247
BH_n4_M10, 17941
BH_n2_M10, 9505
BH_n4_M12, 10375
BH_n2_M10, 23210
BH_n6_M10, 6884
BH_n6_M10, 33114
BH_n4_M10, 25161
BH_n4_M8, 54753
BH_n2_M10, 26256
BH_n4_M10, 18697
BH_n4_M10, 8493
BH_n4_M8, 51643
BH_n4_M10, 10503
BH_n4_M10, 12876
BH_n4_M8, 53446
BH_n4_M8, 41422
BH_n4_M10, 12436
BH_n4_M12, 6188
BH_n4_M10, 25882
BH_n4_M8, 72964
BH_n2_M10, 8368
BH_n6_M10, 6906
BH_n4_M12, 11002
BH_n4_M10, 10291
BH_n2_M10, 26805
BH_n6_M10, 29803
BH_n4_M10, 27673
BH_n4_M10, 19974
BH_n2_M10, 12344
SPH_9, 55697
BH_n4_M10, 16203
BH_n6_M10, 33055
BH_n6_M10, 10598
BH_n2_M10, 2517
BH_n6_M10, 31166
BH_n4_M10, 896
BH_n4_M10, 2810
BH_n2_M10, 14568
BH_n4_M10, 5595
BH_n2_M10, 6661
BH_n4_M12, 14319
BH_n4_M10, 9964
BH_n4_M10, 18524
BH_n4_M10, 11723
BH_n4_M10, 14099
BH_n4_M10, 20768
BH_n6_M10, 19533
BH_n4_M10, 21043
BH_n4_M10, 14394
BH_n6_M10, 22875
BH_n6_M10, 11802
BH_n4_M10, 27842
BH_n6_M10, 29571
SPH_9, 10609
BH_n6_M10, 28789
BH_n4_M12, 6597
BH_n2_M10, 11950
BH_n4_M10, 25066
BH_n4_M8, 57339
BH_n4_M10, 27670
BH_n6_M10, 29328
BH_n2_M10, 18758
BH_n4_M10, 12408
BH_n4_M10, 11013
BH_n4_M10, 10466
BH_n4_M10, 9507
BH_n6_M10, 26866
BH_n2_M10, 3966
BH_n2_M10, 9362
BH_n2_M10, 23880
BH_n6_M10, 24911
BH_n2_M10, 1644
BH_n6_M10, 8168
SPH_9, 30527
BH_n2_M10, 18737
BH_n4_M12, 14455
BH_n4_M10, 5165
BH_n4_M10, 6933
BH_n2_M10, 5997
BH_n4_M12, 16416
BH_n6_M10, 4404
BH_n4_M10, 11746
BH_n4_M8, 66581
BH_n2_M10, 20175
BH_n6_M10, 17453
BH_n6_M10, 13633
BH_n6_M10, 9984
BH_n2_M10, 4746
BH_n4_M10, 29952
BH_n4_M10, 13662
BH_n2_M10, 4983
SPH_9, 61989
BH_n4_M8, 82250
BH_n6_M10, 31197
BH_n4_M8, 49725
BH_n2_M10, 21732
BH_n2_M10, 19299
BH_n2_M10, 7643
SPH_9, 47109
BH_n4_M10, 21211
BH_n4_M10, 5403
BH_n6_M10, 24039
BH_n4_M8, 427
BH_n4_M10, 28398
BH_n4_M12, 20599
BH_n6_M10, 28646
BH_n2_M10, 7435
BH_n6_M10, 28919
BH_n6_M10, 23240
BH_n6_M10, 9063
BH_n2_M10, 1588
BH_n2_M10, 2881
BH_n4_M8, 45597
BH_n4_M10, 12161
BH_n6_M10, 8802
BH_n4_M10, 28586
BH_n6_M10, 16141
BH_n2_M10, 6155
BH_n6_M10, 12808
BH_n4_M10, 9301
SPH_9, 77583
BH_n6_M10, 22419
BH_n2_M10, 22477
BH_n4_M10, 13
BH_n6_M10, 31171
BH_n4_M10, 27478
BH_n2_M10, 13561
BH_n6_M10, 33597
BH_n6_M10, 33013
BH_n4_M10, 9035
BH_n2_M10, 3930
BH_n6_M10, 21599
BH_n4_M12, 6448
BH_n6_M10, 14554
BH_n2_M10, 1535
BH_n2_M10, 12170
BH_n4_M8, 49961
BH_n2_M10, 15825
BH_n4_M10, 28704
BH_n2_M10, 26269
BH_n6_M10, 30312
BH_n2_M10, 9687
BH_n6_M10, 32505
BH_n6_M10, 11067
SPH_9, 50171
BH_n6_M10, 520
BH_n2_M10, 1207
BH_n4_M10, 27280
BH_n6_M10, 12538
BH_n4_M12, 11362
BH_n4_M10, 4115
BH_n6_M10, 12045
BH_n4_M10, 2602
BH_n4_M10, 23309
BH_n4_M10, 30590
BH_n4_M10, 25965
BH_n4_M10, 21465
BH_n4_M10, 29894
BH_n4_M8, 55100
BH_n6_M10, 2283
BH_n6_M10, 17951
BH_n4_M8, 43524
BH_n4_M10, 28053
BH_n2_M10, 11186
BH_n4_M8, 8385
BH_n6_M10, 23220
BH_n2_M10, 17961
BH_n4_M12, 4037
BH_n2_M10, 22516
BH_n6_M10, 28031
BH_n2_M10, 12389
BH_n4_M8, 86131
BH_n4_M12, 22235
BH_n6_M10, 7407
BH_n4_M12, 1141
BH_n2_M10, 13368
BH_n2_M10, 22708
BH_n6_M10, 9855
BH_n4_M8, 24725
BH_n6_M10, 15095
BH_n2_M10, 960
BH_n4_M10, 24996
BH_n2_M10, 16806
BH_n2_M10, 21118
BH_n6_M10, 22425
BH_n2_M10, 26904
BH_n4_M12, 3940
BH_n2_M10, 14600
BH_n4_M12, 11293
BH_n4_M10, 3318
BH_n4_M8, 31925
BH_n6_M10, 18054
BH_n6_M10, 31605
BH_n4_M10, 13818
BH_n4_M12, 12910
SPH_9, 39942
BH_n4_M10, 15076
BH_n2_M10, 57
BH_n2_M10, 11012
SPH_9, 270
BH_n6_M10, 9875
BH_n4_M8, 43501
BH_n2_M10, 234
BH_n2_M10, 20068
BH_n4_M10, 29014
BH_n4_M10, 22104
BH_n6_M10, 32360
BH_n4_M8, 892
BH_n6_M10, 17151
BH_n4_M10, 14070
BH_n2_M10, 15206
BH_n4_M8, 27233
SPH_9, 78909
BH_n2_M10, 20242
BH_n6_M10, 24106
BH_n2_M10, 17375
SPH_9, 18713
BH_n4_M12, 10339
BH_n6_M10, 15107
BH_n6_M10, 17055
BH_n6_M10, 30566
BH_n6_M10, 32072
SPH_9, 49561
BH_n4_M12, 3305
BH_n4_M10, 25571
BH_n4_M12, 22751
BH_n4_M10, 22076
BH_n6_M10, 19084
BH_n6_M10, 23431
BH_n4_M10, 4704
BH_n4_M12, 9770
BH_n4_M10, 640
BH_n6_M10, 5115
BH_n2_M10, 24164
BH_n2_M10, 25593
BH_n4_M10, 26212
BH_n4_M12, 21559
BH_n2_M10, 12932
BH_n2_M10, 15733
BH_n4_M10, 25015
BH_n4_M10, 1239
BH_n4_M10, 10849
BH_n2_M10, 26860
BH_n2_M10, 10854
BH_n4_M10, 13897
BH_n6_M10, 21148
BH_n2_M10, 13552
BH_n6_M10, 3748
BH_n4_M10, 29261
BH_n4_M10, 4889
BH_n4_M8, 77281
BH_n4_M10, 2137
BH_n4_M8, 5090
BH_n6_M10, 12093
BH_n6_M10, 2011
BH_n4_M12, 7635
BH_n6_M10, 1164
BH_n4_M8, 75810
BH_n6_M10, 20243
BH_n4_M10, 10036
BH_n4_M10, 3088
SPH_9, 31816
BH_n4_M10, 14327
BH_n2_M10, 12739
BH_n6_M10, 18318
BH_n4_M12, 11642
BH_n4_M12, 5050
BH_n2_M10, 20996
BH_n2_M10, 3946
BH_n4_M8, 15634
BH_n2_M10, 22725
BH_n6_M10, 5617
BH_n2_M10, 22453
BH_n2_M10, 13064
BH_n6_M10, 30394
BH_n4_M10, 24559
SPH_9, 5454
BH_n4_M12, 10823
BH_n4_M10, 29059
BH_n2_M10, 1513
BH_n6_M10, 10848
BH_n2_M10, 13791
BH_n6_M10, 32666
BH_n4_M10, 932
BH_n4_M12, 17115
BH_n4_M12, 7737
SPH_9, 21190
BH_n4_M10, 15063
BH_n6_M10, 29944
BH_n6_M10, 20236
BH_n2_M10, 10326
BH_n6_M10, 25394
BH_n2_M10, 7848
BH_n6_M10, 31908
BH_n4_M12, 19943
BH_n6_M10, 1081
BH_n2_M10, 24925
BH_n2_M10, 8183
BH_n6_M10, 27039
BH_n2_M10, 731
BH_n6_M10, 18730
BH_n4_M10, 20484
BH_n2_M10, 11228
BH_n4_M12, 7613
BH_n6_M10, 30927
BH_n2_M10, 52
BH_n6_M10, 30906
BH_n4_M8, 20892
BH_n4_M12, 20159
BH_n2_M10, 13720
BH_n6_M10, 7103
BH_n2_M10, 17233
BH_n2_M10, 13810
BH_n6_M10, 16875
BH_n4_M8, 34959
BH_n6_M10, 5999
BH_n2_M10, 1603
BH_n6_M10, 33682
BH_n4_M10, 22858
BH_n2_M10, 7511
BH_n4_M10, 23533
BH_n2_M10, 25665
BH_n2_M10, 19891
BH_n6_M10, 15876
BH_n2_M10, 26356
BH_n2_M10, 13541
BH_n6_M10, 13193
BH_n6_M10, 31268
BH_n4_M12, 8189
SPH_9, 29177
BH_n4_M10, 9232
BH_n2_M10, 19996
BH_n2_M10, 8864
BH_n4_M10, 11525
BH_n6_M10, 2308
BH_n2_M10, 21371
BH_n2_M10, 25323
BH_n4_M10, 14738
BH_n2_M10, 24915
BH_n6_M10, 4398
BH_n4_M8, 62294
BH_n6_M10, 7981
BH_n2_M10, 9540
BH_n4_M10, 19767
SPH_9, 63968
BH_n4_M8, 53318
BH_n6_M10, 7318
BH_n4_M8, 46686
BH_n4_M8, 20325
BH_n4_M10, 23132
BH_n6_M10, 612
BH_n4_M10, 22811
BH_n2_M10, 16981
BH_n4_M10, 8716
BH_n4_M12, 17568
BH_n2_M10, 8275
BH_n4_M10, 4871
BH_n4_M12, 180
BH_n4_M10, 18545
BH_n6_M10, 17595
BH_n6_M10, 33264
BH_n4_M10, 27177
BH_n4_M10, 9110
BH_n2_M10, 4849
BH_n4_M8, 53355
BH_n4_M12, 17042
BH_n4_M10, 5786
BH_n4_M10, 14281
BH_n6_M10, 28057
BH_n4_M12, 15744
BH_n4_M10, 5954
BH_n2_M10, 1542
BH_n4_M10, 11412
BH_n6_M10, 8883
BH_n4_M10, 47
BH_n2_M10, 7868
BH_n6_M10, 1560
BH_n4_M10, 18112
BH_n4_M12, 5206
BH_n4_M10, 26984
BH_n4_M10, 22442
BH_n6_M10, 34273
BH_n4_M12, 16406
BH_n6_M10, 25774
BH_n4_M10, 13075
BH_n6_M10, 19850
BH_n2_M10, 12269
BH_n6_M10, 14150
BH_n6_M10, 4412
BH_n6_M10, 10404
BH_n2_M10, 12206
BH_n4_M10, 1671
BH_n4_M10, 21637
BH_n2_M10, 15648
BH_n4_M10, 24132
BH_n2_M10, 5228
SPH_9, 11415
BH_n6_M10, 14345
BH_n4_M8, 45394
BH_n6_M10, 1924
BH_n4_M10, 18398
BH_n4_M10, 27487
BH_n6_M10, 25735
BH_n2_M10, 23455
BH_n4_M10, 10327
BH_n4_M10, 13709
BH_n4_M8, 59633
BH_n4_M12, 5176
BH_n2_M10, 5505
BH_n6_M10, 26113
BH_n4_M8, 86458
BH_n6_M10, 19218
BH_n6_M10, 1271
BH_n6_M10, 12010
BH_n4_M10, 6815
BH_n6_M10, 4265
BH_n4_M12, 4198
BH_n4_M10, 14484
BH_n4_M10, 15235
BH_n4_M8, 22626
BH_n4_M8, 6357
BH_n2_M10, 181
BH_n6_M10, 18985
BH_n4_M10, 15071
BH_n4_M12, 3418
BH_n2_M10, 20860
BH_n4_M8, 83266
BH_n4_M10, 21427
BH_n4_M12, 21006
BH_n4_M10, 17591
BH_n2_M10, 9574
BH_n2_M10, 7284
BH_n6_M10, 32379
BH_n4_M10, 6706
BH_n4_M8, 50168
SPH_9, 21205
SPH_9, 55876
BH_n2_M10, 9326
BH_n6_M10, 29241
BH_n4_M8, 45794
BH_n2_M10, 19697
BH_n4_M10, 6738
BH_n4_M12, 20680
BH_n2_M10, 8279
BH_n2_M10, 5498
SPH_9, 12179
BH_n2_M10, 9864
BH_n6_M10, 24389
BH_n6_M10, 29933
BH_n6_M10, 5109
BH_n4_M12, 3170
BH_n4_M12, 18514
BH_n6_M10, 532
BH_n4_M8, 76004
BH_n4_M8, 15318
SPH_9, 27619
BH_n4_M10, 12421
BH_n2_M10, 7705
BH_n2_M10, 18182
BH_n6_M10, 27983
BH_n4_M12, 10006
BH_n4_M10, 11096
BH_n4_M8, 19136
BH_n6_M10, 1596
BH_n4_M10, 8851
BH_n6_M10, 30615
BH_n6_M10, 1598
BH_n4_M10, 12924
BH_n2_M10, 11129
BH_n4_M10, 25170
BH_n4_M10, 7637
BH_n4_M10, 26100
BH_n2_M10, 3568
BH_n2_M10, 17974
SPH_9, 51995
BH_n4_M10, 20454
BH_n6_M10, 14562
BH_n4_M10, 6543
BH_n2_M10, 7340
BH_n4_M10, 18623
BH_n4_M10, 7661
BH_n2_M10, 10225
BH_n6_M10, 18533
BH_n4_M10, 26688
BH_n6_M10, 2469
BH_n4_M10, 1846
BH_n2_M10, 21937
BH_n6_M10, 5016
BH_n6_M10, 11986
BH_n4_M10, 4990
BH_n6_M10, 19265
BH_n2_M10, 10568
BH_n2_M10, 7504
BH_n2_M10, 4210
BH_n2_M10, 26081
BH_n4_M10, 23413
BH_n4_M8, 85531
BH_n4_M8, 73135
BH_n2_M10, 11052
BH_n4_M12, 15396
BH_n2_M10, 12517
BH_n4_M8, 81227
BH_n4_M10, 7811
BH_n6_M10, 14442
BH_n6_M10, 6268
BH_n4_M10, 5751
BH_n4_M10, 2753
BH_n2_M10, 20012
BH_n4_M8, 64902
BH_n6_M10, 7725
BH_n4_M10, 4218
BH_n6_M10, 31924
BH_n4_M10, 20625
BH_n4_M10, 1512
BH_n4_M10, 17950
BH_n4_M8, 30349
BH_n6_M10, 2096
BH_n4_M10, 21869
BH_n4_M10, 12147
BH_n4_M10, 8389
BH_n4_M10, 19393
SPH_9, 15036
BH_n6_M10, 31116
BH_n6_M10, 29355
BH_n4_M8, 68855
BH_n4_M12, 16196
BH_n6_M10, 24065
BH_n6_M10, 4512
BH_n6_M10, 7430
BH_n4_M10, 3313
BH_n4_M8, 61699
BH_n4_M10, 25840
BH_n2_M10, 14382
BH_n6_M10, 24162
BH_n4_M12, 2581
BH_n4_M10, 20364
BH_n2_M10, 15338
BH_n4_M10, 839
BH_n4_M10, 7240
BH_n6_M10, 22340
BH_n4_M12, 22359
BH_n2_M10, 5917
BH_n4_M10, 14119
BH_n2_M10, 5975
BH_n4_M10, 12113
BH_n4_M10, 9691
BH_n2_M10, 6074
BH_n2_M10, 5573
BH_n2_M10, 25492
BH_n2_M10, 23041
BH_n6_M10, 19450
BH_n4_M10, 12589
BH_n4_M8, 28128
BH_n4_M10, 2962
BH_n4_M8, 69480
BH_n4_M10, 16036
BH_n2_M10, 16714
BH_n4_M10, 29054
BH_n6_M10, 15128
BH_n4_M8, 29064
BH_n6_M10, 7474
BH_n4_M8, 72195
BH_n4_M12, 20081
BH_n4_M12, 5683
BH_n4_M10, 16736
BH_n4_M10, 9325
BH_n6_M10, 14518
BH_n4_M8, 50269
BH_n4_M10, 18250
BH_n4_M10, 4423
BH_n4_M8, 85671
BH_n4_M12, 8121
BH_n2_M10, 14980
BH_n6_M10, 33509
BH_n2_M10, 25845
BH_n4_M12, 15889
BH_n4_M10, 7160
BH_n2_M10, 9623
BH_n6_M10, 32804
BH_n4_M10, 17515
BH_n2_M10, 1132
BH_n2_M10, 22299
BH_n4_M10, 29328
BH_n4_M10, 26921
BH_n6_M10, 8341
BH_n2_M10, 7183
BH_n4_M8, 52823
BH_n4_M10, 11470
BH_n6_M10, 13276
BH_n4_M12, 8065
SPH_9, 10569
BH_n2_M10, 3168
BH_n6_M10, 320
BH_n2_M10, 6256
BH_n6_M10, 3963
BH_n4_M10, 17273
BH_n4_M10, 3174
BH_n4_M8, 37804
SPH_9, 48832
BH_n4_M10, 15485
BH_n6_M10, 1676
BH_n6_M10, 27901
BH_n4_M10, 1330
SPH_9, 78283
SPH_9, 75002
BH_n6_M10, 26972
BH_n4_M8, 10663
BH_n4_M10, 30207
BH_n4_M10, 8943
BH_n4_M10, 13130
BH_n6_M10, 9641
BH_n2_M10, 14550
BH_n2_M10, 20067
BH_n4_M12, 4413
BH_n4_M10, 26195
BH_n4_M8, 4486
BH_n4_M10, 21245
BH_n2_M10, 5714
BH_n4_M10, 29264
BH_n4_M8, 27281
BH_n2_M10, 1643
BH_n2_M10, 11895
BH_n6_M10, 19019
BH_n6_M10, 26851
BH_n4_M12, 22524
BH_n4_M10, 16950
BH_n6_M10, 22091
BH_n4_M10, 5334
BH_n4_M10, 9331
BH_n4_M8, 18272
BH_n4_M10, 15747
BH_n2_M10, 20798
BH_n4_M12, 8795
BH_n4_M10, 11574
BH_n2_M10, 11886
BH_n4_M8, 70188
BH_n4_M8, 40047
BH_n4_M8, 66442
BH_n6_M10, 1340
BH_n2_M10, 17902
BH_n4_M12, 16343
BH_n4_M12, 6639
BH_n4_M8, 24120
BH_n4_M10, 1930
BH_n4_M10, 21892
BH_n4_M10, 718
BH_n4_M8, 3904
BH_n4_M10, 27435
BH_n4_M10, 26026
BH_n4_M10, 21145
BH_n4_M10, 29963
BH_n4_M10, 3421
BH_n4_M8, 2644
BH_n2_M10, 20111
BH_n2_M10, 21642
BH_n4_M8, 53838
BH_n4_M10, 5446
BH_n4_M8, 13215
BH_n4_M10, 10004
BH_n2_M10, 13147
BH_n4_M12, 9689
BH_n4_M10, 5459
BH_n2_M10, 25122
BH_n4_M10, 15060
SPH_9, 27252
BH_n4_M10, 27282
BH_n2_M10, 13267
BH_n6_M10, 2881
BH_n4_M12, 17056
BH_n4_M10, 30561
BH_n4_M8, 77064
BH_n6_M10, 19684
BH_n4_M8, 2533
BH_n2_M10, 19463
BH_n6_M10, 21032
SPH_9, 16216
BH_n6_M10, 4587
BH_n4_M10, 17249
BH_n2_M10, 26480
BH_n4_M10, 3967
BH_n4_M10, 10529
BH_n6_M10, 29199
BH_n6_M10, 28511
BH_n4_M8, 35169
BH_n4_M12, 18282
BH_n4_M10, 16472
BH_n4_M8, 43937
BH_n4_M10, 6207
BH_n4_M8, 61483
BH_n4_M8, 64283
BH_n4_M8, 76452
BH_n2_M10, 11571
BH_n4_M10, 12904
BH_n4_M10, 22087
BH_n6_M10, 19072
BH_n4_M10, 2623
BH_n4_M10, 16855
BH_n6_M10, 2499
BH_n4_M10, 8614
BH_n6_M10, 22460
BH_n6_M10, 25344
BH_n6_M10, 16328
BH_n4_M10, 14326
BH_n4_M10, 10766
BH_n6_M10, 20951
BH_n6_M10, 1674
BH_n4_M10, 11101
BH_n2_M10, 11672
BH_n2_M10, 23473
BH_n6_M10, 24078
BH_n4_M10, 17466
BH_n6_M10, 25266
BH_n4_M10, 23673
BH_n2_M10, 10982
BH_n4_M8, 14950
BH_n4_M12, 1172
BH_n6_M10, 29489
BH_n4_M8, 13141
BH_n6_M10, 11558
BH_n2_M10, 5667
BH_n2_M10, 18993
BH_n4_M10, 22883
BH_n4_M12, 20939
BH_n2_M10, 9733
BH_n6_M10, 31215
BH_n2_M10, 15480
BH_n2_M10, 540
BH_n6_M10, 9888
BH_n6_M10, 4092
BH_n6_M10, 17552
BH_n4_M10, 14892
BH_n4_M10, 16483
BH_n2_M10, 21730
BH_n4_M10, 5705
BH_n4_M12, 17729
BH_n2_M10, 16520
BH_n6_M10, 9052
BH_n4_M10, 12011
BH_n4_M8, 49901
BH_n6_M10, 11966
BH_n6_M10, 23077
BH_n2_M10, 7166
BH_n2_M10, 24530
BH_n2_M10, 8535
BH_n2_M10, 3724
BH_n2_M10, 7967
BH_n2_M10, 25624
BH_n4_M10, 8735
BH_n6_M10, 10396
BH_n6_M10, 13399
BH_n6_M10, 2276
BH_n4_M10, 24801
BH_n4_M10, 8377
BH_n4_M10, 9055
BH_n6_M10, 33833
BH_n4_M10, 11625
BH_n4_M8, 84803
BH_n6_M10, 3016
BH_n2_M10, 16296
BH_n2_M10, 15425
SPH_9, 54455
BH_n4_M12, 17426
BH_n6_M10, 29969
BH_n6_M10, 20323
BH_n4_M10, 13463
BH_n6_M10, 32624
BH_n6_M10, 32394
BH_n6_M10, 17908
BH_n6_M10, 24337
BH_n2_M10, 5136
BH_n6_M10, 33785
BH_n4_M10, 29222
BH_n2_M10, 4459
BH_n6_M10, 4791
BH_n4_M12, 13523
BH_n4_M8, 62258
BH_n4_M8, 14617
BH_n2_M10, 23043
BH_n4_M8, 69570
BH_n4_M10, 12008
BH_n6_M10, 3697
BH_n4_M12, 3450
BH_n4_M10, 8951
BH_n6_M10, 16859
SPH_9, 66844
BH_n2_M10, 20352
BH_n4_M10, 6894
BH_n4_M10, 27074
BH_n4_M10, 27743
BH_n6_M10, 15856
BH_n6_M10, 2152
BH_n4_M10, 6637
BH_n4_M10, 7186
BH_n4_M10, 29375
BH_n4_M10, 28055
BH_n6_M10, 6039
BH_n4_M8, 65259
BH_n6_M10, 10497
SPH_9, 11871
BH_n4_M8, 40122
BH_n2_M10, 23497
BH_n2_M10, 26867
BH_n2_M10, 5388
BH_n4_M10, 5457
BH_n6_M10, 25940
BH_n4_M8, 37786
BH_n4_M10, 6842
BH_n6_M10, 32275
BH_n6_M10, 30865
BH_n6_M10, 14306
BH_n4_M10, 15830
BH_n4_M8, 8388
BH_n4_M12, 4091
BH_n2_M10, 23078
BH_n4_M12, 12754
BH_n4_M12, 15815
BH_n4_M10, 7562
BH_n2_M10, 21724
BH_n4_M12, 22107
BH_n4_M12, 11428
SPH_9, 41589
BH_n2_M10, 5520
BH_n2_M10, 22006
BH_n2_M10, 20971
BH_n6_M10, 5678
BH_n4_M10, 8880
BH_n2_M10, 12248
BH_n4_M10, 11491
BH_n6_M10, 4465
BH_n4_M12, 5742
BH_n2_M10, 9150
BH_n4_M10, 14081
BH_n2_M10, 15566
BH_n6_M10, 2103
BH_n2_M10, 2177
BH_n6_M10, 12439
BH_n2_M10, 22436
BH_n4_M10, 19600
BH_n4_M10, 28639
BH_n4_M10, 6080
BH_n6_M10, 14679
BH_n4_M8, 23072
BH_n2_M10, 25081
BH_n6_M10, 34297
BH_n4_M10, 7281
BH_n2_M10, 17694
BH_n4_M8, 14251
BH_n2_M10, 18388
BH_n4_M12, 1887
BH_n4_M12, 21208
BH_n6_M10, 24987
BH_n4_M12, 14716
BH_n4_M8, 54710
BH_n6_M10, 24071
BH_n4_M10, 10899
BH_n2_M10, 12886
BH_n2_M10, 8011
BH_n4_M8, 50243
BH_n2_M10, 885
BH_n6_M10, 4969
BH_n4_M10, 13613
BH_n6_M10, 19180
BH_n2_M10, 14774
BH_n6_M10, 2523
BH_n6_M10, 16843
BH_n2_M10, 24945
BH_n4_M10, 17101
BH_n6_M10, 6223
BH_n2_M10, 2794
BH_n4_M12, 12605
BH_n2_M10, 14570
BH_n4_M12, 4401
BH_n6_M10, 29472
BH_n2_M10, 23414
BH_n6_M10, 31515
BH_n6_M10, 12824
BH_n2_M10, 17290
BH_n6_M10, 27180
BH_n6_M10, 4957
BH_n6_M10, 3599
BH_n2_M10, 12957
BH_n4_M10, 25367
BH_n4_M10, 14037
BH_n4_M10, 22637
BH_n4_M12, 11687
BH_n4_M12, 13888
BH_n4_M10, 2865
BH_n6_M10, 24595
BH_n6_M10, 24611
BH_n2_M10, 23580
BH_n4_M10, 3711
SPH_9, 22422
BH_n4_M8, 45574
BH_n6_M10, 19665
BH_n4_M10, 27750
BH_n6_M10, 53
BH_n4_M10, 8550
BH_n4_M10, 15791
BH_n4_M10, 18724
BH_n4_M12, 19168
BH_n2_M10, 12706
BH_n4_M12, 9312
BH_n4_M12, 16160
BH_n6_M10, 29143
BH_n2_M10, 9542
BH_n4_M8, 38558
BH_n6_M10, 22524
BH_n2_M10, 4167
BH_n4_M10, 8149
BH_n6_M10, 22092
BH_n2_M10, 9405
BH_n6_M10, 33344
BH_n2_M10, 11577
BH_n4_M8, 83877
BH_n4_M12, 5362
BH_n2_M10, 18903
BH_n2_M10, 4860
BH_n6_M10, 26318
BH_n4_M10, 22776
SPH_9, 44998
BH_n4_M10, 27913
BH_n4_M8, 74956
BH_n4_M10, 19979
BH_n4_M10, 12901
BH_n6_M10, 5474
BH_n4_M10, 10787
BH_n2_M10, 6001
BH_n4_M10, 29270
BH_n4_M10, 12813
BH_n4_M10, 4468
BH_n4_M10, 9128
BH_n2_M10, 24205
BH_n4_M12, 504
BH_n6_M10, 3287
BH_n6_M10, 33124
BH_n2_M10, 22109
BH_n2_M10, 14781
BH_n6_M10, 10734
BH_n2_M10, 23902
BH_n6_M10, 14578
BH_n2_M10, 21839
BH_n6_M10, 30136
BH_n6_M10, 31847
BH_n6_M10, 1787
BH_n6_M10, 20361
BH_n6_M10, 33123
BH_n4_M10, 12886
BH_n4_M10, 21887
BH_n6_M10, 922
BH_n2_M10, 10128
BH_n2_M10, 19278
BH_n4_M12, 15631
BH_n4_M10, 12602
BH_n6_M10, 21218
BH_n4_M10, 16930
BH_n6_M10, 12177
SPH_9, 37598
BH_n6_M10, 27759
BH_n4_M8, 50061
BH_n6_M10, 1726
BH_n2_M10, 15958
BH_n4_M8, 53307
BH_n4_M12, 1321
BH_n2_M10, 9411
BH_n2_M10, 14287
BH_n6_M10, 17415
BH_n4_M12, 21532
BH_n4_M12, 2934
BH_n4_M10, 6086
BH_n4_M10, 4774
BH_n6_M10, 7444
BH_n4_M10, 12773
BH_n4_M8, 42228
BH_n2_M10, 20903
BH_n4_M10, 17337
BH_n4_M10, 5962
BH_n4_M12, 13376
BH_n4_M10, 20020
BH_n2_M10, 23602
BH_n6_M10, 10179
BH_n4_M10, 10129
BH_n2_M10, 13451
BH_n6_M10, 4505
BH_n6_M10, 27738
BH_n4_M10, 20094
BH_n4_M10, 18017
BH_n4_M10, 23053
BH_n2_M10, 18795
BH_n4_M10, 23163
BH_n2_M10, 20778
BH_n6_M10, 15734
BH_n4_M12, 20535
BH_n4_M10, 21595
BH_n2_M10, 20088
BH_n4_M10, 14112
SPH_9, 1952
BH_n4_M8, 35262
BH_n4_M10, 8674
BH_n4_M8, 24744
BH_n4_M12, 21578
BH_n4_M10, 1465
BH_n4_M10, 1963
BH_n2_M10, 11920
BH_n4_M10, 20130
BH_n2_M10, 20043
BH_n4_M8, 75714
BH_n4_M12, 7259
BH_n2_M10, 16469
BH_n2_M10, 24307
BH_n2_M10, 16815
SPH_9, 51983
SPH_9, 8657
BH_n4_M10, 26672
BH_n6_M10, 23887
SPH_9, 72287
BH_n4_M8, 74904
BH_n4_M10, 22310
BH_n6_M10, 9160
BH_n2_M10, 11110
BH_n4_M8, 15447
BH_n4_M12, 22971
BH_n4_M10, 9591
BH_n4_M10, 8966
BH_n6_M10, 26051
BH_n6_M10, 22062
BH_n6_M10, 33003
BH_n4_M10, 1060
BH_n4_M12, 1816
SPH_9, 13485
BH_n2_M10, 11834
BH_n6_M10, 15832
BH_n4_M10, 1593
BH_n4_M8, 44610
BH_n6_M10, 22584
BH_n4_M10, 28855
BH_n2_M10, 24017
SPH_9, 16946
BH_n4_M12, 2085
BH_n6_M10, 24592
BH_n4_M8, 56152
BH_n4_M8, 41673
BH_n4_M10, 6398
BH_n2_M10, 6158
BH_n2_M10, 12120
BH_n2_M10, 4784
BH_n2_M10, 20259
BH_n4_M10, 19318
BH_n6_M10, 28651
BH_n4_M8, 51402
BH_n6_M10, 3702
BH_n4_M10, 2223
BH_n4_M8, 49423
BH_n4_M10, 14720
BH_n2_M10, 419
BH_n6_M10, 24789
SPH_9, 78611
BH_n4_M8, 19932
BH_n4_M8, 76971
BH_n6_M10, 31041
BH_n2_M10, 3251
BH_n4_M8, 78899
BH_n4_M10, 6548
BH_n2_M10, 349
BH_n6_M10, 12528
BH_n4_M8, 58988
SPH_9, 25506
BH_n4_M10, 20103
BH_n4_M10, 4833
BH_n2_M10, 17387
BH_n6_M10, 33496
BH_n2_M10, 8421
BH_n6_M10, 5986
BH_n4_M12, 1149
SPH_9, 81280
BH_n4_M10, 16480
BH_n2_M10, 4870
BH_n4_M10, 2455
BH_n2_M10, 26628
BH_n6_M10, 24058
BH_n2_M10, 18509
BH_n4_M12, 13618
BH_n4_M8, 22121
BH_n4_M12, 8569
BH_n4_M10, 9062
BH_n4_M8, 8034
BH_n4_M10, 2566
BH_n4_M8, 51590
SPH_9, 20420
BH_n4_M10, 24640
BH_n4_M8, 71996
BH_n6_M10, 15515
BH_n4_M8, 24715
BH_n6_M10, 21477
BH_n2_M10, 13851
BH_n6_M10, 29960
SPH_9, 14674
BH_n4_M8, 44633
BH_n6_M10, 33688
BH_n2_M10, 19962
BH_n4_M8, 82105
BH_n4_M10, 17909
BH_n6_M10, 14361
BH_n4_M10, 11650
BH_n6_M10, 7080
BH_n2_M10, 5241
SPH_9, 49622
BH_n6_M10, 14357
BH_n6_M10, 4002
BH_n2_M10, 9681
BH_n6_M10, 13944
BH_n6_M10, 23679
BH_n4_M10, 7288
BH_n4_M12, 13756
BH_n4_M8, 3897
BH_n4_M10, 4145
BH_n2_M10, 12753
BH_n4_M8, 72973
BH_n4_M10, 4499
BH_n4_M8, 42059
SPH_9, 36613
BH_n4_M8, 23934
BH_n4_M10, 17858
BH_n4_M12, 20075
BH_n2_M10, 22360
BH_n2_M10, 17663
BH_n4_M10, 20285
BH_n2_M10, 24813
BH_n6_M10, 18012
BH_n6_M10, 24392
BH_n4_M10, 17189
BH_n2_M10, 25343
BH_n4_M10, 28169
BH_n4_M10, 23564
BH_n4_M10, 2902
BH_n6_M10, 3667
BH_n6_M10, 25987
BH_n4_M10, 12742
BH_n4_M12, 10053
BH_n6_M10, 2911
BH_n4_M10, 16661
BH_n4_M10, 28058
BH_n6_M10, 31008
BH_n6_M10, 22187
BH_n6_M10, 25358
BH_n4_M10, 13114
BH_n6_M10, 10661
BH_n2_M10, 2786
BH_n2_M10, 24158
BH_n4_M8, 48731
BH_n4_M8, 54837
BH_n4_M10, 7652
BH_n6_M10, 26941
BH_n6_M10, 1430
BH_n4_M8, 18088
BH_n2_M10, 3439
BH_n2_M10, 24472
SPH_9, 4162
BH_n6_M10, 9086
BH_n4_M10, 13398
BH_n4_M10, 29011
BH_n4_M12, 2341
BH_n4_M8, 64133
BH_n6_M10, 14404
BH_n2_M10, 15787
BH_n6_M10, 3362
BH_n4_M12, 21838
BH_n6_M10, 28788
BH_n6_M10, 17603
BH_n4_M10, 712
BH_n4_M10, 20604
BH_n4_M10, 22232
BH_n6_M10, 5886
BH_n2_M10, 16489
BH_n6_M10, 5147
BH_n4_M10, 29773
BH_n4_M8, 69466
BH_n6_M10, 16979
SPH_9, 63143
BH_n4_M10, 11086
BH_n4_M12, 4284
BH_n6_M10, 27308
BH_n2_M10, 26248
SPH_9, 2219
BH_n4_M10, 9599
BH_n4_M8, 26901
BH_n4_M10, 13699
SPH_9, 76403
BH_n4_M12, 3781
BH_n2_M10, 14377
BH_n6_M10, 11951
BH_n6_M10, 22916
BH_n6_M10, 8118
BH_n2_M10, 16837
BH_n4_M10, 23121
BH_n4_M12, 8597
BH_n4_M10, 1811
BH_n2_M10, 11720
BH_n4_M8, 50622
BH_n6_M10, 15311
BH_n4_M10, 12082
BH_n2_M10, 11706
BH_n6_M10, 2720
BH_n2_M10, 11613
BH_n4_M10, 10206
SPH_9, 2453
BH_n4_M10, 15746
BH_n4_M12, 10068
BH_n2_M10, 12253
BH_n6_M10, 12632
BH_n6_M10, 12377
SPH_9, 80907
BH_n2_M10, 25126
BH_n4_M12, 21353
BH_n6_M10, 5884
BH_n4_M8, 57668
BH_n4_M8, 61267
BH_n2_M10, 18928
BH_n2_M10, 2960
BH_n6_M10, 19803
BH_n6_M10, 17675
BH_n4_M12, 602
BH_n2_M10, 15991
BH_n6_M10, 19678
BH_n6_M10, 27567
SPH_9, 9961
BH_n4_M8, 3644
BH_n2_M10, 12013
BH_n4_M10, 23153
BH_n2_M10, 17023
BH_n4_M12, 16010
BH_n2_M10, 21846
BH_n4_M12, 9551
BH_n4_M12, 22758
BH_n6_M10, 13651
BH_n6_M10, 12068
BH_n2_M10, 23177
BH_n2_M10, 26849
BH_n4_M10, 21418
BH_n2_M10, 8978
BH_n4_M10, 14822
BH_n2_M10, 24063
BH_n6_M10, 16471
BH_n2_M10, 24125
BH_n4_M8, 30989
BH_n4_M10, 22428
BH_n4_M8, 53371
BH_n4_M12, 18936
BH_n4_M8, 19680
SPH_9, 51518
BH_n2_M10, 18147
BH_n2_M10, 22236
BH_n4_M8, 15055
BH_n6_M10, 8455
BH_n6_M10, 2374
BH_n2_M10, 10955
BH_n4_M10, 6936
SPH_9, 74682
BH_n2_M10, 6501
BH_n2_M10, 2257
BH_n4_M12, 12568
BH_n4_M10, 21859
BH_n6_M10, 20063
SPH_9, 80748
BH_n4_M8, 11682
BH_n4_M10, 5040
BH_n2_M10, 1668
BH_n2_M10, 2703
BH_n2_M10, 13890
BH_n4_M12, 18991
BH_n4_M12, 19673
BH_n4_M8, 21868
BH_n2_M10, 9700
BH_n6_M10, 25418
BH_n4_M10, 9321
BH_n6_M10, 29790
SPH_9, 41323
BH_n2_M10, 123
BH_n4_M10, 1212
BH_n6_M10, 25023
BH_n2_M10, 14366
BH_n4_M12, 563
BH_n4_M10, 1178
BH_n4_M10, 21582
BH_n4_M10, 15995
BH_n4_M10, 2584
BH_n2_M10, 13353
BH_n4_M10, 16413
BH_n4_M10, 12678
BH_n2_M10, 8878
BH_n2_M10, 477
BH_n4_M10, 25421
BH_n2_M10, 6042
BH_n4_M8, 60816
BH_n6_M10, 32632
SPH_9, 20763
BH_n6_M10, 4
BH_n2_M10, 24048
BH_n6_M10, 30047
BH_n4_M12, 2699
BH_n4_M12, 17150
BH_n4_M8, 12535
BH_n4_M12, 12421
BH_n2_M10, 25294
BH_n4_M10, 30607
BH_n4_M10, 5766
BH_n4_M10, 3525
BH_n6_M10, 3030
BH_n4_M10, 1519
BH_n4_M8, 7377
BH_n6_M10, 30430
BH_n2_M10, 4674
BH_n6_M10, 21125
SPH_9, 70224
BH_n4_M10, 29356
BH_n4_M10, 26937
BH_n6_M10, 6189
BH_n4_M8, 6167
BH_n6_M10, 16947
BH_n4_M8, 30030
BH_n6_M10, 25327
BH_n4_M8, 51398
BH_n2_M10, 7376
BH_n2_M10, 13325
BH_n6_M10, 25899
BH_n4_M10, 6252
BH_n4_M10, 2278
BH_n2_M10, 6560
BH_n4_M10, 3693
BH_n4_M10, 15517
BH_n2_M10, 8210
BH_n6_M10, 19870
BH_n4_M12, 20065
BH_n2_M10, 2567
BH_n6_M10, 15900
BH_n4_M8, 3470
BH_n6_M10, 5729
BH_n4_M12, 21219
BH_n6_M10, 7607
BH_n4_M10, 2543
BH_n2_M10, 980
BH_n4_M10, 27298
BH_n4_M10, 19820
BH_n2_M10, 16891
BH_n6_M10, 11152
BH_n4_M10, 6580
BH_n2_M10, 13508
BH_n4_M8, 10740
BH_n6_M10, 30368
BH_n4_M8, 35255
BH_n4_M8, 42844
BH_n4_M8, 79242
BH_n4_M10, 29990
BH_n6_M10, 32864
BH_n4_M12, 2829
BH_n4_M10, 6550
BH_n2_M10, 10172
BH_n4_M12, 12078
BH_n6_M10, 28013
BH_n6_M10, 23806
BH_n6_M10, 23232
BH_n2_M10, 19625
BH_n2_M10, 21957
SPH_9, 69027
BH_n4_M10, 15318
BH_n4_M8, 18427
SPH_9, 1073
BH_n4_M10, 6771
BH_n6_M10, 32103
BH_n4_M8, 3466
BH_n6_M10, 19916
BH_n6_M10, 15538
BH_n4_M8, 30329
BH_n4_M8, 46832
BH_n4_M10, 1879
SPH_9, 61571
BH_n2_M10, 19405
BH_n4_M10, 29424
BH_n4_M12, 16490
BH_n2_M10, 11224
BH_n4_M10, 4356
BH_n4_M10, 16436
BH_n4_M8, 62644
BH_n2_M10, 14169
BH_n4_M12, 15125
BH_n6_M10, 22849
BH_n6_M10, 29942
BH_n4_M8, 53976
BH_n2_M10, 4093
BH_n6_M10, 20881
BH_n4_M12, 13742
BH_n4_M8, 18788
BH_n2_M10, 25714
BH_n4_M12, 10679
BH_n4_M10, 10716
BH_n4_M10, 2758
BH_n4_M10, 28549
BH_n4_M10, 24000
BH_n6_M10, 17418
BH_n6_M10, 17350
BH_n4_M8, 73806
BH_n6_M10, 6749
BH_n4_M10, 9828
BH_n4_M12, 18707
BH_n4_M12, 22213
BH_n2_M10, 18350
BH_n4_M10, 21633
BH_n4_M10, 18027
BH_n4_M8, 42250
BH_n4_M10, 2312
BH_n4_M10, 5135
BH_n6_M10, 30311
BH_n4_M10, 7586
BH_n6_M10, 5674
BH_n4_M10, 10204
BH_n4_M12, 18572
BH_n4_M10, 9439
BH_n4_M10, 12540
BH_n6_M10, 11858
BH_n4_M10, 20662
BH_n2_M10, 7871
BH_n4_M12, 21737
BH_n6_M10, 3297
BH_n6_M10, 9446
BH_n4_M8, 44678
BH_n6_M10, 10739
BH_n4_M10, 1639
BH_n4_M10, 30161
BH_n4_M10, 3074
BH_n2_M10, 23391
BH_n4_M10, 26304
BH_n2_M10, 5417
BH_n2_M10, 23830
BH_n6_M10, 21303
BH_n4_M10, 19938
BH_n4_M10, 6448
BH_n4_M8, 36473
BH_n4_M10, 28167
BH_n6_M10, 24446
BH_n4_M10, 17369
BH_n4_M10, 13713
BH_n4_M12, 15625
BH_n6_M10, 33451
BH_n2_M10, 1014
BH_n2_M10, 20287
BH_n4_M10, 12319
BH_n6_M10, 4256
BH_n4_M12, 9676
BH_n6_M10, 13361
BH_n4_M8, 64164
BH_n4_M12, 21060
BH_n4_M10, 29241
BH_n4_M10, 25728
BH_n4_M12, 3615
BH_n4_M10, 240
BH_n4_M10, 5027
BH_n2_M10, 10497
BH_n4_M10, 4333
BH_n6_M10, 14634
BH_n4_M10, 9344
BH_n6_M10, 19254
BH_n2_M10, 12187
BH_n2_M10, 11681
BH_n4_M8, 11744
BH_n4_M10, 30505
BH_n4_M10, 25929
BH_n4_M8, 6632
BH_n6_M10, 31622
BH_n6_M10, 21798
BH_n2_M10, 6454
BH_n6_M10, 32359
SPH_9, 14311
BH_n4_M8, 80316
BH_n6_M10, 22557
BH_n4_M10, 4487
BH_n4_M12, 4337
BH_n4_M10, 16570
BH_n4_M10, 6160
BH_n2_M10, 16678
BH_n4_M12, 6672
BH_n4_M10, 19708
BH_n4_M10, 26544
BH_n2_M10, 188
BH_n4_M8, 11013
BH_n4_M12, 14883
BH_n4_M10, 18664
BH_n6_M10, 297
BH_n4_M10, 12537
BH_n4_M8, 69453
BH_n4_M12, 6044
BH_n2_M10, 21231
BH_n4_M10, 14091
BH_n6_M10, 3722
BH_n4_M8, 53563
BH_n4_M10, 15575
BH_n2_M10, 13255
BH_n6_M10, 22112
BH_n2_M10, 25759
BH_n4_M10, 16831
BH_n6_M10, 6400
BH_n4_M10, 2087
BH_n2_M10, 6221
BH_n4_M10, 24859
BH_n2_M10, 2235
BH_n4_M10, 24589
BH_n6_M10, 11594
SPH_9, 80185
BH_n4_M8, 76103
BH_n4_M10, 13005
BH_n2_M10, 7873
BH_n4_M10, 4000
BH_n4_M10, 26242
BH_n4_M8, 12379
BH_n6_M10, 9157
BH_n4_M8, 265
BH_n2_M10, 16229
BH_n4_M10, 9191
BH_n4_M8, 16490
BH_n2_M10, 14128
BH_n4_M8, 14508
BH_n4_M12, 7199
BH_n4_M12, 1524
BH_n6_M10, 28678
BH_n6_M10, 8217
BH_n6_M10, 22349
BH_n6_M10, 9386
BH_n4_M10, 4973
BH_n6_M10, 15018
BH_n4_M10, 25809
BH_n4_M10, 19431
BH_n6_M10, 688
BH_n4_M8, 11604
BH_n2_M10, 15195
BH_n4_M10, 10345
BH_n2_M10, 1878
BH_n4_M10, 17091
BH_n2_M10, 4529
BH_n4_M10, 10380
BH_n2_M10, 1233
BH_n4_M10, 127
BH_n6_M10, 11131
BH_n4_M12, 2219
BH_n4_M10, 11644
BH_n4_M8, 1960
BH_n4_M12, 5544
BH_n6_M10, 19528
BH_n2_M10, 1527
BH_n2_M10, 11500
BH_n6_M10, 31679
BH_n4_M8, 11788
BH_n4_M10, 23798
BH_n2_M10, 3794
BH_n2_M10, 12412
BH_n4_M10, 24740
BH_n4_M8, 69799
BH_n4_M10, 13323
BH_n4_M10, 12406
BH_n2_M10, 19648
BH_n4_M10, 26829
BH_n2_M10, 19881
BH_n4_M10, 16836
BH_n4_M10, 10810
BH_n4_M12, 10839
BH_n4_M10, 7428
BH_n6_M10, 8310
BH_n6_M10, 28997
SPH_9, 64598
BH_n4_M10, 3633
BH_n4_M8, 85073
BH_n6_M10, 18803
BH_n2_M10, 122
BH_n4_M10, 6640
BH_n4_M10, 11513
BH_n6_M10, 17143
BH_n4_M10, 24541
BH_n4_M10, 24411
BH_n4_M10, 7515
BH_n4_M12, 21374
BH_n4_M10, 17232
SPH_9, 13222
BH_n6_M10, 4841
BH_n6_M10, 15395
BH_n2_M10, 14215
BH_n4_M8, 22717
SPH_9, 65467
BH_n4_M12, 6105
BH_n2_M10, 25937
BH_n4_M8, 36399
BH_n4_M10, 25224
BH_n4_M8, 81140
BH_n2_M10, 12764
BH_n6_M10, 5983
BH_n4_M10, 3740
BH_n4_M8, 42684
BH_n6_M10, 25476
BH_n4_M12, 16790
BH_n6_M10, 13521
BH_n2_M10, 24997
BH_n4_M10, 660
BH_n4_M10, 24927
BH_n4_M8, 82377
BH_n6_M10, 3734
BH_n6_M10, 5088
BH_n2_M10, 19925
BH_n6_M10, 7014
BH_n4_M10, 4247
BH_n6_M10, 32881
BH_n6_M10, 31250
BH_n2_M10, 4889
BH_n6_M10, 33572
SPH_9, 19942
BH_n2_M10, 13662
BH_n4_M10, 14179
BH_n4_M12, 13226
BH_n4_M10, 25998
BH_n6_M10, 22841
BH_n2_M10, 4943
BH_n4_M12, 2653
BH_n4_M10, 25551
BH_n4_M8, 11874
SPH_9, 16693
BH_n6_M10, 11001
BH_n2_M10, 10926
BH_n6_M10, 26061
BH_n4_M8, 43887
BH_n6_M10, 30564
BH_n4_M10, 6764
BH_n2_M10, 20844
BH_n2_M10, 24745
BH_n4_M8, 73924
BH_n4_M10, 3726
BH_n4_M10, 16455
BH_n4_M10, 9745
BH_n6_M10, 29963
SPH_9, 26976
BH_n6_M10, 21779
BH_n4_M8, 53905
BH_n4_M10, 16615
BH_n2_M10, 9341
BH_n4_M10, 7409
BH_n4_M8, 45849
BH_n6_M10, 32649
BH_n4_M8, 38689
BH_n6_M10, 27958
BH_n6_M10, 4766
BH_n4_M10, 20840
BH_n4_M10, 22172
BH_n2_M10, 12504
BH_n4_M8, 22340
BH_n4_M8, 36395
BH_n2_M10, 6128
BH_n4_M10, 3783
BH_n4_M12, 3545
BH_n6_M10, 25169
BH_n4_M10, 10761
BH_n4_M12, 21479
BH_n6_M10, 15347
BH_n2_M10, 11620
BH_n4_M10, 579
BH_n4_M10, 19837
BH_n4_M10, 23834
BH_n2_M10, 17074
BH_n4_M10, 21704
BH_n6_M10, 12791
BH_n2_M10, 5561
BH_n2_M10, 12916
BH_n6_M10, 19286
BH_n4_M8, 52329
BH_n4_M10, 18278
BH_n6_M10, 11973
BH_n4_M12, 21963
BH_n2_M10, 4868
BH_n6_M10, 22271
BH_n4_M12, 3722
BH_n4_M8, 19636
BH_n4_M12, 3742
BH_n2_M10, 25134
BH_n6_M10, 17757
BH_n4_M10, 410
BH_n4_M10, 18397
BH_n4_M8, 44361
BH_n2_M10, 1092
BH_n4_M8, 7610
BH_n4_M12, 22716
BH_n6_M10, 13309
BH_n6_M10, 8102
BH_n2_M10, 26326
BH_n2_M10, 15302
BH_n6_M10, 7371
BH_n4_M12, 15599
BH_n6_M10, 3802
BH_n4_M10, 20389
BH_n4_M10, 12895
BH_n4_M8, 55346
BH_n4_M10, 9375
BH_n2_M10, 4108
SPH_9, 78100
BH_n4_M12, 13240
BH_n6_M10, 17923
BH_n6_M10, 30292
BH_n2_M10, 18055
BH_n4_M10, 11553
BH_n4_M8, 41543
BH_n4_M10, 10919
BH_n2_M10, 12627
BH_n2_M10, 5490
BH_n6_M10, 24290
BH_n4_M10, 8253
BH_n2_M10, 10127
BH_n6_M10, 29280
BH_n4_M10, 24084
BH_n6_M10, 24110
BH_n6_M10, 26835
BH_n4_M8, 2952
BH_n6_M10, 13938
BH_n4_M10, 8147
BH_n4_M10, 2
BH_n4_M8, 19519
BH_n4_M12, 17461
BH_n4_M10, 11247
BH_n2_M10, 23063
BH_n6_M10, 13150
BH_n2_M10, 5176
BH_n4_M12, 14102
BH_n2_M10, 17128
BH_n6_M10, 32144
BH_n4_M10, 16918
BH_n2_M10, 15294
BH_n6_M10, 1260
BH_n4_M10, 11216
SPH_9, 75227
BH_n4_M12, 21678
BH_n6_M10, 28430
BH_n6_M10, 6910
BH_n6_M10, 1880
BH_n2_M10, 6416
BH_n4_M12, 15565
BH_n4_M10, 29804
BH_n6_M10, 32449
BH_n6_M10, 28391
BH_n4_M10, 19766
BH_n4_M10, 12494
BH_n4_M12, 4783
BH_n4_M12, 4653
BH_n4_M10, 28436
BH_n6_M10, 17592
BH_n2_M10, 25490
BH_n4_M10, 1314
BH_n2_M10, 1163
BH_n2_M10, 5493
BH_n6_M10, 33218
SPH_9, 12339
BH_n4_M10, 4385
BH_n2_M10, 7328
BH_n2_M10, 2348
BH_n4_M10, 19550
BH_n4_M8, 17784
BH_n4_M10, 811
BH_n2_M10, 20687
BH_n4_M8, 81628
BH_n6_M10, 12898
BH_n4_M10, 1158
BH_n4_M10, 11838
BH_n2_M10, 11536
BH_n2_M10, 13811
BH_n4_M10, 15447
BH_n2_M10, 2928
BH_n4_M10, 3130
BH_n4_M10, 9905
BH_n4_M10, 7824
SPH_9, 41120
BH_n4_M10, 5806
BH_n2_M10, 26367
BH_n4_M10, 22676
BH_n6_M10, 15763
BH_n4_M10, 17125
BH_n6_M10, 28055
BH_n6_M10, 451
BH_n4_M12, 3801
BH_n2_M10, 26111
BH_n4_M10, 23381
BH_n4_M10, 28662
BH_n6_M10, 5991
BH_n2_M10, 14796
BH_n6_M10, 4073
BH_n4_M10, 14458
BH_n2_M10, 9977
BH_n6_M10, 2008
BH_n4_M12, 17784
BH_n6_M10, 9822
BH_n6_M10, 18400
BH_n4_M10, 13159
BH_n6_M10, 29793
SPH_9, 72526
BH_n2_M10, 26625
BH_n4_M10, 15057
BH_n6_M10, 11480
BH_n4_M8, 85873
BH_n6_M10, 19556
BH_n4_M12, 17854
BH_n4_M10, 19782
BH_n4_M10, 19099
BH_n6_M10, 26871
BH_n6_M10, 29770
BH_n4_M10, 16826
BH_n6_M10, 9727
BH_n4_M10, 17679
BH_n4_M10, 14262
BH_n2_M10, 1240
BH_n2_M10, 16254
BH_n6_M10, 33352
BH_n6_M10, 24985
BH_n4_M12, 13627
BH_n4_M10, 24686
BH_n6_M10, 31405
BH_n4_M8, 42670
BH_n2_M10, 24226
BH_n4_M10, 20036
BH_n4_M10, 24471
BH_n6_M10, 15005
BH_n4_M10, 7137
BH_n4_M10, 606
BH_n4_M10, 10599
BH_n6_M10, 30709
BH_n2_M10, 19500
BH_n2_M10, 25600
BH_n4_M12, 2657
BH_n4_M10, 1543
BH_n4_M8, 36768
BH_n6_M10, 10525
BH_n4_M10, 28358
BH_n4_M8, 74581
BH_n2_M10, 21654
BH_n2_M10, 10741
BH_n4_M10, 11228
BH_n6_M10, 17848
BH_n4_M12, 7450
BH_n4_M10, 4121
BH_n4_M10, 4663
BH_n4_M10, 22737
BH_n2_M10, 5685
BH_n6_M10, 15786
BH_n4_M12, 3598
BH_n4_M8, 75044
SPH_9, 45300
BH_n4_M12, 6280
BH_n4_M10, 27496
BH_n2_M10, 14688
BH_n4_M12, 19761
BH_n6_M10, 1431
BH_n4_M10, 26143
BH_n6_M10, 20637
BH_n6_M10, 18463
BH_n6_M10, 19579
BH_n4_M10, 23365
BH_n6_M10, 19664
BH_n4_M10, 30116
BH_n4_M10, 5584
BH_n4_M8, 22131
BH_n6_M10, 4945
BH_n6_M10, 16235
BH_n4_M8, 2365
BH_n4_M10, 25060
BH_n6_M10, 10585
BH_n4_M10, 24483
BH_n2_M10, 4693
BH_n4_M10, 4993
BH_n6_M10, 31668
BH_n6_M10, 19130
BH_n4_M10, 1667
BH_n4_M10, 9182
BH_n4_M8, 52947
BH_n6_M10, 27846
BH_n6_M10, 609
BH_n4_M10, 10943
BH_n2_M10, 21566
BH_n6_M10, 2197
BH_n6_M10, 10454
BH_n4_M10, 23347
BH_n2_M10, 2239
BH_n4_M8, 8762
BH_n4_M10, 8100
BH_n4_M12, 21484
BH_n6_M10, 32455
BH_n4_M10, 4626
BH_n4_M8, 19091
BH_n4_M8, 84973
BH_n4_M12, 19666
BH_n2_M10, 1596
BH_n4_M10, 13769
BH_n4_M10, 9183
BH_n6_M10, 32536
BH_n2_M10, 8675
BH_n6_M10, 19823
SPH_9, 39709
BH_n2_M10, 7687
BH_n6_M10, 20393
BH_n4_M12, 1424
BH_n2_M10, 18271
BH_n2_M10, 2423
BH_n4_M8, 86076
SPH_9, 67279
BH_n4_M12, 5154
BH_n4_M12, 19634
BH_n6_M10, 20090
BH_n6_M10, 5817
BH_n4_M10, 23057
BH_n2_M10, 17750
BH_n4_M10, 25485
BH_n2_M10, 2801
BH_n4_M8, 84383
BH_n4_M10, 2809
BH_n4_M8, 59927
BH_n4_M10, 12779
BH_n4_M10, 5383
BH_n4_M10, 30149
BH_n4_M10, 5091
BH_n6_M10, 30022
BH_n4_M10, 5310
BH_n4_M10, 13271
BH_n4_M8, 36506
BH_n6_M10, 7802
BH_n2_M10, 12810
BH_n2_M10, 26587
BH_n4_M10, 21560
BH_n4_M8, 1666
BH_n2_M10, 3475
BH_n6_M10, 8133
BH_n4_M10, 19934
BH_n4_M12, 17927
BH_n4_M8, 22732
BH_n2_M10, 8460
BH_n4_M10, 16309
BH_n6_M10, 30086
BH_n4_M10, 22929
BH_n4_M10, 11888
BH_n4_M12, 2805
SPH_9, 75041
BH_n4_M10, 17287
BH_n4_M8, 57590
BH_n4_M12, 7656
BH_n4_M10, 12850
BH_n4_M12, 2986
BH_n2_M10, 797
BH_n2_M10, 5286
BH_n4_M10, 20883
BH_n4_M12, 22268
BH_n2_M10, 21207
BH_n4_M10, 7984
BH_n2_M10, 8559
BH_n4_M10, 8589
BH_n2_M10, 7717
BH_n4_M8, 37980
BH_n6_M10, 14848
BH_n4_M10, 26860
BH_n4_M12, 22309
BH_n6_M10, 10323
BH_n4_M10, 13957
BH_n4_M12, 5672
BH_n2_M10, 6226
BH_n4_M8, 68510
SPH_9, 23333
BH_n4_M10, 22959
BH_n4_M8, 62340
BH_n2_M10, 9564
BH_n6_M10, 29302
BH_n4_M8, 75624
BH_n4_M12, 5542
BH_n6_M10, 27181
BH_n2_M10, 12488
BH_n4_M12, 12364
BH_n6_M10, 1006
BH_n6_M10, 27359
BH_n4_M10, 11334
BH_n6_M10, 8589
BH_n2_M10, 2449
BH_n6_M10, 523
BH_n6_M10, 25785
BH_n2_M10, 2540
BH_n6_M10, 17873
BH_n4_M10, 23120
BH_n6_M10, 6065
BH_n4_M8, 5676
BH_n4_M10, 24970
BH_n4_M10, 6631
BH_n4_M8, 34985
BH_n4_M10, 26788
BH_n6_M10, 31126
BH_n2_M10, 20338
BH_n2_M10, 17827
BH_n2_M10, 21037
BH_n4_M8, 36937
BH_n4_M12, 1407
BH_n4_M10, 1292
BH_n4_M10, 11089
BH_n6_M10, 33321
BH_n6_M10, 17035
BH_n4_M10, 22816
BH_n6_M10, 14235
BH_n2_M10, 12600
BH_n2_M10, 17019
BH_n6_M10, 1803
BH_n4_M10, 4142
BH_n4_M10, 11612
BH_n2_M10, 20102
BH_n4_M10, 14328
BH_n4_M10, 7676
BH_n4_M12, 8333
BH_n2_M10, 25089
BH_n2_M10, 16937
BH_n2_M10, 9879
BH_n6_M10, 24308
BH_n4_M10, 26077
BH_n4_M10, 15681
BH_n4_M10, 9944
BH_n2_M10, 22478
BH_n4_M10, 22794
BH_n4_M10, 8220
BH_n4_M8, 70368
BH_n6_M10, 5974
SPH_9, 44944
BH_n4_M8, 8096
SPH_9, 7968
BH_n4_M10, 15501
BH_n4_M12, 9157
BH_n4_M10, 29624
BH_n2_M10, 6362
BH_n6_M10, 22136
BH_n6_M10, 6401
BH_n4_M10, 4345
BH_n4_M10, 27427
BH_n2_M10, 4764
BH_n4_M12, 17488
BH_n4_M8, 34251
BH_n4_M10, 30239
BH_n4_M10, 7896
BH_n4_M10, 6984
BH_n4_M8, 71853
BH_n4_M12, 9395
BH_n6_M10, 10855
BH_n4_M10, 24644
BH_n4_M12, 4715
BH_n6_M10, 31070
BH_n4_M10, 20209
BH_n6_M10, 28369
BH_n6_M10, 27657
BH_n4_M8, 9746
BH_n6_M10, 4328
BH_n6_M10, 14433
BH_n4_M10, 10349
BH_n4_M12, 3453
BH_n4_M8, 25336
SPH_9, 77614
SPH_9, 65837
BH_n6_M10, 26819
BH_n4_M8, 7745
BH_n6_M10, 11375
BH_n2_M10, 23001
BH_n6_M10, 33415
BH_n4_M10, 7274
BH_n4_M10, 15691
BH_n6_M10, 34407
BH_n2_M10, 10379
BH_n4_M10, 195
BH_n4_M10, 30591
BH_n4_M8, 10645
BH_n4_M10, 29983
BH_n4_M8, 41985
BH_n2_M10, 21867
BH_n4_M12, 7741
SPH_9, 62375
BH_n2_M10, 24693
BH_n2_M10, 17786
SPH_9, 58982
BH_n4_M10, 11824
BH_n6_M10, 13443
BH_n2_M10, 18333
BH_n2_M10, 15262
BH_n6_M10, 1502
BH_n6_M10, 9248
BH_n6_M10, 7452
BH_n6_M10, 11703
BH_n6_M10, 28939
BH_n6_M10, 4499
BH_n2_M10, 24855
BH_n2_M10, 16105
BH_n4_M8, 5304
BH_n4_M10, 6131
BH_n4_M8, 77754
BH_n4_M10, 13240
BH_n6_M10, 33096
BH_n4_M10, 29712
BH_n4_M10, 13412
BH_n4_M10, 26359
BH_n4_M12, 19584
BH_n6_M10, 3146
BH_n2_M10, 1986
BH_n4_M10, 22095
BH_n4_M10, 2236
BH_n6_M10, 26939
BH_n4_M8, 12397
BH_n4_M8, 50064
BH_n6_M10, 30705
BH_n4_M12, 15067
BH_n2_M10, 6353
BH_n4_M10, 337
BH_n6_M10, 1424
BH_n6_M10, 3524
BH_n4_M10, 28155
BH_n2_M10, 26536
BH_n4_M10, 7111
BH_n4_M10, 23240
BH_n4_M12, 4113
BH_n4_M12, 20022
BH_n2_M10, 9123
BH_n4_M8, 67577
BH_n4_M10, 9295
BH_n4_M10, 2014
BH_n4_M10, 21996
BH_n6_M10, 13659
BH_n4_M8, 40484
BH_n2_M10, 13648
SPH_9, 55076
BH_n6_M10, 32060
BH_n4_M8, 39996
BH_n6_M10, 6703
BH_n6_M10, 6125
BH_n6_M10, 33733
BH_n2_M10, 13705
BH_n2_M10, 11496
BH_n2_M10, 19714
BH_n4_M8, 38134
BH_n6_M10, 29828
BH_n4_M10, 17816
BH_n6_M10, 30806
BH_n6_M10, 11200
BH_n4_M10, 9279
BH_n4_M10, 28004
BH_n2_M10, 5249
BH_n6_M10, 206
BH_n2_M10, 26425
BH_n2_M10, 18646
BH_n2_M10, 7065
BH_n2_M10, 13071
BH_n6_M10, 4350
BH_n6_M10, 12621
BH_n4_M10, 16513
BH_n4_M10, 6646
BH_n2_M10, 4641
BH_n4_M10, 12361
BH_n4_M10, 26315
BH_n4_M8, 32834
BH_n4_M8, 6710
BH_n4_M8, 70021
BH_n2_M10, 2761
BH_n6_M10, 6579
BH_n4_M10, 13102
BH_n6_M10, 3608
BH_n4_M10, 30238
BH_n2_M10, 23136
BH_n6_M10, 7344
BH_n6_M10, 7374
BH_n4_M8, 8429
BH_n2_M10, 26903
BH_n4_M8, 60894
SPH_9, 3022
BH_n4_M10, 18601
BH_n4_M12, 19255
BH_n2_M10, 16578
BH_n2_M10, 7068
BH_n2_M10, 18065
BH_n6_M10, 15740
BH_n2_M10, 15951
BH_n4_M10, 1989
BH_n4_M10, 30071
SPH_9, 21686
SPH_9, 75944
BH_n4_M8, 79209
BH_n2_M10, 14234
BH_n6_M10, 11016
BH_n4_M10, 17837
BH_n6_M10, 3353
BH_n2_M10, 22078
SPH_9, 47651
BH_n2_M10, 21847
BH_n6_M10, 29649
SPH_9, 13352
BH_n4_M10, 23264
BH_n4_M10, 22431
BH_n4_M10, 23817
BH_n4_M10, 24852
BH_n4_M8, 11122
BH_n4_M10, 22640
BH_n4_M10, 24150
BH_n6_M10, 32992
BH_n4_M10, 16087
BH_n4_M10, 25999
BH_n4_M10, 30200
SPH_9, 43510
BH_n2_M10, 23437
BH_n2_M10, 24660
BH_n6_M10, 24236
BH_n2_M10, 12715
BH_n2_M10, 22675
BH_n4_M10, 20113
BH_n6_M10, 2343
BH_n4_M10, 11677
BH_n2_M10, 10721
BH_n4_M8, 66360
BH_n4_M12, 9994
BH_n2_M10, 17431
BH_n4_M10, 5294
BH_n4_M8, 45807
BH_n4_M10, 5850
SPH_9, 78591
BH_n4_M10, 3663
BH_n6_M10, 31741
BH_n2_M10, 22077
BH_n4_M12, 13947
BH_n2_M10, 10397
BH_n4_M12, 19157
BH_n2_M10, 19725
BH_n4_M10, 29333
SPH_9, 54855
BH_n4_M10, 11651
BH_n4_M10, 10392
BH_n6_M10, 3872
SPH_9, 17682
BH_n4_M10, 1384
BH_n6_M10, 34055
BH_n2_M10, 7594
BH_n6_M10, 28739
BH_n4_M8, 43366
BH_n4_M8, 50604
BH_n6_M10, 19946
BH_n4_M10, 15785
BH_n2_M10, 1143
BH_n4_M10, 13369
BH_n4_M10, 27751
BH_n2_M10, 2100
BH_n2_M10, 3352
BH_n6_M10, 6526
BH_n2_M10, 12289
BH_n4_M10, 3277
BH_n4_M10, 15047
BH_n4_M8, 38021
BH_n2_M10, 17681
BH_n4_M8, 22401
BH_n4_M10, 8907
BH_n4_M10, 11501
BH_n4_M10, 25793
BH_n4_M10, 20593
BH_n4_M12, 21871
BH_n6_M10, 30947
BH_n4_M12, 11956
BH_n4_M12, 19956
BH_n6_M10, 29796
BH_n4_M10, 4489
BH_n4_M10, 17800
BH_n4_M8, 68880
BH_n6_M10, 19264
BH_n2_M10, 17352
BH_n6_M10, 14796
BH_n4_M8, 51484
BH_n4_M10, 26509
BH_n4_M10, 15438
BH_n4_M10, 21654
BH_n4_M8, 14385
SPH_9, 52762
BH_n4_M8, 14282
BH_n6_M10, 20880
BH_n2_M10, 16975
BH_n4_M8, 9779
BH_n2_M10, 3446
BH_n4_M8, 44368
BH_n6_M10, 33994
BH_n2_M10, 20366
BH_n6_M10, 996
BH_n6_M10, 28617
BH_n2_M10, 24978
BH_n6_M10, 23596
BH_n2_M10, 1226
BH_n6_M10, 625
BH_n4_M12, 14637
BH_n4_M10, 21826
BH_n6_M10, 30677
BH_n6_M10, 25541
BH_n4_M12, 20483
BH_n4_M10, 14055
BH_n4_M8, 59492
BH_n2_M10, 14549
BH_n2_M10, 3133
BH_n6_M10, 17104
BH_n6_M10, 9151
BH_n4_M8, 45878
BH_n2_M10, 18064
BH_n4_M8, 47708
BH_n4_M10, 8033
BH_n4_M10, 989
BH_n4_M10, 5607
BH_n4_M10, 4627
BH_n4_M12, 9355
BH_n4_M10, 29048
BH_n2_M10, 7612
BH_n6_M10, 24402
BH_n2_M10, 17033
BH_n6_M10, 9815
BH_n4_M8, 44060
SPH_9, 35199
BH_n4_M10, 3939
BH_n6_M10, 10756
BH_n4_M12, 21771
BH_n6_M10, 7652
BH_n2_M10, 6213
BH_n4_M10, 20155
BH_n6_M10, 13585
BH_n2_M10, 8717
BH_n6_M10, 3259
BH_n4_M8, 41693
BH_n6_M10, 2514
BH_n2_M10, 5504
BH_n2_M10, 2926
BH_n4_M10, 7590
BH_n4_M10, 15536
BH_n4_M8, 49949
BH_n2_M10, 10443
BH_n2_M10, 4788
BH_n4_M10, 27782
BH_n6_M10, 19922
SPH_9, 52621
BH_n2_M10, 5618
BH_n4_M10, 9332
BH_n2_M10, 20516
SPH_9, 55687
BH_n6_M10, 19867
BH_n4_M12, 5908
BH_n4_M8, 67798
BH_n4_M12, 21576
BH_n4_M12, 14347
BH_n6_M10, 32653
BH_n6_M10, 32205
BH_n6_M10, 18491
BH_n4_M12, 1696
BH_n2_M10, 7317
BH_n4_M10, 21613
BH_n4_M10, 29622
BH_n2_M10, 17740
BH_n4_M10, 9821
BH_n4_M10, 10571
BH_n4_M8, 3810
BH_n4_M8, 33400
BH_n4_M12, 8818
BH_n2_M10, 13398
BH_n4_M12, 5712
BH_n2_M10, 717
BH_n2_M10, 6992
BH_n4_M10, 26627
BH_n4_M12, 4614
BH_n4_M8, 82907
BH_n4_M10, 13913
BH_n2_M10, 18456
SPH_9, 24216
BH_n4_M10, 29852
SPH_9, 22834
BH_n4_M8, 86663
BH_n6_M10, 6254
BH_n6_M10, 16361
BH_n2_M10, 21008
BH_n4_M8, 34042
BH_n6_M10, 13392
BH_n4_M12, 5578
BH_n4_M8, 58143
BH_n6_M10, 3440
BH_n6_M10, 31943
BH_n2_M10, 4453
BH_n4_M10, 13565
BH_n6_M10, 2265
BH_n6_M10, 20682
SPH_9, 79193
BH_n4_M10, 16704
BH_n4_M8, 85575
BH_n4_M10, 28514
BH_n6_M10, 5825
BH_n4_M10, 27012
BH_n6_M10, 7936
BH_n6_M10, 24479
BH_n2_M10, 664
BH_n4_M10, 17136
BH_n2_M10, 17641
BH_n2_M10, 5317
BH_n2_M10, 24729
BH_n2_M10, 25676
BH_n6_M10, 29120
BH_n4_M10, 28748
BH_n2_M10, 17064
BH_n6_M10, 7492
BH_n4_M10, 24517
BH_n4_M8, 69946
SPH_9, 13480
BH_n2_M10, 16755
BH_n4_M10, 3986
BH_n4_M8, 70608
BH_n4_M8, 83452
BH_n2_M10, 25690
BH_n6_M10, 32857
BH_n6_M10, 29175
BH_n2_M10, 2989
BH_n2_M10, 17645
BH_n4_M12, 21591
BH_n6_M10, 3179
BH_n4_M10, 7484
BH_n6_M10, 13170
BH_n2_M10, 26056
BH_n2_M10, 14441
BH_n6_M10, 31005
BH_n2_M10, 18387
BH_n6_M10, 16706
BH_n4_M8, 49001
BH_n6_M10, 7520
BH_n2_M10, 9583
BH_n4_M10, 30637
BH_n4_M10, 24959
BH_n2_M10, 12784
BH_n4_M10, 13543
SPH_9, 15799
BH_n2_M10, 21580
BH_n2_M10, 3991
BH_n2_M10, 8569
BH_n4_M12, 13659
BH_n6_M10, 34137
BH_n4_M8, 33132
BH_n4_M8, 72667
BH_n4_M10, 27415
BH_n6_M10, 3496
BH_n4_M8, 76067
BH_n4_M10, 17375
BH_n2_M10, 24579
BH_n4_M8, 78452
BH_n4_M10, 27319
BH_n2_M10, 4892
BH_n4_M10, 20310
BH_n4_M10, 4310
BH_n6_M10, 31382
BH_n4_M10, 8701
BH_n4_M12, 5345
BH_n6_M10, 26493
BH_n6_M10, 23513
BH_n2_M10, 18170
SPH_9, 16280
BH_n6_M10, 9263
SPH_9, 71328
BH_n6_M10, 13784
BH_n4_M8, 85810
BH_n6_M10, 33037
BH_n6_M10, 3826
BH_n2_M10, 22504
BH_n2_M10, 7690
BH_n2_M10, 16101
BH_n4_M12, 18394
BH_n4_M10, 25595
BH_n4_M10, 9100
BH_n4_M10, 21102
BH_n6_M10, 22872
BH_n6_M10, 29036
BH_n6_M10, 3596
BH_n4_M10, 17547
BH_n4_M10, 14551
BH_n2_M10, 16708
BH_n6_M10, 18758
BH_n2_M10, 14271
BH_n4_M10, 19800
SPH_9, 24732
BH_n4_M10, 26874
BH_n4_M8, 47812
BH_n2_M10, 14067
BH_n4_M8, 51521
BH_n4_M12, 4395
BH_n4_M8, 73238
BH_n4_M12, 4939
BH_n4_M8, 41256
BH_n2_M10, 697
BH_n2_M10, 10078
BH_n6_M10, 31988
BH_n4_M8, 76676
SPH_9, 55311
BH_n4_M10, 26842
BH_n4_M8, 15743
BH_n4_M10, 14143
SPH_9, 15969
BH_n6_M10, 13577
BH_n6_M10, 27839
BH_n4_M10, 5739
BH_n4_M8, 52310
BH_n2_M10, 14786
